2026-02-01 19:36:16,925 [ERROR] APIConnect.APIConnect: Error occurred while parsing provided configuaration file: [Errno 2] No such file or directory: 'ini_path'
Traceback (most recent call last):
  File "C:\Users\peehu\AppData\Local\Programs\Python\Python312\Lib\site-packages\APIConnect\APIConnect.py", line 82, in __init__
    raise FileNotFoundError(
FileNotFoundError: [Errno 2] No such file or directory: 'ini_path'
2026-02-01 19:36:44,247 [ERROR] APIConnect.APIConnect: Error occurred while parsing provided configuaration file: [Errno 2] No such file or directory: 'ini_path'
Traceback (most recent call last):
  File "C:\Users\peehu\AppData\Local\Programs\Python\Python312\Lib\site-packages\APIConnect\APIConnect.py", line 82, in __init__
    raise FileNotFoundError(
FileNotFoundError: [Errno 2] No such file or directory: 'ini_path'
2026-02-01 19:37:31,019 [INFO] APIConnect.APIConnect: Logger initiated with default values.
2026-02-01 19:37:31,020 [INFO] constants.router: Router object is being created.
2026-02-01 19:37:31,020 [INFO] APIConnect.http: Http object is being created.
2026-02-01 19:37:31,021 [INFO] APIConnect.login_helper: LoginHelper object is being created.
2026-02-01 19:37:31,027 [DEBUG] urllib3.connectionpool: Starting new HTTPS connection (1): nc.nuvamawealth.com:443
2026-02-01 19:37:31,463 [DEBUG] urllib3.connectionpool: https://nc.nuvamawealth.com:443 "POST /edelmw-login/login/accounts/loginvendor/apiKey/ HTTP/1.1" 401 150
2026-02-01 19:37:31,464 [DEBUG] APIConnect.http: Error response: {"config":{},"error":{"actCd":"52","errCd":"EGN0009","errMsg":"Invalid API Key"},"msgID":"71ae19c9-78b5-456d-bd88-f97291a2b7be","srvTm":1769954853061}
2026-02-01 19:37:31,464 [INFO] APIConnect.login_helper: User unable to login.
2026-02-01 19:37:31,465 [DEBUG] APIConnect.login_helper: User unable to login.
2026-02-01 20:49:56,991 [ERROR] APIConnect.APIConnect: Error occurred while parsing provided configuaration file: [Errno 2] No such file or directory: 'ini_path'
Traceback (most recent call last):
  File "C:\Users\peehu\AppData\Local\Programs\Python\Python312\Lib\site-packages\APIConnect\APIConnect.py", line 82, in __init__
    raise FileNotFoundError(
FileNotFoundError: [Errno 2] No such file or directory: 'ini_path'
2026-02-01 20:52:07,679 [ERROR] APIConnect.APIConnect: Error occurred while parsing provided configuaration file: [Errno 2] No such file or directory: 'backend/config/nuvama.ini'
Traceback (most recent call last):
  File "C:\Users\peehu\AppData\Local\Programs\Python\Python312\Lib\site-packages\APIConnect\APIConnect.py", line 82, in __init__
    raise FileNotFoundError(
FileNotFoundError: [Errno 2] No such file or directory: 'backend/config/nuvama.ini'
2026-02-01 20:53:18,699 [INFO] APIConnect.APIConnect: Logger initiated with default values.
2026-02-01 20:53:18,699 [INFO] constants.router: Router object is being created.
2026-02-01 20:53:18,699 [INFO] APIConnect.http: Http object is being created.
2026-02-01 20:53:18,699 [INFO] APIConnect.login_helper: LoginHelper object is being created.
2026-02-01 20:53:18,703 [DEBUG] urllib3.connectionpool: Starting new HTTPS connection (1): nc.nuvamawealth.com:443
2026-02-01 20:53:19,165 [DEBUG] urllib3.connectionpool: https://nc.nuvamawealth.com:443 "POST /edelmw-login/login/accounts/loginvendor/CqaYbN86EaiTyA/ HTTP/1.1" 200 None
2026-02-01 20:53:19,167 [INFO] APIConnect.login_helper: User logged in successfully.
2026-02-01 20:53:19,167 [INFO] APIConnect.login_helper: Vendor session generated.
2026-02-01 20:53:19,227 [DEBUG] urllib3.connectionpool: https://nc.nuvamawealth.com:443 "POST /edelmw-login/login/accounts/logindata/ HTTP/1.1" 222 196
2026-02-01 20:53:19,228 [DEBUG] APIConnect.http: Error response: {"appID":"41da4012486b1acb3578c60f7f4e248a","config":{},"error":{"actCd":"54","errCd":"ETRD0009","errMsg":"No data available"},"msgID":"56bea0a2-11e5-4242-a779-442c572aec4e","srvTm":1769959401019}
2026-02-01 20:53:19,228 [DEBUG] APIConnect.login_helper: Login request id has expired. Need to regenerate.
2026-02-02 18:57:43,108 [INFO] APIConnect.APIConnect: Logger initiated with default values.
2026-02-02 18:57:43,109 [INFO] constants.router: Router object is being created.
2026-02-02 18:57:43,109 [INFO] APIConnect.http: Http object is being created.
2026-02-02 18:57:43,109 [INFO] APIConnect.login_helper: LoginHelper object is being created.
2026-02-02 18:57:43,116 [DEBUG] urllib3.connectionpool: Starting new HTTPS connection (1): nc.nuvamawealth.com:443
2026-02-02 18:57:44,530 [DEBUG] urllib3.connectionpool: https://nc.nuvamawealth.com:443 "POST /edelmw-login/login/accounts/loginvendor/CqaYbN86EaiTyA/ HTTP/1.1" 200 None
2026-02-02 18:57:44,532 [INFO] APIConnect.login_helper: User logged in successfully.
2026-02-02 18:57:44,532 [INFO] APIConnect.login_helper: Vendor session generated.
2026-02-02 18:57:44,865 [DEBUG] urllib3.connectionpool: https://nc.nuvamawealth.com:443 "POST /edelmw-login/login/accounts/logindata/ HTTP/1.1" 200 None
2026-02-02 18:57:44,870 [DEBUG] APIConnect.login_helper: Login details are pickled in file.
2026-02-02 18:57:44,870 [INFO] APIConnect.login_helper: Authorization done succesfully.
2026-02-02 18:57:45,191 [INFO] feed.feed: Connection established with subscriber.
2026-02-02 18:57:47,524 [INFO] APIConnect.login_helper: Downloaded instruments.zip
2026-02-02 18:57:48,871 [INFO] APIConnect.login_helper: Downloaded mfInstruments.zip
2026-02-02 18:57:49,112 [INFO] APIConnect.login_helper: Extracted instruments.csv
2026-02-02 18:57:51,031 [INFO] APIConnect.login_helper: Loaded instruments.csv
2026-02-02 18:57:51,069 [INFO] APIConnect.login_helper: Extracted mfInstruments.csv
2026-02-02 18:57:51,177 [INFO] APIConnect.login_helper: Loaded mfInstruments.csv
2026-02-02 18:57:51,297 [INFO] APIConnect.APIConnect: OrderBook method is called.
2026-02-02 18:57:51,297 [DEBUG] APIConnect.APIConnect: OrderBook method is called for 'COMEQ' account type
2026-02-02 18:57:51,297 [DEBUG] APIConnect.http: Request to url: https://nc.nuvamawealth.com/edelmw-eq/eq/order/book/80218397/v1/
2026-02-02 18:57:52,059 [DEBUG] urllib3.connectionpool: https://nc.nuvamawealth.com:443 "GET /edelmw-eq/eq/order/book/80218397/v1/ HTTP/1.1" 200 None
2026-02-02 18:57:52,060 [DEBUG] APIConnect.APIConnect: Response for eq: {'appID': '41da4012486b1acb3578c60f7f4e248a', 'config': {'app': 1, 'exp': 1769990426406, 'info': 4}, 'data': {'type': 'orderBookResponse', 'ord': [{'stkPrc': '79300', 'dur': 'EOS', 'vlDt': 'NA', 'rcvTim': '15:27:50', 'rcvEpTim': '02/02/2026 15:27:50', 'sym': '823382_BFO', 'cpName': '', 'exit': 'false', 'syomID': '', 'exc': 'BFO', 'ntQty': '20', 'dpName': 'SENSEX', 'cancel': 'false', 'sipID': 'N', 'nstReqID': '1', 'ordTyp': 'LIMIT', 'opTyp': 'PE', 'trsTyp': 'SELL', 'srs': 'XX', 'prdCode': 'NRML', 'prdDp': 'NRML', 'ogt': '--', 'flQty': '20', 'trdSym': 'SENSEX2620579300PE', 'edit': 'false', 'asTyp': 'OPTIDX', 'trgPrc': '0.00', 'avgPrc': '48.00', 'dsQty': '0', 'ordID': '260202000250634', 'sts': 'complete', 'dpInsTyp': '', 'rjRsn': '', 'userID': '80218397', 'dpExpDt': "05 FEB'26", 'ltSz': '20', 'tkSz': '0.05', 'desc': '20 Sold @ &#8377 48.00', 'prc': '48.00', 'exONo': '1770025508636672221', 'exp': '05Feb2026', 'rcvDt': '02/02/2026', 'pdQty': '0', 'userCmnt': 'NA', 'rmk': 'NA', 'boSeqId': '', 'epochTim': '1770026270408165', 'ordTim': '02/02/2026 15:27:50', 'trgId': '', 'dpVal': 'SENSEX', 'ltp': '47.40', 'bsktOrdId': '', 'bsktEpch': '', 'sipNo': 'NA', 'chg': '-166.50', 'chgP': '-77.84', 'lqdRsn': ''}, {'stkPrc': '78500', 'dur': 'EOS', 'vlDt': 'NA', 'rcvTim': '15:26:16', 'rcvEpTim': '02/02/2026 15:26:16', 'sym': '823097_BFO', 'cpName': '', 'exit': 'false', 'syomID': '', 'exc': 'BFO', 'ntQty': '20', 'dpName': 'SENSEX', 'cancel': 'false', 'sipID': 'N', 'nstReqID': '3', 'ordTyp': 'LIMIT', 'opTyp': 'PE', 'trsTyp': 'BUY', 'srs': 'XX', 'prdCode': 'NRML', 'prdDp': 'NRML', 'ogt': '--', 'flQty': '20', 'trdSym': 'SENSEX2620578500PE', 'edit': 'false', 'asTyp': 'OPTIDX', 'trgPrc': '0.00', 'avgPrc': '26.50', 'dsQty': '0', 'ordID': '260202000244921', 'sts': 'complete', 'dpInsTyp': '', 'rjRsn': '', 'userID': '80218397', 'dpExpDt': "05 FEB'26", 'ltSz': '20', 'tkSz': '0.05', 'desc': '20 Bought @ &#8377 26.50', 'prc': '26.50', 'exONo': '1770024929339505968', 'exp': '05Feb2026', 'rcvDt': '02/02/2026', 'pdQty': '0', 'userCmnt': 'NA', 'rmk': 'NA', 'boSeqId': '', 'epochTim': '1770026176673223', 'ordTim': '02/02/2026 15:26:16', 'trgId': '', 'dpVal': 'SENSEX', 'ltp': '26.10', 'bsktOrdId': '', 'bsktEpch': '', 'sipNo': 'NA', 'chg': '-91.65', 'chgP': '-77.83', 'lqdRsn': ''}, {'stkPrc': '79300', 'dur': 'EOS', 'vlDt': 'NA', 'rcvTim': '15:25:01', 'rcvEpTim': '02/02/2026 15:25:01', 'sym': '823382_BFO', 'cpName': '', 'exit': 'false', 'syomID': '', 'exc': 'BFO', 'ntQty': '60', 'dpName': 'SENSEX', 'cancel': 'false', 'sipID': 'N', 'nstReqID': '1', 'ordTyp': 'LIMIT', 'opTyp': 'PE', 'trsTyp': 'SELL', 'srs': 'XX', 'prdCode': 'NRML', 'prdDp': 'NRML', 'ogt': '--', 'flQty': '60', 'trdSym': 'SENSEX2620579300PE', 'edit': 'false', 'asTyp': 'OPTIDX', 'trgPrc': '0.00', 'avgPrc': '48.00', 'dsQty': '0', 'ordID': '260202000249429', 'sts': 'complete', 'dpInsTyp': '', 'rjRsn': '', 'userID': '80218397', 'dpExpDt': "05 FEB'26", 'ltSz': '20', 'tkSz': '0.05', 'desc': '60 Sold @ &#8377 48.00', 'prc': '48.00', 'exONo': '1770025508636660259', 'exp': '05Feb2026', 'rcvDt': '02/02/2026', 'pdQty': '0', 'userCmnt': 'NA', 'rmk': 'NA', 'boSeqId': '', 'epochTim': '1770026101781690', 'ordTim': '02/02/2026 15:25:01', 'trgId': '', 'dpVal': 'SENSEX', 'ltp': '47.40', 'bsktOrdId': '', 'bsktEpch': '', 'sipNo': 'NA', 'chg': '-166.50', 'chgP': '-77.84', 'lqdRsn': ''}, {'stkPrc': '79000', 'dur': 'EOS', 'vlDt': 'NA', 'rcvTim': '15:24:00', 'rcvEpTim': '02/02/2026 15:24:00', 'sym': '823177_BFO', 'cpName': '', 'exit': 'false', 'syomID': '', 'exc': 'BFO', 'ntQty': '60', 'dpName': 'SENSEX', 'cancel': 'false', 'sipID': 'N', 'nstReqID': '2', 'ordTyp': 'LIMIT', 'opTyp': 'PE', 'trsTyp': 'BUY', 'srs': 'XX', 'prdCode': 'NRML', 'prdDp': 'NRML', 'ogt': '--', 'flQty': '60', 'trdSym': 'SENSEX2620579000PE', 'edit': 'false', 'asTyp': 'OPTIDX', 'trgPrc': '0.00', 'avgPrc': '36.00', 'dsQty': '0', 'ordID': '260202000245047', 'sts': 'complete', 'dpInsTyp': '', 'rjRsn': '', 'userID': '80218397', 'dpExpDt': "05 FEB'26", 'ltSz': '20', 'tkSz': '0.05', 'desc': '60 Bought @ &#8377 36.00', 'prc': '36.00', 'exONo': '1770025159742772124', 'exp': '05Feb2026', 'rcvDt': '02/02/2026', 'pdQty': '0', 'userCmnt': 'NA', 'rmk': 'NA', 'boSeqId': '', 'epochTim': '1770026040299672', 'ordTim': '02/02/2026 15:24:00', 'trgId': '', 'dpVal': 'SENSEX', 'ltp': '37.15', 'bsktOrdId': '', 'bsktEpch': '', 'sipNo': 'NA', 'chg': '-131.55', 'chgP': '-77.98', 'lqdRsn': ''}, {'stkPrc': '78500', 'dur': 'EOS', 'vlDt': 'NA', 'rcvTim': '13:18:27', 'rcvEpTim': '02/02/2026 13:18:27', 'sym': '823097_BFO', 'cpName': '', 'exit': 'false', 'syomID': '', 'exc': 'BFO', 'ntQty': '20', 'dpName': 'SENSEX', 'cancel': 'false', 'sipID': 'N', 'nstReqID': '1', 'ordTyp': 'LIMIT', 'opTyp': 'PE', 'trsTyp': 'SELL', 'srs': 'XX', 'prdCode': 'NRML', 'prdDp': 'NRML', 'ogt': '--', 'flQty': '20', 'trdSym': 'SENSEX2620578500PE', 'edit': 'false', 'asTyp': 'OPTIDX', 'trgPrc': '0.00', 'avgPrc': '52.00', 'dsQty': '0', 'ordID': '260202000170446', 'sts': 'complete', 'dpInsTyp': '', 'rjRsn': '', 'userID': '80218397', 'dpExpDt': "05 FEB'26", 'ltSz': '20', 'tkSz': '0.05', 'desc': '20 Sold @ &#8377 52.00', 'prc': '52.00', 'exONo': '1770017337650247898', 'exp': '05Feb2026', 'rcvDt': '02/02/2026', 'pdQty': '0', 'userCmnt': 'NA', 'rmk': 'NA', 'boSeqId': '', 'epochTim': '1770018507614291', 'ordTim': '02/02/2026 13:18:27', 'trgId': '', 'dpVal': 'SENSEX', 'ltp': '26.10', 'bsktOrdId': '', 'bsktEpch': '', 'sipNo': 'NA', 'chg': '-91.65', 'chgP': '-77.83', 'lqdRsn': ''}, {'stkPrc': '78000', 'dur': 'EOS', 'vlDt': 'NA', 'rcvTim': '13:02:57', 'rcvEpTim': '02/02/2026 13:02:57', 'sym': '823153_BFO', 'cpName': '', 'exit': 'false', 'syomID': '', 'exc': 'BFO', 'ntQty': '20', 'dpName': 'SENSEX', 'cancel': 'false', 'sipID': 'N', 'nstReqID': '1', 'ordTyp': 'LIMIT', 'opTyp': 'PE', 'trsTyp': 'BUY', 'srs': 'XX', 'prdCode': 'NRML', 'prdDp': 'NRML', 'ogt': '--', 'flQty': '20', 'trdSym': 'SENSEX2620578000PE', 'edit': 'false', 'asTyp': 'OPTIDX', 'trgPrc': '0.00', 'avgPrc': '35.00', 'dsQty': '0', 'ordID': '260202000170137', 'sts': 'complete', 'dpInsTyp': '', 'rjRsn': '', 'userID': '80218397', 'dpExpDt': "05 FEB'26", 'ltSz': '20', 'tkSz': '0.05', 'desc': '20 Bought @ &#8377 35.00', 'prc': '35.00', 'exONo': '1770017220829570990', 'exp': '05Feb2026', 'rcvDt': '02/02/2026', 'pdQty': '0', 'userCmnt': 'NA', 'rmk': 'NA', 'boSeqId': '', 'epochTim': '1770017577788394', 'ordTim': '02/02/2026 13:02:57', 'trgId': '', 'dpVal': 'SENSEX', 'ltp': '20.65', 'bsktOrdId': '', 'bsktEpch': '', 'sipNo': 'NA', 'chg': '-62.15', 'chgP': '-75.06', 'lqdRsn': ''}, {'stkPrc': '83300', 'dur': 'EOS', 'vlDt': 'NA', 'rcvTim': '11:39:27', 'rcvEpTim': '02/02/2026 11:39:27', 'sym': '823275_BFO', 'cpName': '', 'exit': 'false', 'syomID': '', 'exc': 'BFO', 'ntQty': '80', 'dpName': 'SENSEX', 'cancel': 'false', 'sipID': 'N', 'nstReqID': '2', 'ordTyp': 'LIMIT', 'opTyp': 'CE', 'trsTyp': 'SELL', 'srs': 'XX', 'prdCode': 'NRML', 'prdDp': 'NRML', 'ogt': '--', 'flQty': '80', 'trdSym': 'SENSEX2620583300CE', 'edit': 'false', 'asTyp': 'OPTIDX', 'trgPrc': '0.00', 'avgPrc': '42.00', 'dsQty': '0', 'ordID': '260202000130222', 'sts': 'complete', 'dpInsTyp': '', 'rjRsn': '', 'userID': '80218397', 'dpExpDt': "05 FEB'26", 'ltSz': '20', 'tkSz': '0.05', 'desc': '80 Sold @ &#8377 42.00', 'prc': '42.00', 'exONo': '1770012373863384810', 'exp': '05Feb2026', 'rcvDt': '02/02/2026', 'pdQty': '0', 'userCmnt': 'NA', 'rmk': 'NA', 'boSeqId': '', 'epochTim': '1770012567874666', 'ordTim': '02/02/2026 11:39:27', 'trgId': '', 'dpVal': 'SENSEX', 'ltp': '59.20', 'bsktOrdId': '', 'bsktEpch': '', 'sipNo': 'NA', 'chg': '-29.35', 'chgP': '-33.15', 'lqdRsn': ''}, {'stkPrc': '83900', 'dur': 'EOS', 'vlDt': 'NA', 'rcvTim': '11:38:54', 'rcvEpTim': '02/02/2026 11:38:54', 'sym': '823376_BFO', 'cpName': '', 'exit': 'false', 'syomID': '', 'exc': 'BFO', 'ntQty': '60', 'dpName': 'SENSEX', 'cancel': 'false', 'sipID': 'N', 'nstReqID': '1', 'ordTyp': 'LIMIT', 'opTyp': 'CE', 'trsTyp': 'SELL', 'srs': 'XX', 'prdCode': 'NRML', 'prdDp': 'NRML', 'ogt': '--', 'flQty': '0', 'trdSym': 'SENSEX2620583900CE', 'edit': 'false', 'asTyp': 'OPTIDX', 'trgPrc': '0.00', 'avgPrc': '0.00', 'dsQty': '0', 'ordID': '260202000053702', 'sts': 'cancelled', 'dpInsTyp': '', 'rjRsn': '', 'userID': '80218397', 'dpExpDt': "05 FEB'26", 'ltSz': '20', 'tkSz': '0.05', 'desc': 'Sell 60 Qty @ &#8377 52.00', 'prc': '52.00', 'exONo': '1770005606930691711', 'exp': '05Feb2026', 'rcvDt': '02/02/2026', 'pdQty': '0', 'userCmnt': 'NA', 'rmk': 'NA', 'boSeqId': '', 'epochTim': '1770012534937599', 'ordTim': '02/02/2026 11:38:54', 'trgId': '', 'dpVal': 'SENSEX', 'ltp': '28.00', 'bsktOrdId': '', 'bsktEpch': '', 'sipNo': 'NA', 'chg': '-25.95', 'chgP': '-48.10', 'lqdRsn': ''}, {'stkPrc': '84500', 'dur': 'EOS', 'vlDt': 'NA', 'rcvTim': '09:49:39', 'rcvEpTim': '02/02/2026 09:49:39', 'sym': '823092_BFO', 'cpName': '', 'exit': 'false', 'syomID': '', 'exc': 'BFO', 'ntQty': '60', 'dpName': 'SENSEX', 'cancel': 'false', 'sipID': 'N', 'nstReqID': '1', 'ordTyp': 'LIMIT', 'opTyp': 'CE', 'trsTyp': 'BUY', 'srs': 'XX', 'prdCode': 'NRML', 'prdDp': 'NRML', 'ogt': '--', 'flQty': '60', 'trdSym': 'SENSEX2620584500CE', 'edit': 'false', 'asTyp': 'OPTIDX', 'trgPrc': '0.00', 'avgPrc': '29.30', 'dsQty': '0', 'ordID': '260202000051945', 'sts': 'complete', 'dpInsTyp': '', 'rjRsn': '', 'userID': '80218397', 'dpExpDt': "05 FEB'26", 'ltSz': '20', 'tkSz': '0.05', 'desc': '60 Bought @ &#8377 29.30', 'prc': '29.30', 'exONo': '1770005828568105239', 'exp': '05Feb2026', 'rcvDt': '02/02/2026', 'pdQty': '0', 'userCmnt': 'NA', 'rmk': 'NA', 'boSeqId': '', 'epochTim': '1770005979790795', 'ordTim': '02/02/2026 09:49:39', 'trgId': '', 'dpVal': 'SENSEX', 'ltp': '15.15', 'bsktOrdId': '', 'bsktEpch': '', 'sipNo': 'NA', 'chg': '-20.30', 'chgP': '-57.26', 'lqdRsn': ''}]}, 'msgID': '5a2b9a4c-5c08-4abf-8fbf-de1e2d73147a', 'srvTm': 1770038874954}
2026-02-02 18:57:52,061 [DEBUG] APIConnect.http: Request to url: https://nc.nuvamawealth.com/edelmw-comm/comm/orderbook/80218397?rTyp=COMFNO/
2026-02-02 18:57:52,682 [DEBUG] urllib3.connectionpool: https://nc.nuvamawealth.com:443 "GET /edelmw-comm/comm/orderbook/80218397?rTyp=COMFNO/ HTTP/1.1" 500 221
2026-02-02 18:57:52,683 [DEBUG] APIConnect.http: Error response: {"appID":"41da4012486b1acb3578c60f7f4e248a","config":{},"error":{"actCd":"50","errCd":"EGN0001","errMsg":"Something went wrong please try again later"},"msgID":"af78cfb0-e4f7-4a98-a64a-afb90ac66a6a","srvTm":1770038875607}
2026-02-02 18:57:52,684 [DEBUG] APIConnect.APIConnect: Response for comm: 
2026-02-02 19:11:25,230 [INFO] APIConnect.APIConnect: Logger initiated with default values.
2026-02-02 19:11:25,231 [INFO] constants.router: Router object is being created.
2026-02-02 19:11:25,231 [INFO] APIConnect.http: Http object is being created.
2026-02-02 19:11:25,232 [INFO] APIConnect.login_helper: LoginHelper object is being created.
2026-02-02 19:11:25,232 [INFO] APIConnect.APIConnect: User data file found, loading data.
2026-02-02 19:11:25,546 [INFO] feed.feed: Connection established with subscriber.
2026-02-02 19:11:26,662 [INFO] APIConnect.login_helper: Downloaded instruments.zip
2026-02-02 19:11:26,790 [INFO] APIConnect.login_helper: Downloaded mfInstruments.zip
2026-02-02 19:11:27,367 [INFO] APIConnect.login_helper: Extracted instruments.csv
2026-02-02 19:11:28,447 [INFO] APIConnect.login_helper: Loaded instruments.csv
2026-02-02 19:11:28,484 [INFO] APIConnect.login_helper: Extracted mfInstruments.csv
2026-02-02 19:11:28,546 [INFO] APIConnect.login_helper: Loaded mfInstruments.csv
2026-02-02 19:11:28,620 [INFO] APIConnect.APIConnect: OrderBook method is called.
2026-02-02 19:11:28,620 [DEBUG] APIConnect.APIConnect: OrderBook method is called for 'COMEQ' account type
2026-02-02 19:11:28,620 [DEBUG] APIConnect.http: Request to url: https://nc.nuvamawealth.com/edelmw-eq/eq/order/book/80218397/v1/
2026-02-02 19:11:28,623 [DEBUG] urllib3.connectionpool: Starting new HTTPS connection (1): nc.nuvamawealth.com:443
2026-02-02 19:11:28,696 [DEBUG] urllib3.connectionpool: https://nc.nuvamawealth.com:443 "GET /edelmw-eq/eq/order/book/80218397/v1/ HTTP/1.1" 200 None
2026-02-02 19:11:28,697 [DEBUG] APIConnect.APIConnect: Response for eq: {'appID': '41da4012486b1acb3578c60f7f4e248a', 'config': {'app': 1, 'exp': 1769990426406, 'info': 4}, 'data': {'type': 'orderBookResponse', 'ord': [{'stkPrc': '79300', 'dur': 'EOS', 'vlDt': 'NA', 'rcvTim': '15:27:50', 'rcvEpTim': '02/02/2026 15:27:50', 'sym': '823382_BFO', 'cpName': '', 'exit': 'false', 'syomID': '', 'exc': 'BFO', 'ntQty': '20', 'dpName': 'SENSEX', 'cancel': 'false', 'sipID': 'N', 'nstReqID': '1', 'ordTyp': 'LIMIT', 'opTyp': 'PE', 'trsTyp': 'SELL', 'srs': 'XX', 'prdCode': 'NRML', 'prdDp': 'NRML', 'ogt': '--', 'flQty': '20', 'trdSym': 'SENSEX2620579300PE', 'edit': 'false', 'asTyp': 'OPTIDX', 'trgPrc': '0.00', 'avgPrc': '48.00', 'dsQty': '0', 'ordID': '260202000250634', 'sts': 'complete', 'dpInsTyp': '', 'rjRsn': '', 'userID': '80218397', 'dpExpDt': "05 FEB'26", 'ltSz': '20', 'tkSz': '0.05', 'desc': '20 Sold @ &#8377 48.00', 'prc': '48.00', 'exONo': '1770025508636672221', 'exp': '05Feb2026', 'rcvDt': '02/02/2026', 'pdQty': '0', 'userCmnt': 'NA', 'rmk': 'NA', 'boSeqId': '', 'epochTim': '1770026270408165', 'ordTim': '02/02/2026 15:27:50', 'trgId': '', 'dpVal': 'SENSEX', 'ltp': '47.40', 'bsktOrdId': '', 'bsktEpch': '', 'sipNo': 'NA', 'chg': '-166.50', 'chgP': '-77.84', 'lqdRsn': ''}, {'stkPrc': '78500', 'dur': 'EOS', 'vlDt': 'NA', 'rcvTim': '15:26:16', 'rcvEpTim': '02/02/2026 15:26:16', 'sym': '823097_BFO', 'cpName': '', 'exit': 'false', 'syomID': '', 'exc': 'BFO', 'ntQty': '20', 'dpName': 'SENSEX', 'cancel': 'false', 'sipID': 'N', 'nstReqID': '3', 'ordTyp': 'LIMIT', 'opTyp': 'PE', 'trsTyp': 'BUY', 'srs': 'XX', 'prdCode': 'NRML', 'prdDp': 'NRML', 'ogt': '--', 'flQty': '20', 'trdSym': 'SENSEX2620578500PE', 'edit': 'false', 'asTyp': 'OPTIDX', 'trgPrc': '0.00', 'avgPrc': '26.50', 'dsQty': '0', 'ordID': '260202000244921', 'sts': 'complete', 'dpInsTyp': '', 'rjRsn': '', 'userID': '80218397', 'dpExpDt': "05 FEB'26", 'ltSz': '20', 'tkSz': '0.05', 'desc': '20 Bought @ &#8377 26.50', 'prc': '26.50', 'exONo': '1770024929339505968', 'exp': '05Feb2026', 'rcvDt': '02/02/2026', 'pdQty': '0', 'userCmnt': 'NA', 'rmk': 'NA', 'boSeqId': '', 'epochTim': '1770026176673223', 'ordTim': '02/02/2026 15:26:16', 'trgId': '', 'dpVal': 'SENSEX', 'ltp': '26.10', 'bsktOrdId': '', 'bsktEpch': '', 'sipNo': 'NA', 'chg': '-91.65', 'chgP': '-77.83', 'lqdRsn': ''}, {'stkPrc': '79300', 'dur': 'EOS', 'vlDt': 'NA', 'rcvTim': '15:25:01', 'rcvEpTim': '02/02/2026 15:25:01', 'sym': '823382_BFO', 'cpName': '', 'exit': 'false', 'syomID': '', 'exc': 'BFO', 'ntQty': '60', 'dpName': 'SENSEX', 'cancel': 'false', 'sipID': 'N', 'nstReqID': '1', 'ordTyp': 'LIMIT', 'opTyp': 'PE', 'trsTyp': 'SELL', 'srs': 'XX', 'prdCode': 'NRML', 'prdDp': 'NRML', 'ogt': '--', 'flQty': '60', 'trdSym': 'SENSEX2620579300PE', 'edit': 'false', 'asTyp': 'OPTIDX', 'trgPrc': '0.00', 'avgPrc': '48.00', 'dsQty': '0', 'ordID': '260202000249429', 'sts': 'complete', 'dpInsTyp': '', 'rjRsn': '', 'userID': '80218397', 'dpExpDt': "05 FEB'26", 'ltSz': '20', 'tkSz': '0.05', 'desc': '60 Sold @ &#8377 48.00', 'prc': '48.00', 'exONo': '1770025508636660259', 'exp': '05Feb2026', 'rcvDt': '02/02/2026', 'pdQty': '0', 'userCmnt': 'NA', 'rmk': 'NA', 'boSeqId': '', 'epochTim': '1770026101781690', 'ordTim': '02/02/2026 15:25:01', 'trgId': '', 'dpVal': 'SENSEX', 'ltp': '47.40', 'bsktOrdId': '', 'bsktEpch': '', 'sipNo': 'NA', 'chg': '-166.50', 'chgP': '-77.84', 'lqdRsn': ''}, {'stkPrc': '79000', 'dur': 'EOS', 'vlDt': 'NA', 'rcvTim': '15:24:00', 'rcvEpTim': '02/02/2026 15:24:00', 'sym': '823177_BFO', 'cpName': '', 'exit': 'false', 'syomID': '', 'exc': 'BFO', 'ntQty': '60', 'dpName': 'SENSEX', 'cancel': 'false', 'sipID': 'N', 'nstReqID': '2', 'ordTyp': 'LIMIT', 'opTyp': 'PE', 'trsTyp': 'BUY', 'srs': 'XX', 'prdCode': 'NRML', 'prdDp': 'NRML', 'ogt': '--', 'flQty': '60', 'trdSym': 'SENSEX2620579000PE', 'edit': 'false', 'asTyp': 'OPTIDX', 'trgPrc': '0.00', 'avgPrc': '36.00', 'dsQty': '0', 'ordID': '260202000245047', 'sts': 'complete', 'dpInsTyp': '', 'rjRsn': '', 'userID': '80218397', 'dpExpDt': "05 FEB'26", 'ltSz': '20', 'tkSz': '0.05', 'desc': '60 Bought @ &#8377 36.00', 'prc': '36.00', 'exONo': '1770025159742772124', 'exp': '05Feb2026', 'rcvDt': '02/02/2026', 'pdQty': '0', 'userCmnt': 'NA', 'rmk': 'NA', 'boSeqId': '', 'epochTim': '1770026040299672', 'ordTim': '02/02/2026 15:24:00', 'trgId': '', 'dpVal': 'SENSEX', 'ltp': '37.15', 'bsktOrdId': '', 'bsktEpch': '', 'sipNo': 'NA', 'chg': '-131.55', 'chgP': '-77.98', 'lqdRsn': ''}, {'stkPrc': '78500', 'dur': 'EOS', 'vlDt': 'NA', 'rcvTim': '13:18:27', 'rcvEpTim': '02/02/2026 13:18:27', 'sym': '823097_BFO', 'cpName': '', 'exit': 'false', 'syomID': '', 'exc': 'BFO', 'ntQty': '20', 'dpName': 'SENSEX', 'cancel': 'false', 'sipID': 'N', 'nstReqID': '1', 'ordTyp': 'LIMIT', 'opTyp': 'PE', 'trsTyp': 'SELL', 'srs': 'XX', 'prdCode': 'NRML', 'prdDp': 'NRML', 'ogt': '--', 'flQty': '20', 'trdSym': 'SENSEX2620578500PE', 'edit': 'false', 'asTyp': 'OPTIDX', 'trgPrc': '0.00', 'avgPrc': '52.00', 'dsQty': '0', 'ordID': '260202000170446', 'sts': 'complete', 'dpInsTyp': '', 'rjRsn': '', 'userID': '80218397', 'dpExpDt': "05 FEB'26", 'ltSz': '20', 'tkSz': '0.05', 'desc': '20 Sold @ &#8377 52.00', 'prc': '52.00', 'exONo': '1770017337650247898', 'exp': '05Feb2026', 'rcvDt': '02/02/2026', 'pdQty': '0', 'userCmnt': 'NA', 'rmk': 'NA', 'boSeqId': '', 'epochTim': '1770018507614291', 'ordTim': '02/02/2026 13:18:27', 'trgId': '', 'dpVal': 'SENSEX', 'ltp': '26.10', 'bsktOrdId': '', 'bsktEpch': '', 'sipNo': 'NA', 'chg': '-91.65', 'chgP': '-77.83', 'lqdRsn': ''}, {'stkPrc': '78000', 'dur': 'EOS', 'vlDt': 'NA', 'rcvTim': '13:02:57', 'rcvEpTim': '02/02/2026 13:02:57', 'sym': '823153_BFO', 'cpName': '', 'exit': 'false', 'syomID': '', 'exc': 'BFO', 'ntQty': '20', 'dpName': 'SENSEX', 'cancel': 'false', 'sipID': 'N', 'nstReqID': '1', 'ordTyp': 'LIMIT', 'opTyp': 'PE', 'trsTyp': 'BUY', 'srs': 'XX', 'prdCode': 'NRML', 'prdDp': 'NRML', 'ogt': '--', 'flQty': '20', 'trdSym': 'SENSEX2620578000PE', 'edit': 'false', 'asTyp': 'OPTIDX', 'trgPrc': '0.00', 'avgPrc': '35.00', 'dsQty': '0', 'ordID': '260202000170137', 'sts': 'complete', 'dpInsTyp': '', 'rjRsn': '', 'userID': '80218397', 'dpExpDt': "05 FEB'26", 'ltSz': '20', 'tkSz': '0.05', 'desc': '20 Bought @ &#8377 35.00', 'prc': '35.00', 'exONo': '1770017220829570990', 'exp': '05Feb2026', 'rcvDt': '02/02/2026', 'pdQty': '0', 'userCmnt': 'NA', 'rmk': 'NA', 'boSeqId': '', 'epochTim': '1770017577788394', 'ordTim': '02/02/2026 13:02:57', 'trgId': '', 'dpVal': 'SENSEX', 'ltp': '20.65', 'bsktOrdId': '', 'bsktEpch': '', 'sipNo': 'NA', 'chg': '-62.15', 'chgP': '-75.06', 'lqdRsn': ''}, {'stkPrc': '83300', 'dur': 'EOS', 'vlDt': 'NA', 'rcvTim': '11:39:27', 'rcvEpTim': '02/02/2026 11:39:27', 'sym': '823275_BFO', 'cpName': '', 'exit': 'false', 'syomID': '', 'exc': 'BFO', 'ntQty': '80', 'dpName': 'SENSEX', 'cancel': 'false', 'sipID': 'N', 'nstReqID': '2', 'ordTyp': 'LIMIT', 'opTyp': 'CE', 'trsTyp': 'SELL', 'srs': 'XX', 'prdCode': 'NRML', 'prdDp': 'NRML', 'ogt': '--', 'flQty': '80', 'trdSym': 'SENSEX2620583300CE', 'edit': 'false', 'asTyp': 'OPTIDX', 'trgPrc': '0.00', 'avgPrc': '42.00', 'dsQty': '0', 'ordID': '260202000130222', 'sts': 'complete', 'dpInsTyp': '', 'rjRsn': '', 'userID': '80218397', 'dpExpDt': "05 FEB'26", 'ltSz': '20', 'tkSz': '0.05', 'desc': '80 Sold @ &#8377 42.00', 'prc': '42.00', 'exONo': '1770012373863384810', 'exp': '05Feb2026', 'rcvDt': '02/02/2026', 'pdQty': '0', 'userCmnt': 'NA', 'rmk': 'NA', 'boSeqId': '', 'epochTim': '1770012567874666', 'ordTim': '02/02/2026 11:39:27', 'trgId': '', 'dpVal': 'SENSEX', 'ltp': '59.20', 'bsktOrdId': '', 'bsktEpch': '', 'sipNo': 'NA', 'chg': '-29.35', 'chgP': '-33.15', 'lqdRsn': ''}, {'stkPrc': '83900', 'dur': 'EOS', 'vlDt': 'NA', 'rcvTim': '11:38:54', 'rcvEpTim': '02/02/2026 11:38:54', 'sym': '823376_BFO', 'cpName': '', 'exit': 'false', 'syomID': '', 'exc': 'BFO', 'ntQty': '60', 'dpName': 'SENSEX', 'cancel': 'false', 'sipID': 'N', 'nstReqID': '1', 'ordTyp': 'LIMIT', 'opTyp': 'CE', 'trsTyp': 'SELL', 'srs': 'XX', 'prdCode': 'NRML', 'prdDp': 'NRML', 'ogt': '--', 'flQty': '0', 'trdSym': 'SENSEX2620583900CE', 'edit': 'false', 'asTyp': 'OPTIDX', 'trgPrc': '0.00', 'avgPrc': '0.00', 'dsQty': '0', 'ordID': '260202000053702', 'sts': 'cancelled', 'dpInsTyp': '', 'rjRsn': '', 'userID': '80218397', 'dpExpDt': "05 FEB'26", 'ltSz': '20', 'tkSz': '0.05', 'desc': 'Sell 60 Qty @ &#8377 52.00', 'prc': '52.00', 'exONo': '1770005606930691711', 'exp': '05Feb2026', 'rcvDt': '02/02/2026', 'pdQty': '0', 'userCmnt': 'NA', 'rmk': 'NA', 'boSeqId': '', 'epochTim': '1770012534937599', 'ordTim': '02/02/2026 11:38:54', 'trgId': '', 'dpVal': 'SENSEX', 'ltp': '28.00', 'bsktOrdId': '', 'bsktEpch': '', 'sipNo': 'NA', 'chg': '-25.95', 'chgP': '-48.10', 'lqdRsn': ''}, {'stkPrc': '84500', 'dur': 'EOS', 'vlDt': 'NA', 'rcvTim': '09:49:39', 'rcvEpTim': '02/02/2026 09:49:39', 'sym': '823092_BFO', 'cpName': '', 'exit': 'false', 'syomID': '', 'exc': 'BFO', 'ntQty': '60', 'dpName': 'SENSEX', 'cancel': 'false', 'sipID': 'N', 'nstReqID': '1', 'ordTyp': 'LIMIT', 'opTyp': 'CE', 'trsTyp': 'BUY', 'srs': 'XX', 'prdCode': 'NRML', 'prdDp': 'NRML', 'ogt': '--', 'flQty': '60', 'trdSym': 'SENSEX2620584500CE', 'edit': 'false', 'asTyp': 'OPTIDX', 'trgPrc': '0.00', 'avgPrc': '29.30', 'dsQty': '0', 'ordID': '260202000051945', 'sts': 'complete', 'dpInsTyp': '', 'rjRsn': '', 'userID': '80218397', 'dpExpDt': "05 FEB'26", 'ltSz': '20', 'tkSz': '0.05', 'desc': '60 Bought @ &#8377 29.30', 'prc': '29.30', 'exONo': '1770005828568105239', 'exp': '05Feb2026', 'rcvDt': '02/02/2026', 'pdQty': '0', 'userCmnt': 'NA', 'rmk': 'NA', 'boSeqId': '', 'epochTim': '1770005979790795', 'ordTim': '02/02/2026 09:49:39', 'trgId': '', 'dpVal': 'SENSEX', 'ltp': '15.15', 'bsktOrdId': '', 'bsktEpch': '', 'sipNo': 'NA', 'chg': '-20.30', 'chgP': '-57.26', 'lqdRsn': ''}]}, 'msgID': 'fbb619b4-3a74-497d-90c2-b2da0906adff', 'srvTm': 1770039691783}
2026-02-02 19:11:28,697 [DEBUG] APIConnect.http: Request to url: https://nc.nuvamawealth.com/edelmw-comm/comm/orderbook/80218397?rTyp=COMFNO/
2026-02-02 19:11:28,817 [DEBUG] urllib3.connectionpool: https://nc.nuvamawealth.com:443 "GET /edelmw-comm/comm/orderbook/80218397?rTyp=COMFNO/ HTTP/1.1" 500 221
2026-02-02 19:11:28,818 [DEBUG] APIConnect.http: Error response: {"appID":"41da4012486b1acb3578c60f7f4e248a","config":{},"error":{"actCd":"50","errCd":"EGN0001","errMsg":"Something went wrong please try again later"},"msgID":"dc3a15d2-b30a-47e9-8974-2203cbd03b93","srvTm":1770039691904}
2026-02-02 19:11:28,818 [DEBUG] APIConnect.APIConnect: Response for comm: 
2026-02-02 19:35:07,875 [INFO] APIConnect.APIConnect: Logger initiated with default values.
2026-02-02 19:35:07,876 [INFO] constants.router: Router object is being created.
2026-02-02 19:35:07,876 [INFO] APIConnect.http: Http object is being created.
2026-02-02 19:35:07,876 [INFO] APIConnect.login_helper: LoginHelper object is being created.
2026-02-02 19:35:07,877 [INFO] APIConnect.APIConnect: User data file found, loading data.
2026-02-02 19:35:08,203 [INFO] feed.feed: Connection established with subscriber.
2026-02-02 19:35:09,665 [INFO] APIConnect.login_helper: Downloaded instruments.zip
2026-02-02 19:35:09,877 [INFO] APIConnect.login_helper: Downloaded mfInstruments.zip
2026-02-02 19:35:10,125 [INFO] APIConnect.login_helper: Extracted instruments.csv
2026-02-02 19:35:11,793 [INFO] APIConnect.login_helper: Loaded instruments.csv
2026-02-02 19:35:11,882 [INFO] APIConnect.login_helper: Extracted mfInstruments.csv
2026-02-02 19:35:12,205 [INFO] APIConnect.login_helper: Loaded mfInstruments.csv
2026-02-02 19:35:12,577 [ERROR] APIConnect.validator: Error 422 : Function PlaceTrade : Exchange is a not a valid <enum 'ExchangeEnum'> type.
NoneType: None
2026-02-02 19:54:05,870 [INFO] APIConnect.APIConnect: Logger initiated with default values.
2026-02-02 19:54:05,870 [INFO] constants.router: Router object is being created.
2026-02-02 19:54:05,871 [INFO] APIConnect.http: Http object is being created.
2026-02-02 19:54:05,871 [INFO] APIConnect.login_helper: LoginHelper object is being created.
2026-02-02 19:54:05,872 [INFO] APIConnect.APIConnect: User data file found, loading data.
2026-02-02 19:54:06,041 [INFO] feed.feed: Connection established with subscriber.
2026-02-02 19:54:07,179 [INFO] APIConnect.login_helper: Downloaded instruments.zip
2026-02-02 19:54:07,305 [INFO] APIConnect.login_helper: Downloaded mfInstruments.zip
2026-02-02 19:54:07,545 [INFO] APIConnect.login_helper: Extracted instruments.csv
2026-02-02 19:54:09,157 [INFO] APIConnect.login_helper: Loaded instruments.csv
2026-02-02 19:54:09,205 [INFO] APIConnect.login_helper: Extracted mfInstruments.csv
2026-02-02 19:54:09,316 [INFO] APIConnect.login_helper: Loaded mfInstruments.csv
2026-02-02 20:26:55,878 [INFO] APIConnect.APIConnect: Logger initiated with default values.
2026-02-02 20:26:55,878 [INFO] constants.router: Router object is being created.
2026-02-02 20:26:55,878 [INFO] APIConnect.http: Http object is being created.
2026-02-02 20:26:55,879 [INFO] APIConnect.login_helper: LoginHelper object is being created.
2026-02-02 20:26:55,879 [INFO] APIConnect.APIConnect: User data file found, loading data.
2026-02-02 20:26:56,197 [INFO] feed.feed: Connection established with subscriber.
2026-02-02 20:26:57,556 [INFO] APIConnect.login_helper: Downloaded instruments.zip
2026-02-02 20:26:58,147 [INFO] APIConnect.login_helper: Downloaded mfInstruments.zip
2026-02-02 20:26:58,348 [INFO] APIConnect.login_helper: Extracted instruments.csv
2026-02-02 20:26:59,581 [INFO] APIConnect.login_helper: Loaded instruments.csv
2026-02-02 20:26:59,628 [INFO] APIConnect.login_helper: Extracted mfInstruments.csv
2026-02-02 20:26:59,731 [INFO] APIConnect.login_helper: Loaded mfInstruments.csv
2026-02-02 20:27:33,281 [INFO] APIConnect.APIConnect: Logger initiated with default values.
2026-02-02 20:27:33,282 [INFO] constants.router: Router object is being created.
2026-02-02 20:27:33,282 [INFO] APIConnect.http: Http object is being created.
2026-02-02 20:27:33,283 [INFO] APIConnect.login_helper: LoginHelper object is being created.
2026-02-02 20:27:33,283 [INFO] APIConnect.APIConnect: User data file found, loading data.
2026-02-02 20:27:33,348 [INFO] feed.feed: Connection established with subscriber.
2026-02-02 20:27:35,035 [INFO] APIConnect.login_helper: Downloaded instruments.zip
2026-02-02 20:27:35,935 [INFO] APIConnect.login_helper: Downloaded mfInstruments.zip
2026-02-02 20:27:36,143 [INFO] APIConnect.login_helper: Extracted instruments.csv
2026-02-02 20:27:37,713 [INFO] APIConnect.login_helper: Loaded instruments.csv
2026-02-02 20:27:37,761 [INFO] APIConnect.login_helper: Extracted mfInstruments.csv
2026-02-02 20:27:37,872 [INFO] APIConnect.login_helper: Loaded mfInstruments.csv
2026-02-02 20:27:37,990 [INFO] APIConnect.APIConnect: OrderBook method is called.
2026-02-02 20:27:37,991 [DEBUG] APIConnect.APIConnect: OrderBook method is called for 'COMEQ' account type
2026-02-02 20:27:37,991 [DEBUG] APIConnect.http: Request to url: https://nc.nuvamawealth.com/edelmw-eq/eq/order/book/80218397/v1/
2026-02-02 20:27:37,996 [DEBUG] urllib3.connectionpool: Starting new HTTPS connection (1): nc.nuvamawealth.com:443
2026-02-02 20:27:38,399 [DEBUG] urllib3.connectionpool: https://nc.nuvamawealth.com:443 "GET /edelmw-eq/eq/order/book/80218397/v1/ HTTP/1.1" 200 None
2026-02-02 20:27:38,400 [DEBUG] APIConnect.APIConnect: Response for eq: {'appID': '41da4012486b1acb3578c60f7f4e248a', 'config': {'app': 1, 'exp': 1769990426406, 'info': 4}, 'data': {'type': 'orderBookResponse', 'ord': [{'stkPrc': '79300', 'dur': 'EOS', 'vlDt': 'NA', 'rcvTim': '15:27:50', 'rcvEpTim': '02/02/2026 15:27:50', 'sym': '823382_BFO', 'cpName': '', 'exit': 'false', 'syomID': '', 'exc': 'BFO', 'ntQty': '20', 'dpName': 'SENSEX', 'cancel': 'false', 'sipID': 'N', 'nstReqID': '1', 'ordTyp': 'LIMIT', 'opTyp': 'PE', 'trsTyp': 'SELL', 'srs': 'XX', 'prdCode': 'NRML', 'prdDp': 'NRML', 'ogt': '--', 'flQty': '20', 'trdSym': 'SENSEX2620579300PE', 'edit': 'false', 'asTyp': 'OPTIDX', 'trgPrc': '0.00', 'avgPrc': '48.00', 'dsQty': '0', 'ordID': '260202000250634', 'sts': 'complete', 'dpInsTyp': '', 'rjRsn': '', 'userID': '80218397', 'dpExpDt': "05 FEB'26", 'ltSz': '20', 'tkSz': '0.05', 'desc': '20 Sold @ &#8377 48.00', 'prc': '48.00', 'exONo': '1770025508636672221', 'exp': '05Feb2026', 'rcvDt': '02/02/2026', 'pdQty': '0', 'userCmnt': 'NA', 'rmk': 'NA', 'boSeqId': '', 'epochTim': '1770026270408165', 'ordTim': '02/02/2026 15:27:50', 'trgId': '', 'dpVal': 'SENSEX', 'ltp': '47.40', 'bsktOrdId': '', 'bsktEpch': '', 'sipNo': 'NA', 'chg': '-166.50', 'chgP': '-77.84', 'lqdRsn': ''}, {'stkPrc': '78500', 'dur': 'EOS', 'vlDt': 'NA', 'rcvTim': '15:26:16', 'rcvEpTim': '02/02/2026 15:26:16', 'sym': '823097_BFO', 'cpName': '', 'exit': 'false', 'syomID': '', 'exc': 'BFO', 'ntQty': '20', 'dpName': 'SENSEX', 'cancel': 'false', 'sipID': 'N', 'nstReqID': '3', 'ordTyp': 'LIMIT', 'opTyp': 'PE', 'trsTyp': 'BUY', 'srs': 'XX', 'prdCode': 'NRML', 'prdDp': 'NRML', 'ogt': '--', 'flQty': '20', 'trdSym': 'SENSEX2620578500PE', 'edit': 'false', 'asTyp': 'OPTIDX', 'trgPrc': '0.00', 'avgPrc': '26.50', 'dsQty': '0', 'ordID': '260202000244921', 'sts': 'complete', 'dpInsTyp': '', 'rjRsn': '', 'userID': '80218397', 'dpExpDt': "05 FEB'26", 'ltSz': '20', 'tkSz': '0.05', 'desc': '20 Bought @ &#8377 26.50', 'prc': '26.50', 'exONo': '1770024929339505968', 'exp': '05Feb2026', 'rcvDt': '02/02/2026', 'pdQty': '0', 'userCmnt': 'NA', 'rmk': 'NA', 'boSeqId': '', 'epochTim': '1770026176673223', 'ordTim': '02/02/2026 15:26:16', 'trgId': '', 'dpVal': 'SENSEX', 'ltp': '26.10', 'bsktOrdId': '', 'bsktEpch': '', 'sipNo': 'NA', 'chg': '-91.65', 'chgP': '-77.83', 'lqdRsn': ''}, {'stkPrc': '79300', 'dur': 'EOS', 'vlDt': 'NA', 'rcvTim': '15:25:01', 'rcvEpTim': '02/02/2026 15:25:01', 'sym': '823382_BFO', 'cpName': '', 'exit': 'false', 'syomID': '', 'exc': 'BFO', 'ntQty': '60', 'dpName': 'SENSEX', 'cancel': 'false', 'sipID': 'N', 'nstReqID': '1', 'ordTyp': 'LIMIT', 'opTyp': 'PE', 'trsTyp': 'SELL', 'srs': 'XX', 'prdCode': 'NRML', 'prdDp': 'NRML', 'ogt': '--', 'flQty': '60', 'trdSym': 'SENSEX2620579300PE', 'edit': 'false', 'asTyp': 'OPTIDX', 'trgPrc': '0.00', 'avgPrc': '48.00', 'dsQty': '0', 'ordID': '260202000249429', 'sts': 'complete', 'dpInsTyp': '', 'rjRsn': '', 'userID': '80218397', 'dpExpDt': "05 FEB'26", 'ltSz': '20', 'tkSz': '0.05', 'desc': '60 Sold @ &#8377 48.00', 'prc': '48.00', 'exONo': '1770025508636660259', 'exp': '05Feb2026', 'rcvDt': '02/02/2026', 'pdQty': '0', 'userCmnt': 'NA', 'rmk': 'NA', 'boSeqId': '', 'epochTim': '1770026101781690', 'ordTim': '02/02/2026 15:25:01', 'trgId': '', 'dpVal': 'SENSEX', 'ltp': '47.40', 'bsktOrdId': '', 'bsktEpch': '', 'sipNo': 'NA', 'chg': '-166.50', 'chgP': '-77.84', 'lqdRsn': ''}, {'stkPrc': '79000', 'dur': 'EOS', 'vlDt': 'NA', 'rcvTim': '15:24:00', 'rcvEpTim': '02/02/2026 15:24:00', 'sym': '823177_BFO', 'cpName': '', 'exit': 'false', 'syomID': '', 'exc': 'BFO', 'ntQty': '60', 'dpName': 'SENSEX', 'cancel': 'false', 'sipID': 'N', 'nstReqID': '2', 'ordTyp': 'LIMIT', 'opTyp': 'PE', 'trsTyp': 'BUY', 'srs': 'XX', 'prdCode': 'NRML', 'prdDp': 'NRML', 'ogt': '--', 'flQty': '60', 'trdSym': 'SENSEX2620579000PE', 'edit': 'false', 'asTyp': 'OPTIDX', 'trgPrc': '0.00', 'avgPrc': '36.00', 'dsQty': '0', 'ordID': '260202000245047', 'sts': 'complete', 'dpInsTyp': '', 'rjRsn': '', 'userID': '80218397', 'dpExpDt': "05 FEB'26", 'ltSz': '20', 'tkSz': '0.05', 'desc': '60 Bought @ &#8377 36.00', 'prc': '36.00', 'exONo': '1770025159742772124', 'exp': '05Feb2026', 'rcvDt': '02/02/2026', 'pdQty': '0', 'userCmnt': 'NA', 'rmk': 'NA', 'boSeqId': '', 'epochTim': '1770026040299672', 'ordTim': '02/02/2026 15:24:00', 'trgId': '', 'dpVal': 'SENSEX', 'ltp': '37.15', 'bsktOrdId': '', 'bsktEpch': '', 'sipNo': 'NA', 'chg': '-131.55', 'chgP': '-77.98', 'lqdRsn': ''}, {'stkPrc': '78500', 'dur': 'EOS', 'vlDt': 'NA', 'rcvTim': '13:18:27', 'rcvEpTim': '02/02/2026 13:18:27', 'sym': '823097_BFO', 'cpName': '', 'exit': 'false', 'syomID': '', 'exc': 'BFO', 'ntQty': '20', 'dpName': 'SENSEX', 'cancel': 'false', 'sipID': 'N', 'nstReqID': '1', 'ordTyp': 'LIMIT', 'opTyp': 'PE', 'trsTyp': 'SELL', 'srs': 'XX', 'prdCode': 'NRML', 'prdDp': 'NRML', 'ogt': '--', 'flQty': '20', 'trdSym': 'SENSEX2620578500PE', 'edit': 'false', 'asTyp': 'OPTIDX', 'trgPrc': '0.00', 'avgPrc': '52.00', 'dsQty': '0', 'ordID': '260202000170446', 'sts': 'complete', 'dpInsTyp': '', 'rjRsn': '', 'userID': '80218397', 'dpExpDt': "05 FEB'26", 'ltSz': '20', 'tkSz': '0.05', 'desc': '20 Sold @ &#8377 52.00', 'prc': '52.00', 'exONo': '1770017337650247898', 'exp': '05Feb2026', 'rcvDt': '02/02/2026', 'pdQty': '0', 'userCmnt': 'NA', 'rmk': 'NA', 'boSeqId': '', 'epochTim': '1770018507614291', 'ordTim': '02/02/2026 13:18:27', 'trgId': '', 'dpVal': 'SENSEX', 'ltp': '26.10', 'bsktOrdId': '', 'bsktEpch': '', 'sipNo': 'NA', 'chg': '-91.65', 'chgP': '-77.83', 'lqdRsn': ''}, {'stkPrc': '78000', 'dur': 'EOS', 'vlDt': 'NA', 'rcvTim': '13:02:57', 'rcvEpTim': '02/02/2026 13:02:57', 'sym': '823153_BFO', 'cpName': '', 'exit': 'false', 'syomID': '', 'exc': 'BFO', 'ntQty': '20', 'dpName': 'SENSEX', 'cancel': 'false', 'sipID': 'N', 'nstReqID': '1', 'ordTyp': 'LIMIT', 'opTyp': 'PE', 'trsTyp': 'BUY', 'srs': 'XX', 'prdCode': 'NRML', 'prdDp': 'NRML', 'ogt': '--', 'flQty': '20', 'trdSym': 'SENSEX2620578000PE', 'edit': 'false', 'asTyp': 'OPTIDX', 'trgPrc': '0.00', 'avgPrc': '35.00', 'dsQty': '0', 'ordID': '260202000170137', 'sts': 'complete', 'dpInsTyp': '', 'rjRsn': '', 'userID': '80218397', 'dpExpDt': "05 FEB'26", 'ltSz': '20', 'tkSz': '0.05', 'desc': '20 Bought @ &#8377 35.00', 'prc': '35.00', 'exONo': '1770017220829570990', 'exp': '05Feb2026', 'rcvDt': '02/02/2026', 'pdQty': '0', 'userCmnt': 'NA', 'rmk': 'NA', 'boSeqId': '', 'epochTim': '1770017577788394', 'ordTim': '02/02/2026 13:02:57', 'trgId': '', 'dpVal': 'SENSEX', 'ltp': '20.65', 'bsktOrdId': '', 'bsktEpch': '', 'sipNo': 'NA', 'chg': '-62.15', 'chgP': '-75.06', 'lqdRsn': ''}, {'stkPrc': '83300', 'dur': 'EOS', 'vlDt': 'NA', 'rcvTim': '11:39:27', 'rcvEpTim': '02/02/2026 11:39:27', 'sym': '823275_BFO', 'cpName': '', 'exit': 'false', 'syomID': '', 'exc': 'BFO', 'ntQty': '80', 'dpName': 'SENSEX', 'cancel': 'false', 'sipID': 'N', 'nstReqID': '2', 'ordTyp': 'LIMIT', 'opTyp': 'CE', 'trsTyp': 'SELL', 'srs': 'XX', 'prdCode': 'NRML', 'prdDp': 'NRML', 'ogt': '--', 'flQty': '80', 'trdSym': 'SENSEX2620583300CE', 'edit': 'false', 'asTyp': 'OPTIDX', 'trgPrc': '0.00', 'avgPrc': '42.00', 'dsQty': '0', 'ordID': '260202000130222', 'sts': 'complete', 'dpInsTyp': '', 'rjRsn': '', 'userID': '80218397', 'dpExpDt': "05 FEB'26", 'ltSz': '20', 'tkSz': '0.05', 'desc': '80 Sold @ &#8377 42.00', 'prc': '42.00', 'exONo': '1770012373863384810', 'exp': '05Feb2026', 'rcvDt': '02/02/2026', 'pdQty': '0', 'userCmnt': 'NA', 'rmk': 'NA', 'boSeqId': '', 'epochTim': '1770012567874666', 'ordTim': '02/02/2026 11:39:27', 'trgId': '', 'dpVal': 'SENSEX', 'ltp': '59.20', 'bsktOrdId': '', 'bsktEpch': '', 'sipNo': 'NA', 'chg': '-29.35', 'chgP': '-33.15', 'lqdRsn': ''}, {'stkPrc': '83900', 'dur': 'EOS', 'vlDt': 'NA', 'rcvTim': '11:38:54', 'rcvEpTim': '02/02/2026 11:38:54', 'sym': '823376_BFO', 'cpName': '', 'exit': 'false', 'syomID': '', 'exc': 'BFO', 'ntQty': '60', 'dpName': 'SENSEX', 'cancel': 'false', 'sipID': 'N', 'nstReqID': '1', 'ordTyp': 'LIMIT', 'opTyp': 'CE', 'trsTyp': 'SELL', 'srs': 'XX', 'prdCode': 'NRML', 'prdDp': 'NRML', 'ogt': '--', 'flQty': '0', 'trdSym': 'SENSEX2620583900CE', 'edit': 'false', 'asTyp': 'OPTIDX', 'trgPrc': '0.00', 'avgPrc': '0.00', 'dsQty': '0', 'ordID': '260202000053702', 'sts': 'cancelled', 'dpInsTyp': '', 'rjRsn': '', 'userID': '80218397', 'dpExpDt': "05 FEB'26", 'ltSz': '20', 'tkSz': '0.05', 'desc': 'Sell 60 Qty @ &#8377 52.00', 'prc': '52.00', 'exONo': '1770005606930691711', 'exp': '05Feb2026', 'rcvDt': '02/02/2026', 'pdQty': '0', 'userCmnt': 'NA', 'rmk': 'NA', 'boSeqId': '', 'epochTim': '1770012534937599', 'ordTim': '02/02/2026 11:38:54', 'trgId': '', 'dpVal': 'SENSEX', 'ltp': '28.00', 'bsktOrdId': '', 'bsktEpch': '', 'sipNo': 'NA', 'chg': '-25.95', 'chgP': '-48.10', 'lqdRsn': ''}, {'stkPrc': '84500', 'dur': 'EOS', 'vlDt': 'NA', 'rcvTim': '09:49:39', 'rcvEpTim': '02/02/2026 09:49:39', 'sym': '823092_BFO', 'cpName': '', 'exit': 'false', 'syomID': '', 'exc': 'BFO', 'ntQty': '60', 'dpName': 'SENSEX', 'cancel': 'false', 'sipID': 'N', 'nstReqID': '1', 'ordTyp': 'LIMIT', 'opTyp': 'CE', 'trsTyp': 'BUY', 'srs': 'XX', 'prdCode': 'NRML', 'prdDp': 'NRML', 'ogt': '--', 'flQty': '60', 'trdSym': 'SENSEX2620584500CE', 'edit': 'false', 'asTyp': 'OPTIDX', 'trgPrc': '0.00', 'avgPrc': '29.30', 'dsQty': '0', 'ordID': '260202000051945', 'sts': 'complete', 'dpInsTyp': '', 'rjRsn': '', 'userID': '80218397', 'dpExpDt': "05 FEB'26", 'ltSz': '20', 'tkSz': '0.05', 'desc': '60 Bought @ &#8377 29.30', 'prc': '29.30', 'exONo': '1770005828568105239', 'exp': '05Feb2026', 'rcvDt': '02/02/2026', 'pdQty': '0', 'userCmnt': 'NA', 'rmk': 'NA', 'boSeqId': '', 'epochTim': '1770005979790795', 'ordTim': '02/02/2026 09:49:39', 'trgId': '', 'dpVal': 'SENSEX', 'ltp': '15.15', 'bsktOrdId': '', 'bsktEpch': '', 'sipNo': 'NA', 'chg': '-20.30', 'chgP': '-57.26', 'lqdRsn': ''}]}, 'msgID': '5f970287-aa30-49bb-a61e-b6c3542ca63f', 'srvTm': 1770044261431}
2026-02-02 20:27:38,401 [DEBUG] APIConnect.http: Request to url: https://nc.nuvamawealth.com/edelmw-comm/comm/orderbook/80218397?rTyp=COMFNO/
2026-02-02 20:27:38,652 [DEBUG] urllib3.connectionpool: https://nc.nuvamawealth.com:443 "GET /edelmw-comm/comm/orderbook/80218397?rTyp=COMFNO/ HTTP/1.1" 500 221
2026-02-02 20:27:38,653 [DEBUG] APIConnect.http: Error response: {"appID":"41da4012486b1acb3578c60f7f4e248a","config":{},"error":{"actCd":"50","errCd":"EGN0001","errMsg":"Something went wrong please try again later"},"msgID":"a6898c2f-5c1e-4cf5-ae5b-e7a529de8997","srvTm":1770044261671}
2026-02-02 20:27:38,653 [DEBUG] APIConnect.APIConnect: Response for comm: 
2026-02-02 20:28:03,403 [INFO] APIConnect.APIConnect: Logger initiated with default values.
2026-02-02 20:28:03,403 [INFO] constants.router: Router object is being created.
2026-02-02 20:28:03,404 [INFO] APIConnect.http: Http object is being created.
2026-02-02 20:28:03,404 [INFO] APIConnect.login_helper: LoginHelper object is being created.
2026-02-02 20:28:03,404 [INFO] APIConnect.APIConnect: User data file found, loading data.
2026-02-02 20:28:03,530 [INFO] feed.feed: Connection established with subscriber.
2026-02-02 20:28:04,668 [INFO] APIConnect.login_helper: Downloaded instruments.zip
2026-02-02 20:28:04,823 [INFO] APIConnect.login_helper: Downloaded mfInstruments.zip
2026-02-02 20:28:05,029 [INFO] APIConnect.login_helper: Extracted instruments.csv
2026-02-02 20:28:06,560 [INFO] APIConnect.login_helper: Loaded instruments.csv
2026-02-02 20:28:06,607 [INFO] APIConnect.login_helper: Extracted mfInstruments.csv
2026-02-02 20:28:06,717 [INFO] APIConnect.login_helper: Loaded mfInstruments.csv
2026-02-02 21:16:49,165 [INFO] APIConnect.APIConnect: Logger initiated with default values.
2026-02-02 21:16:49,166 [INFO] constants.router: Router object is being created.
2026-02-02 21:16:49,167 [INFO] APIConnect.http: Http object is being created.
2026-02-02 21:16:49,167 [INFO] APIConnect.login_helper: LoginHelper object is being created.
2026-02-02 21:16:49,167 [INFO] APIConnect.APIConnect: User data file found, loading data.
2026-02-02 21:16:49,324 [INFO] feed.feed: Connection established with subscriber.
2026-02-02 21:16:50,435 [INFO] APIConnect.login_helper: Downloaded instruments.zip
2026-02-02 21:16:50,667 [INFO] APIConnect.login_helper: Downloaded mfInstruments.zip
2026-02-02 21:16:51,045 [INFO] APIConnect.login_helper: Extracted instruments.csv
2026-02-02 21:16:53,482 [INFO] APIConnect.login_helper: Loaded instruments.csv
2026-02-02 21:16:53,555 [INFO] APIConnect.login_helper: Extracted mfInstruments.csv
2026-02-02 21:16:53,715 [INFO] APIConnect.login_helper: Loaded mfInstruments.csv
2026-02-02 21:16:53,891 [INFO] APIConnect.APIConnect: OrderBook method is called.
2026-02-02 21:16:53,891 [DEBUG] APIConnect.APIConnect: OrderBook method is called for 'COMEQ' account type
2026-02-02 21:16:53,891 [DEBUG] APIConnect.http: Request to url: https://nc.nuvamawealth.com/edelmw-eq/eq/order/book/80218397/v1/
2026-02-02 21:16:53,901 [DEBUG] urllib3.connectionpool: Starting new HTTPS connection (1): nc.nuvamawealth.com:443
2026-02-02 21:16:54,010 [DEBUG] urllib3.connectionpool: https://nc.nuvamawealth.com:443 "GET /edelmw-eq/eq/order/book/80218397/v1/ HTTP/1.1" 200 None
2026-02-02 21:16:54,012 [DEBUG] APIConnect.APIConnect: Response for eq: {'appID': '41da4012486b1acb3578c60f7f4e248a', 'config': {'app': 1, 'exp': 1769990426406, 'info': 4}, 'data': {'type': 'orderBookResponse', 'ord': [{'stkPrc': '79300', 'dur': 'EOS', 'vlDt': 'NA', 'rcvTim': '15:27:50', 'rcvEpTim': '02/02/2026 15:27:50', 'sym': '823382_BFO', 'cpName': '', 'exit': 'false', 'syomID': '', 'exc': 'BFO', 'ntQty': '20', 'dpName': 'SENSEX', 'cancel': 'false', 'sipID': 'N', 'nstReqID': '1', 'ordTyp': 'LIMIT', 'opTyp': 'PE', 'trsTyp': 'SELL', 'srs': 'XX', 'prdCode': 'NRML', 'prdDp': 'NRML', 'ogt': '--', 'flQty': '20', 'trdSym': 'SENSEX2620579300PE', 'edit': 'false', 'asTyp': 'OPTIDX', 'trgPrc': '0.00', 'avgPrc': '48.00', 'dsQty': '0', 'ordID': '260202000250634', 'sts': 'complete', 'dpInsTyp': '', 'rjRsn': '', 'userID': '80218397', 'dpExpDt': "05 FEB'26", 'ltSz': '20', 'tkSz': '0.05', 'desc': '20 Sold @ &#8377 48.00', 'prc': '48.00', 'exONo': '1770025508636672221', 'exp': '05Feb2026', 'rcvDt': '02/02/2026', 'pdQty': '0', 'userCmnt': 'NA', 'rmk': 'NA', 'boSeqId': '', 'epochTim': '1770026270408165', 'ordTim': '02/02/2026 15:27:50', 'trgId': '', 'dpVal': 'SENSEX', 'ltp': '47.40', 'bsktOrdId': '', 'bsktEpch': '', 'sipNo': 'NA', 'chg': '-166.50', 'chgP': '-77.84', 'lqdRsn': ''}, {'stkPrc': '78500', 'dur': 'EOS', 'vlDt': 'NA', 'rcvTim': '15:26:16', 'rcvEpTim': '02/02/2026 15:26:16', 'sym': '823097_BFO', 'cpName': '', 'exit': 'false', 'syomID': '', 'exc': 'BFO', 'ntQty': '20', 'dpName': 'SENSEX', 'cancel': 'false', 'sipID': 'N', 'nstReqID': '3', 'ordTyp': 'LIMIT', 'opTyp': 'PE', 'trsTyp': 'BUY', 'srs': 'XX', 'prdCode': 'NRML', 'prdDp': 'NRML', 'ogt': '--', 'flQty': '20', 'trdSym': 'SENSEX2620578500PE', 'edit': 'false', 'asTyp': 'OPTIDX', 'trgPrc': '0.00', 'avgPrc': '26.50', 'dsQty': '0', 'ordID': '260202000244921', 'sts': 'complete', 'dpInsTyp': '', 'rjRsn': '', 'userID': '80218397', 'dpExpDt': "05 FEB'26", 'ltSz': '20', 'tkSz': '0.05', 'desc': '20 Bought @ &#8377 26.50', 'prc': '26.50', 'exONo': '1770024929339505968', 'exp': '05Feb2026', 'rcvDt': '02/02/2026', 'pdQty': '0', 'userCmnt': 'NA', 'rmk': 'NA', 'boSeqId': '', 'epochTim': '1770026176673223', 'ordTim': '02/02/2026 15:26:16', 'trgId': '', 'dpVal': 'SENSEX', 'ltp': '26.10', 'bsktOrdId': '', 'bsktEpch': '', 'sipNo': 'NA', 'chg': '-91.65', 'chgP': '-77.83', 'lqdRsn': ''}, {'stkPrc': '79300', 'dur': 'EOS', 'vlDt': 'NA', 'rcvTim': '15:25:01', 'rcvEpTim': '02/02/2026 15:25:01', 'sym': '823382_BFO', 'cpName': '', 'exit': 'false', 'syomID': '', 'exc': 'BFO', 'ntQty': '60', 'dpName': 'SENSEX', 'cancel': 'false', 'sipID': 'N', 'nstReqID': '1', 'ordTyp': 'LIMIT', 'opTyp': 'PE', 'trsTyp': 'SELL', 'srs': 'XX', 'prdCode': 'NRML', 'prdDp': 'NRML', 'ogt': '--', 'flQty': '60', 'trdSym': 'SENSEX2620579300PE', 'edit': 'false', 'asTyp': 'OPTIDX', 'trgPrc': '0.00', 'avgPrc': '48.00', 'dsQty': '0', 'ordID': '260202000249429', 'sts': 'complete', 'dpInsTyp': '', 'rjRsn': '', 'userID': '80218397', 'dpExpDt': "05 FEB'26", 'ltSz': '20', 'tkSz': '0.05', 'desc': '60 Sold @ &#8377 48.00', 'prc': '48.00', 'exONo': '1770025508636660259', 'exp': '05Feb2026', 'rcvDt': '02/02/2026', 'pdQty': '0', 'userCmnt': 'NA', 'rmk': 'NA', 'boSeqId': '', 'epochTim': '1770026101781690', 'ordTim': '02/02/2026 15:25:01', 'trgId': '', 'dpVal': 'SENSEX', 'ltp': '47.40', 'bsktOrdId': '', 'bsktEpch': '', 'sipNo': 'NA', 'chg': '-166.50', 'chgP': '-77.84', 'lqdRsn': ''}, {'stkPrc': '79000', 'dur': 'EOS', 'vlDt': 'NA', 'rcvTim': '15:24:00', 'rcvEpTim': '02/02/2026 15:24:00', 'sym': '823177_BFO', 'cpName': '', 'exit': 'false', 'syomID': '', 'exc': 'BFO', 'ntQty': '60', 'dpName': 'SENSEX', 'cancel': 'false', 'sipID': 'N', 'nstReqID': '2', 'ordTyp': 'LIMIT', 'opTyp': 'PE', 'trsTyp': 'BUY', 'srs': 'XX', 'prdCode': 'NRML', 'prdDp': 'NRML', 'ogt': '--', 'flQty': '60', 'trdSym': 'SENSEX2620579000PE', 'edit': 'false', 'asTyp': 'OPTIDX', 'trgPrc': '0.00', 'avgPrc': '36.00', 'dsQty': '0', 'ordID': '260202000245047', 'sts': 'complete', 'dpInsTyp': '', 'rjRsn': '', 'userID': '80218397', 'dpExpDt': "05 FEB'26", 'ltSz': '20', 'tkSz': '0.05', 'desc': '60 Bought @ &#8377 36.00', 'prc': '36.00', 'exONo': '1770025159742772124', 'exp': '05Feb2026', 'rcvDt': '02/02/2026', 'pdQty': '0', 'userCmnt': 'NA', 'rmk': 'NA', 'boSeqId': '', 'epochTim': '1770026040299672', 'ordTim': '02/02/2026 15:24:00', 'trgId': '', 'dpVal': 'SENSEX', 'ltp': '37.15', 'bsktOrdId': '', 'bsktEpch': '', 'sipNo': 'NA', 'chg': '-131.55', 'chgP': '-77.98', 'lqdRsn': ''}, {'stkPrc': '78500', 'dur': 'EOS', 'vlDt': 'NA', 'rcvTim': '13:18:27', 'rcvEpTim': '02/02/2026 13:18:27', 'sym': '823097_BFO', 'cpName': '', 'exit': 'false', 'syomID': '', 'exc': 'BFO', 'ntQty': '20', 'dpName': 'SENSEX', 'cancel': 'false', 'sipID': 'N', 'nstReqID': '1', 'ordTyp': 'LIMIT', 'opTyp': 'PE', 'trsTyp': 'SELL', 'srs': 'XX', 'prdCode': 'NRML', 'prdDp': 'NRML', 'ogt': '--', 'flQty': '20', 'trdSym': 'SENSEX2620578500PE', 'edit': 'false', 'asTyp': 'OPTIDX', 'trgPrc': '0.00', 'avgPrc': '52.00', 'dsQty': '0', 'ordID': '260202000170446', 'sts': 'complete', 'dpInsTyp': '', 'rjRsn': '', 'userID': '80218397', 'dpExpDt': "05 FEB'26", 'ltSz': '20', 'tkSz': '0.05', 'desc': '20 Sold @ &#8377 52.00', 'prc': '52.00', 'exONo': '1770017337650247898', 'exp': '05Feb2026', 'rcvDt': '02/02/2026', 'pdQty': '0', 'userCmnt': 'NA', 'rmk': 'NA', 'boSeqId': '', 'epochTim': '1770018507614291', 'ordTim': '02/02/2026 13:18:27', 'trgId': '', 'dpVal': 'SENSEX', 'ltp': '26.10', 'bsktOrdId': '', 'bsktEpch': '', 'sipNo': 'NA', 'chg': '-91.65', 'chgP': '-77.83', 'lqdRsn': ''}, {'stkPrc': '78000', 'dur': 'EOS', 'vlDt': 'NA', 'rcvTim': '13:02:57', 'rcvEpTim': '02/02/2026 13:02:57', 'sym': '823153_BFO', 'cpName': '', 'exit': 'false', 'syomID': '', 'exc': 'BFO', 'ntQty': '20', 'dpName': 'SENSEX', 'cancel': 'false', 'sipID': 'N', 'nstReqID': '1', 'ordTyp': 'LIMIT', 'opTyp': 'PE', 'trsTyp': 'BUY', 'srs': 'XX', 'prdCode': 'NRML', 'prdDp': 'NRML', 'ogt': '--', 'flQty': '20', 'trdSym': 'SENSEX2620578000PE', 'edit': 'false', 'asTyp': 'OPTIDX', 'trgPrc': '0.00', 'avgPrc': '35.00', 'dsQty': '0', 'ordID': '260202000170137', 'sts': 'complete', 'dpInsTyp': '', 'rjRsn': '', 'userID': '80218397', 'dpExpDt': "05 FEB'26", 'ltSz': '20', 'tkSz': '0.05', 'desc': '20 Bought @ &#8377 35.00', 'prc': '35.00', 'exONo': '1770017220829570990', 'exp': '05Feb2026', 'rcvDt': '02/02/2026', 'pdQty': '0', 'userCmnt': 'NA', 'rmk': 'NA', 'boSeqId': '', 'epochTim': '1770017577788394', 'ordTim': '02/02/2026 13:02:57', 'trgId': '', 'dpVal': 'SENSEX', 'ltp': '20.65', 'bsktOrdId': '', 'bsktEpch': '', 'sipNo': 'NA', 'chg': '-62.15', 'chgP': '-75.06', 'lqdRsn': ''}, {'stkPrc': '83300', 'dur': 'EOS', 'vlDt': 'NA', 'rcvTim': '11:39:27', 'rcvEpTim': '02/02/2026 11:39:27', 'sym': '823275_BFO', 'cpName': '', 'exit': 'false', 'syomID': '', 'exc': 'BFO', 'ntQty': '80', 'dpName': 'SENSEX', 'cancel': 'false', 'sipID': 'N', 'nstReqID': '2', 'ordTyp': 'LIMIT', 'opTyp': 'CE', 'trsTyp': 'SELL', 'srs': 'XX', 'prdCode': 'NRML', 'prdDp': 'NRML', 'ogt': '--', 'flQty': '80', 'trdSym': 'SENSEX2620583300CE', 'edit': 'false', 'asTyp': 'OPTIDX', 'trgPrc': '0.00', 'avgPrc': '42.00', 'dsQty': '0', 'ordID': '260202000130222', 'sts': 'complete', 'dpInsTyp': '', 'rjRsn': '', 'userID': '80218397', 'dpExpDt': "05 FEB'26", 'ltSz': '20', 'tkSz': '0.05', 'desc': '80 Sold @ &#8377 42.00', 'prc': '42.00', 'exONo': '1770012373863384810', 'exp': '05Feb2026', 'rcvDt': '02/02/2026', 'pdQty': '0', 'userCmnt': 'NA', 'rmk': 'NA', 'boSeqId': '', 'epochTim': '1770012567874666', 'ordTim': '02/02/2026 11:39:27', 'trgId': '', 'dpVal': 'SENSEX', 'ltp': '59.20', 'bsktOrdId': '', 'bsktEpch': '', 'sipNo': 'NA', 'chg': '-29.35', 'chgP': '-33.15', 'lqdRsn': ''}, {'stkPrc': '83900', 'dur': 'EOS', 'vlDt': 'NA', 'rcvTim': '11:38:54', 'rcvEpTim': '02/02/2026 11:38:54', 'sym': '823376_BFO', 'cpName': '', 'exit': 'false', 'syomID': '', 'exc': 'BFO', 'ntQty': '60', 'dpName': 'SENSEX', 'cancel': 'false', 'sipID': 'N', 'nstReqID': '1', 'ordTyp': 'LIMIT', 'opTyp': 'CE', 'trsTyp': 'SELL', 'srs': 'XX', 'prdCode': 'NRML', 'prdDp': 'NRML', 'ogt': '--', 'flQty': '0', 'trdSym': 'SENSEX2620583900CE', 'edit': 'false', 'asTyp': 'OPTIDX', 'trgPrc': '0.00', 'avgPrc': '0.00', 'dsQty': '0', 'ordID': '260202000053702', 'sts': 'cancelled', 'dpInsTyp': '', 'rjRsn': '', 'userID': '80218397', 'dpExpDt': "05 FEB'26", 'ltSz': '20', 'tkSz': '0.05', 'desc': 'Sell 60 Qty @ &#8377 52.00', 'prc': '52.00', 'exONo': '1770005606930691711', 'exp': '05Feb2026', 'rcvDt': '02/02/2026', 'pdQty': '0', 'userCmnt': 'NA', 'rmk': 'NA', 'boSeqId': '', 'epochTim': '1770012534937599', 'ordTim': '02/02/2026 11:38:54', 'trgId': '', 'dpVal': 'SENSEX', 'ltp': '28.00', 'bsktOrdId': '', 'bsktEpch': '', 'sipNo': 'NA', 'chg': '-25.95', 'chgP': '-48.10', 'lqdRsn': ''}, {'stkPrc': '84500', 'dur': 'EOS', 'vlDt': 'NA', 'rcvTim': '09:49:39', 'rcvEpTim': '02/02/2026 09:49:39', 'sym': '823092_BFO', 'cpName': '', 'exit': 'false', 'syomID': '', 'exc': 'BFO', 'ntQty': '60', 'dpName': 'SENSEX', 'cancel': 'false', 'sipID': 'N', 'nstReqID': '1', 'ordTyp': 'LIMIT', 'opTyp': 'CE', 'trsTyp': 'BUY', 'srs': 'XX', 'prdCode': 'NRML', 'prdDp': 'NRML', 'ogt': '--', 'flQty': '60', 'trdSym': 'SENSEX2620584500CE', 'edit': 'false', 'asTyp': 'OPTIDX', 'trgPrc': '0.00', 'avgPrc': '29.30', 'dsQty': '0', 'ordID': '260202000051945', 'sts': 'complete', 'dpInsTyp': '', 'rjRsn': '', 'userID': '80218397', 'dpExpDt': "05 FEB'26", 'ltSz': '20', 'tkSz': '0.05', 'desc': '60 Bought @ &#8377 29.30', 'prc': '29.30', 'exONo': '1770005828568105239', 'exp': '05Feb2026', 'rcvDt': '02/02/2026', 'pdQty': '0', 'userCmnt': 'NA', 'rmk': 'NA', 'boSeqId': '', 'epochTim': '1770005979790795', 'ordTim': '02/02/2026 09:49:39', 'trgId': '', 'dpVal': 'SENSEX', 'ltp': '15.15', 'bsktOrdId': '', 'bsktEpch': '', 'sipNo': 'NA', 'chg': '-20.30', 'chgP': '-57.26', 'lqdRsn': ''}]}, 'msgID': 'fee7ca82-e60f-4f68-a166-ac148068fffe', 'srvTm': 1770047217158}
2026-02-02 21:16:54,012 [DEBUG] APIConnect.http: Request to url: https://nc.nuvamawealth.com/edelmw-comm/comm/orderbook/80218397?rTyp=COMFNO/
2026-02-02 21:16:54,320 [DEBUG] urllib3.connectionpool: https://nc.nuvamawealth.com:443 "GET /edelmw-comm/comm/orderbook/80218397?rTyp=COMFNO/ HTTP/1.1" 500 221
2026-02-02 21:16:54,322 [DEBUG] APIConnect.http: Error response: {"appID":"41da4012486b1acb3578c60f7f4e248a","config":{},"error":{"actCd":"50","errCd":"EGN0001","errMsg":"Something went wrong please try again later"},"msgID":"fb27f7c5-0e6c-4d95-ba78-55f5f974da0d","srvTm":1770047217464}
2026-02-02 21:16:54,322 [DEBUG] APIConnect.APIConnect: Response for comm: 
2026-02-03 18:30:47,683 [INFO] APIConnect.APIConnect: Logger initiated with default values.
2026-02-03 18:30:47,683 [INFO] constants.router: Router object is being created.
2026-02-03 18:30:47,684 [INFO] APIConnect.http: Http object is being created.
2026-02-03 18:30:47,684 [INFO] APIConnect.login_helper: LoginHelper object is being created.
2026-02-03 18:30:47,689 [INFO] APIConnect.APIConnect: User data file found, loading data.
2026-02-03 18:30:47,914 [INFO] feed.feed: Connection established with subscriber.
2026-02-03 18:31:08,926 [INFO] APIConnect.login_helper: Downloaded instruments.zip
2026-02-03 18:31:30,230 [INFO] APIConnect.login_helper: Downloaded mfInstruments.zip
2026-02-03 18:31:31,817 [INFO] APIConnect.login_helper: Extracted instruments.csv
2026-02-03 18:31:43,664 [INFO] APIConnect.login_helper: Loaded instruments.csv
2026-02-03 18:31:43,712 [INFO] APIConnect.login_helper: Extracted mfInstruments.csv
2026-02-03 18:31:44,162 [INFO] APIConnect.login_helper: Loaded mfInstruments.csv
2026-02-03 18:31:44,597 [INFO] APIConnect.APIConnect: OrderBook method is called.
2026-02-03 18:31:44,597 [DEBUG] APIConnect.APIConnect: OrderBook method is called for 'COMEQ' account type
2026-02-03 18:31:44,598 [DEBUG] APIConnect.http: Request to url: https://nc.nuvamawealth.com/edelmw-eq/eq/order/book/80218397/v1/
2026-02-03 18:31:44,614 [DEBUG] urllib3.connectionpool: Starting new HTTPS connection (1): nc.nuvamawealth.com:443
2026-02-03 18:31:44,760 [DEBUG] urllib3.connectionpool: https://nc.nuvamawealth.com:443 "GET /edelmw-eq/eq/order/book/80218397/v1/ HTTP/1.1" 401 193
2026-02-03 18:48:09,977 [INFO] APIConnect.APIConnect: Logger initiated with default values.
2026-02-03 18:48:09,977 [INFO] constants.router: Router object is being created.
2026-02-03 18:48:09,977 [INFO] APIConnect.http: Http object is being created.
2026-02-03 18:48:09,977 [INFO] APIConnect.login_helper: LoginHelper object is being created.
2026-02-03 18:48:09,979 [DEBUG] urllib3.connectionpool: Starting new HTTPS connection (1): nc.nuvamawealth.com:443
2026-02-03 18:48:26,029 [DEBUG] urllib3.connectionpool: https://nc.nuvamawealth.com:443 "POST /edelmw-login/login/accounts/loginvendor/CqaYbN86EaiTyA/ HTTP/1.1" 200 None
2026-02-03 18:48:26,031 [INFO] APIConnect.login_helper: User logged in successfully.
2026-02-03 18:48:26,031 [INFO] APIConnect.login_helper: Vendor session generated.
2026-02-03 18:48:26,302 [DEBUG] urllib3.connectionpool: https://nc.nuvamawealth.com:443 "POST /edelmw-login/login/accounts/logindata/ HTTP/1.1" 200 None
2026-02-03 18:48:26,305 [DEBUG] APIConnect.login_helper: Login details are pickled in file.
2026-02-03 18:48:26,305 [INFO] APIConnect.login_helper: Authorization done succesfully.
2026-02-03 18:48:29,547 [INFO] APIConnect.login_helper: Downloaded instruments.zip
2026-02-03 18:48:30,469 [INFO] feed.feed: Connection established with subscriber.
2026-02-03 18:48:45,747 [INFO] APIConnect.login_helper: Downloaded mfInstruments.zip
2026-02-03 18:48:46,108 [INFO] APIConnect.login_helper: Extracted instruments.csv
2026-02-03 18:48:47,934 [INFO] APIConnect.login_helper: Loaded instruments.csv
2026-02-03 18:48:47,985 [INFO] APIConnect.login_helper: Extracted mfInstruments.csv
2026-02-03 18:48:48,060 [INFO] APIConnect.login_helper: Loaded mfInstruments.csv
2026-02-03 18:48:48,125 [INFO] APIConnect.APIConnect: OrderBook method is called.
2026-02-03 18:48:48,125 [DEBUG] APIConnect.APIConnect: OrderBook method is called for 'COMEQ' account type
2026-02-03 18:48:48,125 [DEBUG] APIConnect.http: Request to url: https://nc.nuvamawealth.com/edelmw-eq/eq/order/book/80218397/v1/
2026-02-03 18:48:48,355 [DEBUG] urllib3.connectionpool: https://nc.nuvamawealth.com:443 "GET /edelmw-eq/eq/order/book/80218397/v1/ HTTP/1.1" 401 193
2026-02-03 18:51:15,344 [INFO] APIConnect.APIConnect: Logger initiated with default values.
2026-02-03 18:51:15,344 [INFO] constants.router: Router object is being created.
2026-02-03 18:51:15,345 [INFO] APIConnect.http: Http object is being created.
2026-02-03 18:51:15,345 [INFO] APIConnect.login_helper: LoginHelper object is being created.
2026-02-03 18:51:15,352 [DEBUG] urllib3.connectionpool: Starting new HTTPS connection (1): nc.nuvamawealth.com:443
2026-02-03 18:51:31,338 [DEBUG] urllib3.connectionpool: https://nc.nuvamawealth.com:443 "POST /edelmw-login/login/accounts/loginvendor/CqaYbN86EaiTyA/ HTTP/1.1" 200 None
2026-02-03 18:51:31,339 [INFO] APIConnect.login_helper: User logged in successfully.
2026-02-03 18:51:31,339 [INFO] APIConnect.login_helper: Vendor session generated.
2026-02-03 18:51:31,834 [DEBUG] urllib3.connectionpool: https://nc.nuvamawealth.com:443 "POST /edelmw-login/login/accounts/logindata/ HTTP/1.1" 222 196
2026-02-03 18:51:31,836 [DEBUG] APIConnect.http: Error response: {"appID":"41da4012486b1acb3578c60f7f4e248a","config":{},"error":{"actCd":"54","errCd":"ETRD0009","errMsg":"No data available"},"msgID":"b3f34798-481a-42b2-b262-8986c1ac34cc","srvTm":1770124895872}
2026-02-03 18:51:31,837 [DEBUG] APIConnect.login_helper: Login request id has expired. Need to regenerate.
2026-02-03 18:55:23,289 [INFO] APIConnect.APIConnect: Logger initiated with default values.
2026-02-03 18:55:23,291 [INFO] constants.router: Router object is being created.
2026-02-03 18:55:23,291 [INFO] APIConnect.http: Http object is being created.
2026-02-03 18:55:23,292 [INFO] APIConnect.login_helper: LoginHelper object is being created.
2026-02-03 18:55:23,299 [DEBUG] urllib3.connectionpool: Starting new HTTPS connection (1): nc.nuvamawealth.com:443
2026-02-03 18:55:38,581 [DEBUG] urllib3.connectionpool: https://nc.nuvamawealth.com:443 "POST /edelmw-login/login/accounts/loginvendor/CqaYbN86EaiTyA/ HTTP/1.1" 200 None
2026-02-03 18:55:38,584 [INFO] APIConnect.login_helper: User logged in successfully.
2026-02-03 18:55:38,584 [INFO] APIConnect.login_helper: Vendor session generated.
2026-02-03 18:55:38,671 [DEBUG] urllib3.connectionpool: https://nc.nuvamawealth.com:443 "POST /edelmw-login/login/accounts/logindata/ HTTP/1.1" 222 196
2026-02-03 18:55:38,671 [DEBUG] APIConnect.http: Error response: {"appID":"41da4012486b1acb3578c60f7f4e248a","config":{},"error":{"actCd":"54","errCd":"ETRD0009","errMsg":"No data available"},"msgID":"131d4b3a-dff4-4657-8a66-3b1cda4099c7","srvTm":1770125142802}
2026-02-03 18:55:38,672 [DEBUG] APIConnect.login_helper: Login request id has expired. Need to regenerate.
2026-02-03 19:01:20,351 [INFO] APIConnect.APIConnect: Logger initiated with default values.
2026-02-03 19:01:20,352 [INFO] constants.router: Router object is being created.
2026-02-03 19:01:20,352 [INFO] APIConnect.http: Http object is being created.
2026-02-03 19:01:20,355 [INFO] APIConnect.login_helper: LoginHelper object is being created.
2026-02-03 19:01:20,364 [DEBUG] urllib3.connectionpool: Starting new HTTPS connection (1): nc.nuvamawealth.com:443
2026-02-03 19:01:22,430 [DEBUG] urllib3.connectionpool: https://nc.nuvamawealth.com:443 "POST /edelmw-login/login/accounts/loginvendor/CqaYbN86EaiTyA/ HTTP/1.1" 200 None
2026-02-03 19:01:22,431 [INFO] APIConnect.login_helper: User logged in successfully.
2026-02-03 19:01:22,431 [INFO] APIConnect.login_helper: Vendor session generated.
2026-02-03 19:01:23,587 [DEBUG] urllib3.connectionpool: https://nc.nuvamawealth.com:443 "POST /edelmw-login/login/accounts/logindata/ HTTP/1.1" 200 None
2026-02-03 19:01:23,591 [DEBUG] APIConnect.login_helper: Login details are pickled in file.
2026-02-03 19:01:23,592 [INFO] APIConnect.login_helper: Authorization done succesfully.
2026-02-03 19:01:38,971 [INFO] feed.feed: Connection established with subscriber.
2026-02-03 19:01:45,485 [INFO] APIConnect.login_helper: Downloaded instruments.zip
2026-02-03 19:01:48,552 [INFO] APIConnect.login_helper: Downloaded mfInstruments.zip
2026-02-03 19:01:48,940 [INFO] APIConnect.login_helper: Extracted instruments.csv
2026-02-03 19:01:51,999 [INFO] APIConnect.login_helper: Loaded instruments.csv
2026-02-03 19:01:52,060 [INFO] APIConnect.login_helper: Extracted mfInstruments.csv
2026-02-03 19:01:52,220 [INFO] APIConnect.login_helper: Loaded mfInstruments.csv
2026-02-03 19:01:52,401 [INFO] APIConnect.APIConnect: OrderBook method is called.
2026-02-03 19:01:52,402 [DEBUG] APIConnect.APIConnect: OrderBook method is called for 'COMEQ' account type
2026-02-03 19:01:52,402 [DEBUG] APIConnect.http: Request to url: https://nc.nuvamawealth.com/edelmw-eq/eq/order/book/80218397/v1/
2026-02-03 19:01:53,102 [DEBUG] urllib3.connectionpool: https://nc.nuvamawealth.com:443 "GET /edelmw-eq/eq/order/book/80218397/v1/ HTTP/1.1" 200 None
2026-02-03 19:01:53,104 [DEBUG] APIConnect.APIConnect: Response for eq: {'appID': '41da4012486b1acb3578c60f7f4e248a', 'config': {'app': 1, 'exp': 1770076825516, 'info': 4}, 'data': {'type': 'orderBookResponse', 'ord': [{'stkPrc': '84200', 'dur': 'EOS', 'vlDt': 'NA', 'rcvTim': '15:10:32', 'rcvEpTim': '03/02/2026 15:10:32', 'sym': '823184_BFO', 'cpName': '', 'exit': 'false', 'syomID': '', 'exc': 'BFO', 'ntQty': '40', 'dpName': 'SENSEX', 'cancel': 'false', 'sipID': 'N', 'nstReqID': '1', 'ordTyp': 'LIMIT', 'opTyp': 'CE', 'trsTyp': 'SELL', 'srs': 'XX', 'prdCode': 'NRML', 'prdDp': 'NRML', 'ogt': '--', 'flQty': '40', 'trdSym': 'SENSEX2620584200CE', 'edit': 'false', 'asTyp': 'OPTIDX', 'trgPrc': '0.00', 'avgPrc': '230.00', 'dsQty': '0', 'ordID': '260203000288545', 'sts': 'complete', 'dpInsTyp': '', 'rjRsn': '', 'userID': '80218397', 'dpExpDt': "05 FEB'26", 'ltSz': '20', 'tkSz': '0.05', 'desc': '40 Sold @ &#8377 230.00', 'prc': '230.00', 'exONo': '1770111612840019446', 'exp': '05Feb2026', 'rcvDt': '03/02/2026', 'pdQty': '0', 'userCmnt': 'NA', 'rmk': 'NA', 'boSeqId': '', 'epochTim': '1770111632168528', 'ordTim': '03/02/2026 15:10:32', 'trgId': '', 'dpVal': 'SENSEX', 'ltp': '268.75', 'bsktOrdId': '', 'bsktEpch': '', 'sipNo': 'NA', 'chg': '247.85', 'chgP': '1185.89', 'lqdRsn': ''}, {'stkPrc': '84000', 'dur': 'EOS', 'vlDt': 'NA', 'rcvTim': '15:10:04', 'rcvEpTim': '03/02/2026 15:10:04', 'sym': '823147_BFO', 'cpName': '', 'exit': 'false', 'syomID': '', 'exc': 'BFO', 'ntQty': '40', 'dpName': 'SENSEX', 'cancel': 'false', 'sipID': 'N', 'nstReqID': '1', 'ordTyp': 'LIMIT', 'opTyp': 'CE', 'trsTyp': 'BUY', 'srs': 'XX', 'prdCode': 'NRML', 'prdDp': 'NRML', 'ogt': '--', 'flQty': '40', 'trdSym': 'SENSEX2620584000CE', 'edit': 'false', 'asTyp': 'OPTIDX', 'trgPrc': '0.00', 'avgPrc': '300.00', 'dsQty': '0', 'ordID': '260203000284275', 'sts': 'complete', 'dpInsTyp': '', 'rjRsn': '', 'userID': '80218397', 'dpExpDt': "05 FEB'26", 'ltSz': '20', 'tkSz': '0.05', 'desc': '40 Bought @ &#8377 300.00', 'prc': '300.00', 'exONo': '1770111094472761755', 'exp': '05Feb2026', 'rcvDt': '03/02/2026', 'pdQty': '0', 'userCmnt': 'NA', 'rmk': 'NA', 'boSeqId': '', 'epochTim': '1770111604157347', 'ordTim': '03/02/2026 15:10:04', 'trgId': '', 'dpVal': 'SENSEX', 'ltp': '341.80', 'bsktOrdId': '', 'bsktEpch': '', 'sipNo': 'NA', 'chg': '316.45', 'chgP': '1248.32', 'lqdRsn': ''}, {'stkPrc': '84200', 'dur': 'EOS', 'vlDt': 'NA', 'rcvTim': '15:05:58', 'rcvEpTim': '03/02/2026 15:05:58', 'sym': '823184_BFO', 'cpName': '', 'exit': 'false', 'syomID': '', 'exc': 'BFO', 'ntQty': '40', 'dpName': 'SENSEX', 'cancel': 'false', 'sipID': 'N', 'nstReqID': '1', 'ordTyp': 'LIMIT', 'opTyp': 'CE', 'trsTyp': 'SELL', 'srs': 'XX', 'prdCode': 'NRML', 'prdDp': 'NRML', 'ogt': '--', 'flQty': '40', 'trdSym': 'SENSEX2620584200CE', 'edit': 'false', 'asTyp': 'OPTIDX', 'trgPrc': '0.00', 'avgPrc': '250.00', 'dsQty': '0', 'ordID': '260203000284090', 'sts': 'complete', 'dpInsTyp': '', 'rjRsn': '', 'userID': '80218397', 'dpExpDt': "05 FEB'26", 'ltSz': '20', 'tkSz': '0.05', 'desc': '40 Sold @ &#8377 250.00', 'prc': '250.00', 'exONo': '1770111131920455086', 'exp': '05Feb2026', 'rcvDt': '03/02/2026', 'pdQty': '0', 'userCmnt': 'NA', 'rmk': 'NA', 'boSeqId': '', 'epochTim': '1770111358155581', 'ordTim': '03/02/2026 15:05:58', 'trgId': '', 'dpVal': 'SENSEX', 'ltp': '268.75', 'bsktOrdId': '', 'bsktEpch': '', 'sipNo': 'NA', 'chg': '247.85', 'chgP': '1185.89', 'lqdRsn': ''}, {'stkPrc': '84100', 'dur': 'EOS', 'vlDt': 'NA', 'rcvTim': '15:05:32', 'rcvEpTim': '03/02/2026 15:05:32', 'sym': '823028_BFO', 'cpName': '', 'exit': 'false', 'syomID': '', 'exc': 'BFO', 'ntQty': '40', 'dpName': 'SENSEX', 'cancel': 'false', 'sipID': 'N', 'nstReqID': '1', 'ordTyp': 'LIMIT', 'opTyp': 'CE', 'trsTyp': 'BUY', 'srs': 'XX', 'prdCode': 'NRML', 'prdDp': 'NRML', 'ogt': '--', 'flQty': '40', 'trdSym': 'SENSEX2620584100CE', 'edit': 'false', 'asTyp': 'OPTIDX', 'trgPrc': '0.00', 'avgPrc': '275.00', 'dsQty': '0', 'ordID': '260203000283823', 'sts': 'complete', 'dpInsTyp': '', 'rjRsn': '', 'userID': '80218397', 'dpExpDt': "05 FEB'26", 'ltSz': '20', 'tkSz': '0.05', 'desc': '40 Bought @ &#8377 275.00', 'prc': '275.00', 'exONo': '1770111172790411022', 'exp': '05Feb2026', 'rcvDt': '03/02/2026', 'pdQty': '0', 'userCmnt': 'NA', 'rmk': 'NA', 'boSeqId': '', 'epochTim': '1770111332863304', 'ordTim': '03/02/2026 15:05:32', 'trgId': '', 'dpVal': 'SENSEX', 'ltp': '305.55', 'bsktOrdId': '', 'bsktEpch': '', 'sipNo': 'NA', 'chg': '282.45', 'chgP': '1222.73', 'lqdRsn': ''}, {'stkPrc': '84000', 'dur': 'EOS', 'vlDt': 'NA', 'rcvTim': '12:55:05', 'rcvEpTim': '03/02/2026 12:55:05', 'sym': '823147_BFO', 'cpName': '', 'exit': 'false', 'syomID': '', 'exc': 'BFO', 'ntQty': '40', 'dpName': 'SENSEX', 'cancel': 'false', 'sipID': 'N', 'nstReqID': '2', 'ordTyp': 'LIMIT', 'opTyp': 'CE', 'trsTyp': 'SELL', 'srs': 'XX', 'prdCode': 'NRML', 'prdDp': 'NRML', 'ogt': '--', 'flQty': '40', 'trdSym': 'SENSEX2620584000CE', 'edit': 'false', 'asTyp': 'OPTIDX', 'trgPrc': '0.00', 'avgPrc': '480.00', 'dsQty': '0', 'ordID': '260203000201223', 'sts': 'complete', 'dpInsTyp': '', 'rjRsn': '', 'userID': '80218397', 'dpExpDt': "05 FEB'26", 'ltSz': '20', 'tkSz': '0.05', 'desc': '40 Sold @ &#8377 480.00', 'prc': '480.00', 'exONo': '1770102102170764068', 'exp': '05Feb2026', 'rcvDt': '03/02/2026', 'pdQty': '0', 'userCmnt': 'NA', 'rmk': 'NA', 'boSeqId': '', 'epochTim': '1770103505488855', 'ordTim': '03/02/2026 12:55:05', 'trgId': '', 'dpVal': 'SENSEX', 'ltp': '341.80', 'bsktOrdId': '', 'bsktEpch': '', 'sipNo': 'NA', 'chg': '316.45', 'chgP': '1248.32', 'lqdRsn': ''}, {'stkPrc': '83300', 'dur': 'EOS', 'vlDt': 'NA', 'rcvTim': '12:36:02', 'rcvEpTim': '03/02/2026 12:36:02', 'sym': '823275_BFO', 'cpName': '', 'exit': 'false', 'syomID': '', 'exc': 'BFO', 'ntQty': '40', 'dpName': 'SENSEX', 'cancel': 'false', 'sipID': 'N', 'nstReqID': '3', 'ordTyp': 'LIMIT', 'opTyp': 'CE', 'trsTyp': 'BUY', 'srs': 'XX', 'prdCode': 'NRML', 'prdDp': 'NRML', 'ogt': '--', 'flQty': '40', 'trdSym': 'SENSEX2620583300CE', 'edit': 'false', 'asTyp': 'OPTIDX', 'trgPrc': '0.00', 'avgPrc': '850.00', 'dsQty': '0', 'ordID': '260203000114342', 'sts': 'complete', 'dpInsTyp': '', 'rjRsn': '', 'userID': '80218397', 'dpExpDt': "05 FEB'26", 'ltSz': '20', 'tkSz': '0.05', 'desc': '40 Bought @ &#8377 850.00', 'prc': '850.00', 'exONo': '1770094104914171040', 'exp': '05Feb2026', 'rcvDt': '03/02/2026', 'pdQty': '0', 'userCmnt': 'NA', 'rmk': 'NA', 'boSeqId': '', 'epochTim': '1770102362824811', 'ordTim': '03/02/2026 12:36:02', 'trgId': '', 'dpVal': 'SENSEX', 'ltp': '731.80', 'bsktOrdId': '', 'bsktEpch': '', 'sipNo': 'NA', 'chg': '670.40', 'chgP': '1091.86', 'lqdRsn': ''}, {'stkPrc': '82300', 'dur': 'EOS', 'vlDt': 'NA', 'rcvTim': '11:40:28', 'rcvEpTim': '03/02/2026 11:40:28', 'sym': '823081_BFO', 'cpName': '', 'exit': 'false', 'syomID': '', 'exc': 'BFO', 'ntQty': '80', 'dpName': 'SENSEX', 'cancel': 'false', 'sipID': 'N', 'nstReqID': '1', 'ordTyp': 'LIMIT', 'opTyp': 'PE', 'trsTyp': 'SELL', 'srs': 'XX', 'prdCode': 'NRML', 'prdDp': 'NRML', 'ogt': '--', 'flQty': '80', 'trdSym': 'SENSEX2620582300PE', 'edit': 'false', 'asTyp': 'OPTIDX', 'trgPrc': '0.00', 'avgPrc': '84.10', 'dsQty': '0', 'ordID': '260203000171172', 'sts': 'complete', 'dpInsTyp': '', 'rjRsn': '', 'userID': '80218397', 'dpExpDt': "05 FEB'26", 'ltSz': '20', 'tkSz': '0.05', 'desc': '80 Sold @ &#8377 84.10', 'prc': '84.10', 'exONo': '1770098516040943703', 'exp': '05Feb2026', 'rcvDt': '03/02/2026', 'pdQty': '0', 'userCmnt': 'NA', 'rmk': 'NA', 'boSeqId': '', 'epochTim': '1770099028984594', 'ordTim': '03/02/2026 11:40:28', 'trgId': '', 'dpVal': 'SENSEX', 'ltp': '70.25', 'bsktOrdId': '', 'bsktEpch': '', 'sipNo': 'NA', 'chg': '-812.10', 'chgP': '-92.04', 'lqdRsn': ''}, {'stkPrc': '80000', 'dur': 'EOS', 'vlDt': 'NA', 'rcvTim': '11:40:07', 'rcvEpTim': '03/02/2026 11:40:07', 'sym': '823080_BFO', 'cpName': '', 'exit': 'false', 'syomID': '', 'exc': 'BFO', 'ntQty': '60', 'dpName': 'SENSEX', 'cancel': 'false', 'sipID': 'N', 'nstReqID': '2', 'ordTyp': 'MARKET', 'opTyp': 'PE', 'trsTyp': 'BUY', 'srs': 'XX', 'prdCode': 'NRML', 'prdDp': 'NRML', 'ogt': '--', 'flQty': '60', 'trdSym': 'SENSEX2620580000PE', 'edit': 'false', 'asTyp': 'OPTIDX', 'trgPrc': '0.00', 'avgPrc': '26.25', 'dsQty': '0', 'ordID': '260203000166626', 'sts': 'complete', 'dpInsTyp': '', 'rjRsn': '', 'userID': '80218397', 'dpExpDt': "05 FEB'26", 'ltSz': '20', 'tkSz': '0.05', 'desc': '60 Bought @ &#8377 26.25', 'prc': '0.00', 'exONo': '1770098193601864102', 'exp': '05Feb2026', 'rcvDt': '03/02/2026', 'pdQty': '0', 'userCmnt': 'NA', 'rmk': 'NA', 'boSeqId': '', 'epochTim': '1770099007795675', 'ordTim': '03/02/2026 11:40:07', 'trgId': '', 'dpVal': 'SENSEX', 'ltp': '19.10', 'bsktOrdId': '', 'bsktEpch': '', 'sipNo': 'NA', 'chg': '-72.60', 'chgP': '-79.17', 'lqdRsn': ''}, {'stkPrc': '87500', 'dur': 'EOS', 'vlDt': 'NA', 'rcvTim': '11:33:22', 'rcvEpTim': '03/02/2026 11:33:22', 'sym': '823206_BFO', 'cpName': '', 'exit': 'false', 'syomID': '', 'exc': 'BFO', 'ntQty': '60', 'dpName': 'SENSEX', 'cancel': 'false', 'sipID': 'N', 'nstReqID': '2', 'ordTyp': 'MARKET', 'opTyp': 'CE', 'trsTyp': 'BUY', 'srs': 'XX', 'prdCode': 'NRML', 'prdDp': 'NRML', 'ogt': '--', 'flQty': '60', 'trdSym': 'SENSEX2620587500CE', 'edit': 'false', 'asTyp': 'OPTIDX', 'trgPrc': '0.00', 'avgPrc': '26.00', 'dsQty': '0', 'ordID': '260203000165093', 'sts': 'complete', 'dpInsTyp': '', 'rjRsn': '', 'userID': '80218397', 'dpExpDt': "05 FEB'26", 'ltSz': '20', 'tkSz': '0.05', 'desc': '60 Bought @ &#8377 26.00', 'prc': '0.00', 'exONo': '1770098143212620269', 'exp': '05Feb2026', 'rcvDt': '03/02/2026', 'pdQty': '0', 'userCmnt': 'NA', 'rmk': 'NA', 'boSeqId': '', 'epochTim': '1770098602240519', 'ordTim': '03/02/2026 11:33:22', 'trgId': '', 'dpVal': 'SENSEX', 'ltp': '11.65', 'bsktOrdId': '', 'bsktEpch': '', 'sipNo': 'NA', 'chg': '7.15', 'chgP': '158.89', 'lqdRsn': ''}, {'stkPrc': '81500', 'dur': 'EOS', 'vlDt': 'NA', 'rcvTim': '11:31:49', 'rcvEpTim': '03/02/2026 11:31:49', 'sym': '823327_BFO', 'cpName': '', 'exit': 'false', 'syomID': '', 'exc': 'BFO', 'ntQty': '60', 'dpName': 'SENSEX', 'cancel': 'false', 'sipID': 'N', 'nstReqID': '1', 'ordTyp': 'LIMIT', 'opTyp': 'PE', 'trsTyp': 'BUY', 'srs': 'XX', 'prdCode': 'NRML', 'prdDp': 'NRML', 'ogt': '--', 'flQty': '60', 'trdSym': 'SENSEX2620581500PE', 'edit': 'false', 'asTyp': 'OPTIDX', 'trgPrc': '0.00', 'avgPrc': '47.50', 'dsQty': '0', 'ordID': '260203000164696', 'sts': 'complete', 'dpInsTyp': '', 'rjRsn': '', 'userID': '80218397', 'dpExpDt': "05 FEB'26", 'ltSz': '20', 'tkSz': '0.05', 'desc': '60 Bought @ &#8377 47.50', 'prc': '47.50', 'exONo': '1770098240413385608', 'exp': '05Feb2026', 'rcvDt': '03/02/2026', 'pdQty': '0', 'userCmnt': 'NA', 'rmk': 'NA', 'boSeqId': '', 'epochTim': '1770098509514968', 'ordTim': '03/02/2026 11:31:49', 'trgId': '', 'dpVal': 'SENSEX', 'ltp': '38.50', 'bsktOrdId': '', 'bsktEpch': '', 'sipNo': 'NA', 'chg': '-387.95', 'chgP': '-90.97', 'lqdRsn': ''}, {'stkPrc': '84100', 'dur': 'EOS', 'vlDt': 'NA', 'rcvTim': '11:31:17', 'rcvEpTim': '03/02/2026 11:31:17', 'sym': '823028_BFO', 'cpName': '', 'exit': 'false', 'syomID': '', 'exc': 'BFO', 'ntQty': '40', 'dpName': 'SENSEX', 'cancel': 'false', 'sipID': 'N', 'nstReqID': '1', 'ordTyp': 'LIMIT', 'opTyp': 'CE', 'trsTyp': 'SELL', 'srs': 'XX', 'prdCode': 'NRML', 'prdDp': 'NRML', 'ogt': '--', 'flQty': '40', 'trdSym': 'SENSEX2620584100CE', 'edit': 'false', 'asTyp': 'OPTIDX', 'trgPrc': '0.00', 'avgPrc': '477.20', 'dsQty': '0', 'ordID': '260203000164499', 'sts': 'complete', 'dpInsTyp': '', 'rjRsn': '', 'userID': '80218397', 'dpExpDt': "05 FEB'26", 'ltSz': '20', 'tkSz': '0.05', 'desc': '40 Sold @ &#8377 477.20', 'prc': '475.00', 'exONo': '1770098308908383008', 'exp': '05Feb2026', 'rcvDt': '03/02/2026', 'pdQty': '0', 'userCmnt': 'NA', 'rmk': 'NA', 'boSeqId': '', 'epochTim': '1770098477879579', 'ordTim': '03/02/2026 11:31:17', 'trgId': '', 'dpVal': 'SENSEX', 'ltp': '305.55', 'bsktOrdId': '', 'bsktEpch': '', 'sipNo': 'NA', 'chg': '282.45', 'chgP': '1222.73', 'lqdRsn': ''}, {'stkPrc': '83300', 'dur': 'EOS', 'vlDt': 'NA', 'rcvTim': '11:31:00', 'rcvEpTim': '03/02/2026 11:31:00', 'sym': '823275_BFO', 'cpName': '', 'exit': 'false', 'syomID': '', 'exc': 'BFO', 'ntQty': '40', 'dpName': 'SENSEX', 'cancel': 'false', 'sipID': 'N', 'nstReqID': '4', 'ordTyp': 'LIMIT', 'opTyp': 'CE', 'trsTyp': 'BUY', 'srs': 'XX', 'prdCode': 'NRML', 'prdDp': 'NRML', 'ogt': '--', 'flQty': '40', 'trdSym': 'SENSEX2620583300CE', 'edit': 'false', 'asTyp': 'OPTIDX', 'trgPrc': '0.00', 'avgPrc': '940.00', 'dsQty': '0', 'ordID': '260203000103179', 'sts': 'complete', 'dpInsTyp': '', 'rjRsn': '', 'userID': '80218397', 'dpExpDt': "05 FEB'26", 'ltSz': '20', 'tkSz': '0.05', 'desc': '40 Bought @ &#8377 940.00', 'prc': '940.00', 'exONo': '1770093249580378050', 'exp': '05Feb2026', 'rcvDt': '03/02/2026', 'pdQty': '0', 'userCmnt': 'NA', 'rmk': 'NA', 'boSeqId': '', 'epochTim': '1770098460024488', 'ordTim': '03/02/2026 11:31:00', 'trgId': '', 'dpVal': 'SENSEX', 'ltp': '731.80', 'bsktOrdId': '', 'bsktEpch': '', 'sipNo': 'NA', 'chg': '670.40', 'chgP': '1091.86', 'lqdRsn': ''}, {'stkPrc': '81500', 'dur': 'EOS', 'vlDt': 'NA', 'rcvTim': '09:32:49', 'rcvEpTim': '03/02/2026 09:32:49', 'sym': '823327_BFO', 'cpName': '', 'exit': 'false', 'syomID': '', 'exc': 'BFO', 'ntQty': '60', 'dpName': 'SENSEX', 'cancel': 'false', 'sipID': 'N', 'nstReqID': '1', 'ordTyp': 'LIMIT', 'opTyp': 'PE', 'trsTyp': 'SELL', 'srs': 'XX', 'prdCode': 'NRML', 'prdDp': 'NRML', 'ogt': '--', 'flQty': '60', 'trdSym': 'SENSEX2620581500PE', 'edit': 'false', 'asTyp': 'OPTIDX', 'trgPrc': '0.00', 'avgPrc': '100.65', 'dsQty': '0', 'ordID': '260203000060978', 'sts': 'complete', 'dpInsTyp': '', 'rjRsn': '', 'userID': '80218397', 'dpExpDt': "05 FEB'26", 'ltSz': '20', 'tkSz': '0.05', 'desc': '60 Sold @ &#8377 100.65', 'prc': '100.65', 'exONo': '1770090963086889094', 'exp': '05Feb2026', 'rcvDt': '03/02/2026', 'pdQty': '0', 'userCmnt': 'NA', 'rmk': 'NA', 'boSeqId': '', 'epochTim': '1770091369944232', 'ordTim': '03/02/2026 09:32:49', 'trgId': '', 'dpVal': 'SENSEX', 'ltp': '38.50', 'bsktOrdId': '', 'bsktEpch': '', 'sipNo': 'NA', 'chg': '-387.95', 'chgP': '-90.97', 'lqdRsn': ''}, {'stkPrc': '81500', 'dur': 'EOS', 'vlDt': 'NA', 'rcvTim': '09:32:42', 'rcvEpTim': '03/02/2026 09:32:42', 'sym': '823327_BFO', 'cpName': '', 'exit': 'false', 'syomID': '', 'exc': 'BFO', 'ntQty': '80', 'dpName': 'SENSEX', 'cancel': 'false', 'sipID': 'N', 'nstReqID': '1', 'ordTyp': 'LIMIT', 'opTyp': 'PE', 'trsTyp': 'SELL', 'srs': 'XX', 'prdCode': 'NRML', 'prdDp': 'NRML', 'ogt': '--', 'flQty': '0', 'trdSym': 'SENSEX2620581500PE', 'edit': 'false', 'asTyp': 'OPTIDX', 'trgPrc': '0.00', 'avgPrc': '0.00', 'dsQty': '0', 'ordID': '260203000060832', 'sts': 'rejected', 'dpInsTyp': '', 'rjRsn': 'Insufficient Funds; Required Amount 953139.84; Available Amount 803643.12 [RMS]', 'userID': '80218397', 'dpExpDt': "05 FEB'26", 'ltSz': '20', 'tkSz': '0.05', 'desc': 'Sell 80 Qty @ &#8377 100.65', 'prc': '100.65', 'exONo': 'NA', 'exp': '05Feb2026', 'rcvDt': '03/02/2026', 'pdQty': '0', 'userCmnt': 'NA', 'rmk': 'NA', 'boSeqId': '', 'epochTim': '1770091362676623', 'ordTim': '03/02/2026 09:32:42', 'trgId': '', 'dpVal': 'SENSEX', 'cta': 'Code2', 'ltp': '38.50', 'bsktOrdId': '', 'bsktEpch': '', 'sipNo': 'NA', 'chg': '-387.95', 'chgP': '-90.97', 'lqdRsn': ''}, {'stkPrc': '79300', 'dur': 'EOS', 'vlDt': 'NA', 'rcvTim': '09:21:16', 'rcvEpTim': '03/02/2026 09:21:16', 'sym': '823382_BFO', 'cpName': '', 'exit': 'false', 'syomID': '', 'exc': 'BFO', 'ntQty': '80', 'dpName': 'SENSEX', 'cancel': 'false', 'sipID': 'N', 'nstReqID': '1', 'ordTyp': 'LIMIT', 'opTyp': 'PE', 'trsTyp': 'BUY', 'srs': 'XX', 'prdCode': 'NRML', 'prdDp': 'NRML', 'ogt': '--', 'flQty': '80', 'trdSym': 'SENSEX2620579300PE', 'edit': 'false', 'asTyp': 'OPTIDX', 'trgPrc': '0.00', 'avgPrc': '24.90', 'dsQty': '0', 'ordID': '260203000036868', 'sts': 'complete', 'dpInsTyp': '', 'rjRsn': '', 'userID': '80218397', 'dpExpDt': "05 FEB'26", 'ltSz': '20', 'tkSz': '0.05', 'desc': '80 Bought @ &#8377 24.90', 'prc': '24.90', 'exONo': '1770090300001209948', 'exp': '05Feb2026', 'rcvDt': '03/02/2026', 'pdQty': '0', 'userCmnt': 'NA', 'rmk': 'NA', 'boSeqId': '', 'epochTim': '1770090676620345', 'ordTim': '03/02/2026 09:21:16', 'trgId': '', 'dpVal': 'SENSEX', 'ltp': '15.10', 'bsktOrdId': '', 'bsktEpch': '', 'sipNo': 'NA', 'chg': '-33.00', 'chgP': '-68.61', 'lqdRsn': ''}]}, 'msgID': '5a42b8c8-1616-492d-8791-75e4f25557c8', 'srvTm': 1770125516847}
2026-02-03 19:01:53,105 [DEBUG] APIConnect.http: Request to url: https://nc.nuvamawealth.com/edelmw-comm/comm/orderbook/80218397?rTyp=COMFNO/
2026-02-03 19:01:54,327 [DEBUG] urllib3.connectionpool: https://nc.nuvamawealth.com:443 "GET /edelmw-comm/comm/orderbook/80218397?rTyp=COMFNO/ HTTP/1.1" 500 221
2026-02-03 19:01:54,329 [DEBUG] APIConnect.http: Error response: {"appID":"41da4012486b1acb3578c60f7f4e248a","config":{},"error":{"actCd":"50","errCd":"EGN0001","errMsg":"Something went wrong please try again later"},"msgID":"b7836ab3-a00f-4368-a584-d038eac8ca78","srvTm":1770125518184}
2026-02-03 19:01:54,329 [DEBUG] APIConnect.APIConnect: Response for comm: 
2026-02-03 19:15:06,283 [INFO] APIConnect.APIConnect: Logger initiated with default values.
2026-02-03 19:15:06,285 [INFO] constants.router: Router object is being created.
2026-02-03 19:15:06,285 [INFO] APIConnect.http: Http object is being created.
2026-02-03 19:15:06,286 [INFO] APIConnect.login_helper: LoginHelper object is being created.
2026-02-03 19:15:06,286 [INFO] APIConnect.APIConnect: User data file found, loading data.
2026-02-03 19:15:26,822 [INFO] APIConnect.login_helper: Downloaded instruments.zip
2026-02-03 19:15:27,527 [INFO] feed.feed: Connection established with subscriber.
2026-02-03 19:15:28,959 [INFO] APIConnect.login_helper: Downloaded mfInstruments.zip
2026-02-03 19:15:29,398 [INFO] APIConnect.login_helper: Extracted instruments.csv
2026-02-03 19:15:32,621 [INFO] APIConnect.login_helper: Loaded instruments.csv
2026-02-03 19:15:32,682 [INFO] APIConnect.login_helper: Extracted mfInstruments.csv
2026-02-03 19:15:32,856 [INFO] APIConnect.login_helper: Loaded mfInstruments.csv
2026-02-03 19:33:30,242 [INFO] APIConnect.APIConnect: Logger initiated with default values.
2026-02-03 19:33:30,243 [INFO] constants.router: Router object is being created.
2026-02-03 19:33:30,244 [INFO] APIConnect.http: Http object is being created.
2026-02-03 19:33:30,244 [INFO] APIConnect.login_helper: LoginHelper object is being created.
2026-02-03 19:33:30,244 [INFO] APIConnect.APIConnect: User data file found, loading data.
2026-02-03 19:33:41,405 [ERROR] APIConnect.login_helper: Error occurred while downloading/ reading instruments: <urlopen error [Errno 11002] getaddrinfo failed>
Traceback (most recent call last):
  File "C:\Users\peehu\AppData\Local\Programs\Python\Python312\Lib\urllib\request.py", line 1344, in do_open
    h.request(req.get_method(), req.selector, req.data, headers,
  File "C:\Users\peehu\AppData\Local\Programs\Python\Python312\Lib\http\client.py", line 1336, in request
    self._send_request(method, url, body, headers, encode_chunked)
  File "C:\Users\peehu\AppData\Local\Programs\Python\Python312\Lib\http\client.py", line 1382, in _send_request
    self.endheaders(body, encode_chunked=encode_chunked)
  File "C:\Users\peehu\AppData\Local\Programs\Python\Python312\Lib\http\client.py", line 1331, in endheaders
    self._send_output(message_body, encode_chunked=encode_chunked)
  File "C:\Users\peehu\AppData\Local\Programs\Python\Python312\Lib\http\client.py", line 1091, in _send_output
    self.send(msg)
  File "C:\Users\peehu\AppData\Local\Programs\Python\Python312\Lib\http\client.py", line 1035, in send
    self.connect()
  File "C:\Users\peehu\AppData\Local\Programs\Python\Python312\Lib\http\client.py", line 1470, in connect
    super().connect()
  File "C:\Users\peehu\AppData\Local\Programs\Python\Python312\Lib\http\client.py", line 1001, in connect
    self.sock = self._create_connection(
                ^^^^^^^^^^^^^^^^^^^^^^^^
  File "C:\Users\peehu\AppData\Local\Programs\Python\Python312\Lib\socket.py", line 841, in create_connection
    for res in getaddrinfo(host, port, 0, SOCK_STREAM):
               ^^^^^^^^^^^^^^^^^^^^^^^^^^^^^^^^^^^^^^^
  File "C:\Users\peehu\AppData\Local\Programs\Python\Python312\Lib\socket.py", line 976, in getaddrinfo
    for res in _socket.getaddrinfo(host, port, family, type, proto, flags):
               ^^^^^^^^^^^^^^^^^^^^^^^^^^^^^^^^^^^^^^^^^^^^^^^^^^^^^^^^^^^
socket.gaierror: [Errno 11002] getaddrinfo failed

During handling of the above exception, another exception occurred:

Traceback (most recent call last):
  File "C:\Users\peehu\AppData\Local\Programs\Python\Python312\Lib\site-packages\APIConnect\login_helper.py", line 108, in _Instruments
    urllib.request.urlretrieve(url, 'instruments.zip')
  File "C:\Users\peehu\AppData\Local\Programs\Python\Python312\Lib\urllib\request.py", line 240, in urlretrieve
    with contextlib.closing(urlopen(url, data)) as fp:
                            ^^^^^^^^^^^^^^^^^^
  File "C:\Users\peehu\AppData\Local\Programs\Python\Python312\Lib\urllib\request.py", line 215, in urlopen
    return opener.open(url, data, timeout)
           ^^^^^^^^^^^^^^^^^^^^^^^^^^^^^^^
  File "C:\Users\peehu\AppData\Local\Programs\Python\Python312\Lib\urllib\request.py", line 515, in open
    response = self._open(req, data)
               ^^^^^^^^^^^^^^^^^^^^^
  File "C:\Users\peehu\AppData\Local\Programs\Python\Python312\Lib\urllib\request.py", line 532, in _open
    result = self._call_chain(self.handle_open, protocol, protocol +
             ^^^^^^^^^^^^^^^^^^^^^^^^^^^^^^^^^^^^^^^^^^^^^^^^^^^^^^^
  File "C:\Users\peehu\AppData\Local\Programs\Python\Python312\Lib\urllib\request.py", line 492, in _call_chain
    result = func(*args)
             ^^^^^^^^^^^
  File "C:\Users\peehu\AppData\Local\Programs\Python\Python312\Lib\urllib\request.py", line 1392, in https_open
    return self.do_open(http.client.HTTPSConnection, req,
           ^^^^^^^^^^^^^^^^^^^^^^^^^^^^^^^^^^^^^^^^^^^^^^
  File "C:\Users\peehu\AppData\Local\Programs\Python\Python312\Lib\urllib\request.py", line 1347, in do_open
    raise URLError(err)
urllib.error.URLError: <urlopen error [Errno 11002] getaddrinfo failed>
2026-02-03 19:33:45,472 [INFO] feed.feed: Connection established with subscriber.
2026-02-04 19:10:31,373 [INFO] APIConnect.APIConnect: Logger initiated with default values.
2026-02-04 19:10:31,374 [INFO] constants.router: Router object is being created.
2026-02-04 19:10:31,374 [INFO] APIConnect.http: Http object is being created.
2026-02-04 19:10:31,375 [INFO] APIConnect.login_helper: LoginHelper object is being created.
2026-02-04 19:10:31,375 [INFO] APIConnect.APIConnect: User data file found, loading data.
2026-02-04 19:10:31,531 [INFO] feed.feed: Connection established with subscriber.
2026-02-04 19:10:33,721 [INFO] APIConnect.login_helper: Downloaded instruments.zip
2026-02-04 19:10:33,839 [INFO] APIConnect.login_helper: Downloaded mfInstruments.zip
2026-02-04 19:10:34,211 [INFO] APIConnect.login_helper: Extracted instruments.csv
2026-02-04 19:10:37,402 [INFO] APIConnect.login_helper: Loaded instruments.csv
2026-02-04 19:10:37,421 [INFO] APIConnect.login_helper: Extracted mfInstruments.csv
2026-02-04 19:10:37,598 [INFO] APIConnect.login_helper: Loaded mfInstruments.csv
2026-02-04 19:10:37,790 [INFO] APIConnect.APIConnect: OrderBook method is called.
2026-02-04 19:10:37,790 [DEBUG] APIConnect.APIConnect: OrderBook method is called for 'COMEQ' account type
2026-02-04 19:10:37,791 [DEBUG] APIConnect.http: Request to url: https://nc.nuvamawealth.com/edelmw-eq/eq/order/book/80218397/v1/
2026-02-04 19:10:37,802 [DEBUG] urllib3.connectionpool: Starting new HTTPS connection (1): nc.nuvamawealth.com:443
2026-02-04 19:10:37,935 [DEBUG] urllib3.connectionpool: https://nc.nuvamawealth.com:443 "GET /edelmw-eq/eq/order/book/80218397/v1/ HTTP/1.1" 401 174
2026-02-04 19:21:14,028 [INFO] APIConnect.APIConnect: Logger initiated with default values.
2026-02-04 19:21:14,029 [INFO] constants.router: Router object is being created.
2026-02-04 19:21:14,029 [INFO] APIConnect.http: Http object is being created.
2026-02-04 19:21:14,030 [INFO] APIConnect.login_helper: LoginHelper object is being created.
2026-02-04 19:21:14,046 [DEBUG] urllib3.connectionpool: Starting new HTTPS connection (1): nc.nuvamawealth.com:443
2026-02-04 19:21:14,410 [DEBUG] urllib3.connectionpool: https://nc.nuvamawealth.com:443 "POST /edelmw-login/login/accounts/loginvendor/CqaYbN86EaiTyA/ HTTP/1.1" 200 None
2026-02-04 19:21:14,412 [INFO] APIConnect.login_helper: User logged in successfully.
2026-02-04 19:21:14,412 [INFO] APIConnect.login_helper: Vendor session generated.
2026-02-04 19:21:14,466 [DEBUG] urllib3.connectionpool: https://nc.nuvamawealth.com:443 "POST /edelmw-login/login/accounts/logindata/ HTTP/1.1" 200 None
2026-02-04 19:21:14,470 [DEBUG] APIConnect.login_helper: Login details are pickled in file.
2026-02-04 19:21:14,470 [INFO] APIConnect.login_helper: Authorization done succesfully.
2026-02-04 19:21:14,621 [INFO] feed.feed: Connection established with subscriber.
2026-02-04 19:21:15,783 [INFO] APIConnect.login_helper: Downloaded instruments.zip
2026-02-04 19:21:16,171 [INFO] APIConnect.login_helper: Downloaded mfInstruments.zip
2026-02-04 19:21:16,622 [INFO] APIConnect.login_helper: Extracted instruments.csv
2026-02-04 19:21:19,676 [INFO] APIConnect.login_helper: Loaded instruments.csv
2026-02-04 19:21:19,732 [INFO] APIConnect.login_helper: Extracted mfInstruments.csv
2026-02-04 19:21:19,891 [INFO] APIConnect.login_helper: Loaded mfInstruments.csv
2026-02-04 19:21:20,085 [INFO] APIConnect.APIConnect: OrderBook method is called.
2026-02-04 19:21:20,086 [DEBUG] APIConnect.APIConnect: OrderBook method is called for 'COMEQ' account type
2026-02-04 19:21:20,086 [DEBUG] APIConnect.http: Request to url: https://nc.nuvamawealth.com/edelmw-eq/eq/order/book/80218397/v1/
2026-02-04 19:21:20,159 [DEBUG] urllib3.connectionpool: https://nc.nuvamawealth.com:443 "GET /edelmw-eq/eq/order/book/80218397/v1/ HTTP/1.1" 200 None
2026-02-04 19:21:20,161 [DEBUG] APIConnect.APIConnect: Response for eq: {'appID': '41da4012486b1acb3578c60f7f4e248a', 'config': {'app': 1, 'exp': 1770163225788, 'info': 4}, 'data': {'type': 'orderBookResponse', 'ord': [{'stkPrc': '83000', 'dur': 'EOS', 'vlDt': 'NA', 'rcvTim': '14:27:11', 'rcvEpTim': '04/02/2026 14:27:11', 'sym': '822956_BFO', 'cpName': '', 'exit': 'false', 'syomID': '', 'exc': 'BFO', 'ntQty': '100', 'dpName': 'SENSEX', 'cancel': 'false', 'sipID': 'N', 'nstReqID': '3', 'ordTyp': 'LIMIT', 'opTyp': 'PE', 'trsTyp': 'SELL', 'srs': 'XX', 'prdCode': 'NRML', 'prdDp': 'NRML', 'ogt': '--', 'flQty': '100', 'trdSym': 'SENSEX2620583000PE', 'edit': 'false', 'asTyp': 'OPTIDX', 'trgPrc': '0.00', 'avgPrc': '44.00', 'dsQty': '0', 'ordID': '260204000185904', 'sts': 'complete', 'dpInsTyp': '', 'rjRsn': '', 'userID': '80218397', 'dpExpDt': "05 FEB'26", 'ltSz': '20', 'tkSz': '0.05', 'desc': '100 Sold @ &#8377 44.00', 'prc': '44.00', 'exONo': '1770195185457443361', 'exp': '05Feb2026', 'rcvDt': '04/02/2026', 'pdQty': '0', 'userCmnt': 'NA', 'rmk': 'NA', 'boSeqId': '', 'epochTim': '1770195431524477', 'ordTim': '04/02/2026 14:27:11', 'trgId': '', 'dpVal': 'SENSEX', 'ltp': '69.65', 'bsktOrdId': '', 'bsktEpch': '', 'sipNo': 'NA', 'chg': '-99.25', 'chgP': '-58.76', 'lqdRsn': ''}, {'stkPrc': '82800', 'dur': 'EOS', 'vlDt': 'NA', 'rcvTim': '14:26:16', 'rcvEpTim': '04/02/2026 14:26:16', 'sym': '823017_BFO', 'cpName': '', 'exit': 'false', 'syomID': '', 'exc': 'BFO', 'ntQty': '100', 'dpName': 'SENSEX', 'cancel': 'false', 'sipID': 'N', 'nstReqID': '1', 'ordTyp': 'LIMIT', 'opTyp': 'PE', 'trsTyp': 'BUY', 'srs': 'XX', 'prdCode': 'NRML', 'prdDp': 'NRML', 'ogt': '--', 'flQty': '100', 'trdSym': 'SENSEX2620582800PE', 'edit': 'false', 'asTyp': 'OPTIDX', 'trgPrc': '0.00', 'avgPrc': '31.50', 'dsQty': '0', 'ordID': '260204000185553', 'sts': 'complete', 'dpInsTyp': '', 'rjRsn': '', 'userID': '80218397', 'dpExpDt': "05 FEB'26", 'ltSz': '20', 'tkSz': '0.05', 'desc': '100 Bought @ &#8377 31.50', 'prc': '31.50', 'exONo': '1770194881571639948', 'exp': '05Feb2026', 'rcvDt': '04/02/2026', 'pdQty': '0', 'userCmnt': 'NA', 'rmk': 'NA', 'boSeqId': '', 'epochTim': '1770195376144626', 'ordTim': '04/02/2026 14:26:16', 'trgId': '', 'dpVal': 'SENSEX', 'ltp': '52.50', 'bsktOrdId': '', 'bsktEpch': '', 'sipNo': 'NA', 'chg': '-77.60', 'chgP': '-59.65', 'lqdRsn': ''}, {'stkPrc': '82800', 'dur': 'EOS', 'vlDt': 'NA', 'rcvTim': '11:10:40', 'rcvEpTim': '04/02/2026 11:10:40', 'sym': '823017_BFO', 'cpName': '', 'exit': 'false', 'syomID': '', 'exc': 'BFO', 'ntQty': '100', 'dpName': 'SENSEX', 'cancel': 'false', 'sipID': 'N', 'nstReqID': '1', 'ordTyp': 'LIMIT', 'opTyp': 'PE', 'trsTyp': 'SELL', 'srs': 'XX', 'prdCode': 'NRML', 'prdDp': 'NRML', 'ogt': '--', 'flQty': '100', 'trdSym': 'SENSEX2620582800PE', 'edit': 'false', 'asTyp': 'OPTIDX', 'trgPrc': '0.00', 'avgPrc': '60.00', 'dsQty': '0', 'ordID': '260204000107586', 'sts': 'complete', 'dpInsTyp': '', 'rjRsn': '', 'userID': '80218397', 'dpExpDt': "05 FEB'26", 'ltSz': '20', 'tkSz': '0.05', 'desc': '100 Sold @ &#8377 60.00', 'prc': '60.00', 'exONo': '1770183268055658014', 'exp': '05Feb2026', 'rcvDt': '04/02/2026', 'pdQty': '0', 'userCmnt': 'NA', 'rmk': 'NA', 'boSeqId': '', 'epochTim': '1770183640169949', 'ordTim': '04/02/2026 11:10:40', 'trgId': '', 'dpVal': 'SENSEX', 'ltp': '52.50', 'bsktOrdId': '', 'bsktEpch': '', 'sipNo': 'NA', 'chg': '-77.60', 'chgP': '-59.65', 'lqdRsn': ''}, {'stkPrc': '84300', 'dur': 'EOS', 'vlDt': 'NA', 'rcvTim': '11:07:04', 'rcvEpTim': '04/02/2026 11:07:04', 'sym': '823060_BFO', 'cpName': '', 'exit': 'false', 'syomID': '', 'exc': 'BFO', 'ntQty': '100', 'dpName': 'SENSEX', 'cancel': 'false', 'sipID': 'N', 'nstReqID': '1', 'ordTyp': 'LIMIT', 'opTyp': 'CE', 'trsTyp': 'SELL', 'srs': 'XX', 'prdCode': 'NRML', 'prdDp': 'NRML', 'ogt': '--', 'flQty': '100', 'trdSym': 'SENSEX2620584300CE', 'edit': 'false', 'asTyp': 'OPTIDX', 'trgPrc': '0.00', 'avgPrc': '91.00', 'dsQty': '0', 'ordID': '260204000107229', 'sts': 'complete', 'dpInsTyp': '', 'rjRsn': '', 'userID': '80218397', 'dpExpDt': "05 FEB'26", 'ltSz': '20', 'tkSz': '0.05', 'desc': '100 Sold @ &#8377 91.00', 'prc': '91.00', 'exONo': '1770183307949326146', 'exp': '05Feb2026', 'rcvDt': '04/02/2026', 'pdQty': '0', 'userCmnt': 'NA', 'rmk': 'NA', 'boSeqId': '', 'epochTim': '1770183424928274', 'ordTim': '04/02/2026 11:07:04', 'trgId': '', 'dpVal': 'SENSEX', 'ltp': '91.40', 'bsktOrdId': '', 'bsktEpch': '', 'sipNo': 'NA', 'chg': '-139.30', 'chgP': '-60.38', 'lqdRsn': ''}, {'stkPrc': '84200', 'dur': 'EOS', 'vlDt': 'NA', 'rcvTim': '10:57:51', 'rcvEpTim': '04/02/2026 10:57:51', 'sym': '823184_BFO', 'cpName': '', 'exit': 'false', 'syomID': '', 'exc': 'BFO', 'ntQty': '80', 'dpName': 'SENSEX', 'cancel': 'false', 'sipID': 'N', 'nstReqID': '1', 'ordTyp': 'LIMIT', 'opTyp': 'CE', 'trsTyp': 'BUY', 'srs': 'XX', 'prdCode': 'NRML', 'prdDp': 'NRML', 'ogt': '--', 'flQty': '80', 'trdSym': 'SENSEX2620584200CE', 'edit': 'false', 'asTyp': 'OPTIDX', 'trgPrc': '0.00', 'avgPrc': '100.00', 'dsQty': '0', 'ordID': '260204000095989', 'sts': 'complete', 'dpInsTyp': '', 'rjRsn': '', 'userID': '80218397', 'dpExpDt': "05 FEB'26", 'ltSz': '20', 'tkSz': '0.05', 'desc': '80 Bought @ &#8377 100.00', 'prc': '100.00', 'exONo': '1770181822903190519', 'exp': '05Feb2026', 'rcvDt': '04/02/2026', 'pdQty': '0', 'userCmnt': 'NA', 'rmk': 'NA', 'boSeqId': '', 'epochTim': '1770182871050676', 'ordTim': '04/02/2026 10:57:51', 'trgId': '', 'dpVal': 'SENSEX', 'ltp': '113.45', 'bsktOrdId': '', 'bsktEpch': '', 'sipNo': 'NA', 'chg': '-149.30', 'chgP': '-56.82', 'lqdRsn': ''}, {'stkPrc': '82700', 'dur': 'EOS', 'vlDt': 'NA', 'rcvTim': '10:56:11', 'rcvEpTim': '04/02/2026 10:56:11', 'sym': '823139_BFO', 'cpName': '', 'exit': 'false', 'syomID': '', 'exc': 'BFO', 'ntQty': '80', 'dpName': 'SENSEX', 'cancel': 'false', 'sipID': 'N', 'nstReqID': '1', 'ordTyp': 'LIMIT', 'opTyp': 'PE', 'trsTyp': 'BUY', 'srs': 'XX', 'prdCode': 'NRML', 'prdDp': 'NRML', 'ogt': '--', 'flQty': '80', 'trdSym': 'SENSEX2620582700PE', 'edit': 'false', 'asTyp': 'OPTIDX', 'trgPrc': '0.00', 'avgPrc': '50.00', 'dsQty': '0', 'ordID': '260204000101676', 'sts': 'complete', 'dpInsTyp': '', 'rjRsn': '', 'userID': '80218397', 'dpExpDt': "05 FEB'26", 'ltSz': '20', 'tkSz': '0.05', 'desc': '80 Bought @ &#8377 50.00', 'prc': '50.00', 'exONo': '1770182345800814385', 'exp': '05Feb2026', 'rcvDt': '04/02/2026', 'pdQty': '0', 'userCmnt': 'NA', 'rmk': 'NA', 'boSeqId': '', 'epochTim': '1770182771149799', 'ordTim': '04/02/2026 10:56:11', 'trgId': '', 'dpVal': 'SENSEX', 'ltp': '46.15', 'bsktOrdId': '', 'bsktEpch': '', 'sipNo': 'NA', 'chg': '-67.30', 'chgP': '-59.32', 'lqdRsn': ''}, {'stkPrc': '82700', 'dur': 'EOS', 'vlDt': 'NA', 'rcvTim': '09:33:35', 'rcvEpTim': '04/02/2026 09:33:35', 'sym': '823139_BFO', 'cpName': '', 'exit': 'false', 'syomID': '', 'exc': 'BFO', 'ntQty': '80', 'dpName': 'SENSEX', 'cancel': 'false', 'sipID': 'N', 'nstReqID': '2', 'ordTyp': 'LIMIT', 'opTyp': 'PE', 'trsTyp': 'SELL', 'srs': 'XX', 'prdCode': 'NRML', 'prdDp': 'NRML', 'ogt': '--', 'flQty': '80', 'trdSym': 'SENSEX2620582700PE', 'edit': 'false', 'asTyp': 'OPTIDX', 'trgPrc': '0.00', 'avgPrc': '60.00', 'dsQty': '0', 'ordID': '260204000039282', 'sts': 'complete', 'dpInsTyp': '', 'rjRsn': '', 'userID': '80218397', 'dpExpDt': "05 FEB'26", 'ltSz': '20', 'tkSz': '0.05', 'desc': '80 Sold @ &#8377 60.00', 'prc': '60.00', 'exONo': '1770177745401122454', 'exp': '05Feb2026', 'rcvDt': '04/02/2026', 'pdQty': '0', 'userCmnt': 'NA', 'rmk': 'NA', 'boSeqId': '', 'epochTim': '1770177815390031', 'ordTim': '04/02/2026 09:33:35', 'trgId': '', 'dpVal': 'SENSEX', 'ltp': '46.15', 'bsktOrdId': '', 'bsktEpch': '', 'sipNo': 'NA', 'chg': '-67.30', 'chgP': '-59.32', 'lqdRsn': ''}, {'stkPrc': '82300', 'dur': 'EOS', 'vlDt': 'NA', 'rcvTim': '09:31:01', 'rcvEpTim': '04/02/2026 09:31:01', 'sym': '823081_BFO', 'cpName': '', 'exit': 'false', 'syomID': '', 'exc': 'BFO', 'ntQty': '80', 'dpName': 'SENSEX', 'cancel': 'false', 'sipID': 'N', 'nstReqID': '1', 'ordTyp': 'LIMIT', 'opTyp': 'PE', 'trsTyp': 'BUY', 'srs': 'XX', 'prdCode': 'NRML', 'prdDp': 'NRML', 'ogt': '--', 'flQty': '80', 'trdSym': 'SENSEX2620582300PE', 'edit': 'false', 'asTyp': 'OPTIDX', 'trgPrc': '0.00', 'avgPrc': '35.00', 'dsQty': '0', 'ordID': '260204000030915', 'sts': 'complete', 'dpInsTyp': '', 'rjRsn': '', 'userID': '80218397', 'dpExpDt': "05 FEB'26", 'ltSz': '20', 'tkSz': '0.05', 'desc': '80 Bought @ &#8377 35.00', 'prc': '35.00', 'exONo': '1770177197363758410', 'exp': '05Feb2026', 'rcvDt': '04/02/2026', 'pdQty': '0', 'userCmnt': 'NA', 'rmk': 'NA', 'boSeqId': '', 'epochTim': '1770177661185321', 'ordTim': '04/02/2026 09:31:01', 'trgId': '', 'dpVal': 'SENSEX', 'ltp': '32.35', 'bsktOrdId': '', 'bsktEpch': '', 'sipNo': 'NA', 'chg': '-40.20', 'chgP': '-55.41', 'lqdRsn': ''}]}, 'msgID': 'ad69374e-5708-4f75-9528-6b2dc3fdad70', 'srvTm': 1770213085484}
2026-02-04 19:21:20,161 [DEBUG] APIConnect.http: Request to url: https://nc.nuvamawealth.com/edelmw-comm/comm/orderbook/80218397?rTyp=COMFNO/
2026-02-04 19:21:20,525 [DEBUG] urllib3.connectionpool: https://nc.nuvamawealth.com:443 "GET /edelmw-comm/comm/orderbook/80218397?rTyp=COMFNO/ HTTP/1.1" 500 221
2026-02-04 19:21:20,528 [DEBUG] APIConnect.http: Error response: {"appID":"41da4012486b1acb3578c60f7f4e248a","config":{},"error":{"actCd":"50","errCd":"EGN0001","errMsg":"Something went wrong please try again later"},"msgID":"8744bfab-0547-4fc6-b12e-945e96ebe118","srvTm":1770213085833}
2026-02-04 19:21:20,528 [DEBUG] APIConnect.APIConnect: Response for comm: 
2026-02-04 19:21:33,933 [INFO] APIConnect.APIConnect: Logger initiated with default values.
2026-02-04 19:21:33,933 [INFO] constants.router: Router object is being created.
2026-02-04 19:21:33,933 [INFO] APIConnect.http: Http object is being created.
2026-02-04 19:21:33,934 [INFO] APIConnect.login_helper: LoginHelper object is being created.
2026-02-04 19:21:33,936 [INFO] APIConnect.APIConnect: User data file found, loading data.
2026-02-04 19:21:34,038 [INFO] feed.feed: Connection established with subscriber.
2026-02-04 19:21:35,480 [INFO] APIConnect.login_helper: Downloaded instruments.zip
2026-02-04 19:21:35,860 [INFO] APIConnect.login_helper: Downloaded mfInstruments.zip
2026-02-04 19:21:36,320 [INFO] APIConnect.login_helper: Extracted instruments.csv
2026-02-04 19:21:38,992 [INFO] APIConnect.login_helper: Loaded instruments.csv
2026-02-04 19:21:39,073 [INFO] APIConnect.login_helper: Extracted mfInstruments.csv
2026-02-04 19:21:39,238 [INFO] APIConnect.login_helper: Loaded mfInstruments.csv
2026-02-04 19:21:39,419 [INFO] APIConnect.APIConnect: PlaceTrade method is called.
2026-02-04 19:21:39,419 [DEBUG] APIConnect.APIConnect: PlaceTrade method is called with data: {'trdSym': 'string', 'exc': 'NSE', 'action': 'BUY', 'dur': 'DAY', 'ordTyp': 'LIMIT', 'qty': '0', 'dscQty': '0', 'sym': 'string', 'mktPro': '', 'lmPrc': '0.0', 'trgPrc': '0', 'prdCode': 'CNC', 'posSqr': 'N', 'minQty': '0', 'ordSrc': 'API', 'vnCode': '', 'rmk': '', 'flQty': '0'}
2026-02-04 19:21:39,423 [DEBUG] urllib3.connectionpool: Starting new HTTPS connection (1): nc.nuvamawealth.com:443
2026-02-04 19:21:39,632 [DEBUG] urllib3.connectionpool: https://nc.nuvamawealth.com:443 "POST /edelmw-eq/eq/trade/placetrade/80218397/ HTTP/1.1" 500 241
2026-02-04 19:21:39,632 [DEBUG] APIConnect.http: Error response: {"appID":"41da4012486b1acb3578c60f7f4e248a","config":{},"error":{"actCd":"54","errCd":"EOMN0001","errMsg":"Error occurred : Trading Symbol Doesn't exist for the exchange"},"msgID":"86df207c-811f-4a82-90ec-c7029992b985","srvTm":1770213104957}
2026-02-04 19:21:39,633 [DEBUG] APIConnect.APIConnect: Response received: 
2026-02-04 19:23:38,035 [INFO] APIConnect.APIConnect: Logger initiated with default values.
2026-02-04 19:23:38,035 [INFO] constants.router: Router object is being created.
2026-02-04 19:23:38,035 [INFO] APIConnect.http: Http object is being created.
2026-02-04 19:23:38,036 [INFO] APIConnect.login_helper: LoginHelper object is being created.
2026-02-04 19:23:38,036 [INFO] APIConnect.APIConnect: User data file found, loading data.
2026-02-04 19:23:38,183 [INFO] feed.feed: Connection established with subscriber.
2026-02-04 19:23:39,591 [INFO] APIConnect.login_helper: Downloaded instruments.zip
2026-02-04 19:23:39,723 [INFO] APIConnect.login_helper: Downloaded mfInstruments.zip
2026-02-04 19:23:40,086 [INFO] APIConnect.login_helper: Extracted instruments.csv
2026-02-04 19:23:43,146 [INFO] APIConnect.login_helper: Loaded instruments.csv
2026-02-04 19:23:43,200 [INFO] APIConnect.login_helper: Extracted mfInstruments.csv
2026-02-04 19:23:43,382 [INFO] APIConnect.login_helper: Loaded mfInstruments.csv
2026-02-04 19:41:26,873 [INFO] APIConnect.APIConnect: Logger initiated with default values.
2026-02-04 19:41:26,873 [INFO] constants.router: Router object is being created.
2026-02-04 19:41:26,874 [INFO] APIConnect.http: Http object is being created.
2026-02-04 19:41:26,874 [INFO] APIConnect.login_helper: LoginHelper object is being created.
2026-02-04 19:41:26,875 [INFO] APIConnect.APIConnect: User data file found, loading data.
2026-02-04 19:41:26,986 [INFO] feed.feed: Connection established with subscriber.
2026-02-04 19:41:28,328 [INFO] APIConnect.login_helper: Downloaded instruments.zip
2026-02-04 19:41:28,532 [INFO] APIConnect.login_helper: Downloaded mfInstruments.zip
2026-02-04 19:41:28,801 [INFO] APIConnect.login_helper: Extracted instruments.csv
2026-02-04 19:41:30,936 [INFO] APIConnect.login_helper: Loaded instruments.csv
2026-02-04 19:41:31,007 [INFO] APIConnect.login_helper: Extracted mfInstruments.csv
2026-02-04 19:41:31,181 [INFO] APIConnect.login_helper: Loaded mfInstruments.csv
2026-02-04 19:48:04,308 [INFO] APIConnect.APIConnect: Logger initiated with default values.
2026-02-04 19:48:04,309 [INFO] constants.router: Router object is being created.
2026-02-04 19:48:04,309 [INFO] APIConnect.http: Http object is being created.
2026-02-04 19:48:04,311 [INFO] APIConnect.login_helper: LoginHelper object is being created.
2026-02-04 19:48:04,311 [INFO] APIConnect.APIConnect: User data file found, loading data.
2026-02-04 19:48:04,405 [INFO] feed.feed: Connection established with subscriber.
2026-02-04 19:48:05,199 [INFO] APIConnect.login_helper: Downloaded instruments.zip
2026-02-04 19:48:05,331 [INFO] APIConnect.login_helper: Downloaded mfInstruments.zip
2026-02-04 19:48:05,528 [INFO] APIConnect.login_helper: Extracted instruments.csv
2026-02-04 19:48:06,870 [INFO] APIConnect.login_helper: Loaded instruments.csv
2026-02-04 19:48:06,935 [INFO] APIConnect.login_helper: Extracted mfInstruments.csv
2026-02-04 19:48:07,067 [INFO] APIConnect.login_helper: Loaded mfInstruments.csv
2026-02-04 19:49:17,715 [INFO] APIConnect.APIConnect: Logger initiated with default values.
2026-02-04 19:49:17,716 [INFO] constants.router: Router object is being created.
2026-02-04 19:49:17,716 [INFO] APIConnect.http: Http object is being created.
2026-02-04 19:49:17,716 [INFO] APIConnect.login_helper: LoginHelper object is being created.
2026-02-04 19:49:17,716 [INFO] APIConnect.APIConnect: User data file found, loading data.
2026-02-04 19:49:17,817 [INFO] feed.feed: Connection established with subscriber.
2026-02-04 19:49:34,805 [INFO] APIConnect.APIConnect: Logger initiated with default values.
2026-02-04 19:49:34,806 [INFO] constants.router: Router object is being created.
2026-02-04 19:49:34,806 [INFO] APIConnect.http: Http object is being created.
2026-02-04 19:49:34,806 [INFO] APIConnect.login_helper: LoginHelper object is being created.
2026-02-04 19:49:34,806 [INFO] APIConnect.APIConnect: User data file found, loading data.
2026-02-04 19:49:34,900 [INFO] feed.feed: Connection established with subscriber.
2026-02-04 19:49:36,387 [INFO] APIConnect.login_helper: Downloaded instruments.zip
2026-02-04 19:49:37,119 [INFO] APIConnect.login_helper: Downloaded mfInstruments.zip
2026-02-04 19:49:37,377 [INFO] APIConnect.login_helper: Extracted instruments.csv
2026-02-04 19:49:38,914 [INFO] APIConnect.login_helper: Loaded instruments.csv
2026-02-04 19:49:38,968 [INFO] APIConnect.login_helper: Extracted mfInstruments.csv
2026-02-04 19:49:39,099 [INFO] APIConnect.login_helper: Loaded mfInstruments.csv
2026-02-04 19:52:18,622 [INFO] APIConnect.APIConnect: Logger initiated with default values.
2026-02-04 19:52:18,623 [INFO] constants.router: Router object is being created.
2026-02-04 19:52:18,623 [INFO] APIConnect.http: Http object is being created.
2026-02-04 19:52:18,624 [INFO] APIConnect.login_helper: LoginHelper object is being created.
2026-02-04 19:52:18,624 [INFO] APIConnect.APIConnect: User data file found, loading data.
2026-02-04 19:52:18,753 [INFO] feed.feed: Connection established with subscriber.
2026-02-04 19:52:21,149 [INFO] APIConnect.login_helper: Downloaded instruments.zip
2026-02-04 19:52:21,415 [INFO] APIConnect.login_helper: Downloaded mfInstruments.zip
2026-02-04 19:52:21,641 [INFO] APIConnect.login_helper: Extracted instruments.csv
2026-02-04 19:52:22,984 [INFO] APIConnect.login_helper: Loaded instruments.csv
2026-02-04 19:52:23,037 [INFO] APIConnect.login_helper: Extracted mfInstruments.csv
2026-02-04 19:52:23,180 [INFO] APIConnect.login_helper: Loaded mfInstruments.csv
2026-02-04 19:53:18,611 [INFO] APIConnect.APIConnect: Logger initiated with default values.
2026-02-04 19:53:18,611 [INFO] constants.router: Router object is being created.
2026-02-04 19:53:18,611 [INFO] APIConnect.http: Http object is being created.
2026-02-04 19:53:18,611 [INFO] APIConnect.login_helper: LoginHelper object is being created.
2026-02-04 19:53:18,611 [INFO] APIConnect.APIConnect: User data file found, loading data.
2026-02-04 19:53:18,677 [INFO] feed.feed: Connection established with subscriber.
2026-02-04 19:53:19,340 [INFO] APIConnect.login_helper: Downloaded instruments.zip
2026-02-04 19:53:19,828 [INFO] APIConnect.login_helper: Downloaded mfInstruments.zip
2026-02-04 19:53:20,087 [INFO] APIConnect.login_helper: Extracted instruments.csv
2026-02-04 19:53:21,388 [INFO] APIConnect.login_helper: Loaded instruments.csv
2026-02-04 19:53:21,441 [INFO] APIConnect.login_helper: Extracted mfInstruments.csv
2026-02-04 19:53:21,565 [INFO] APIConnect.login_helper: Loaded mfInstruments.csv
2026-02-04 20:02:11,538 [INFO] APIConnect.APIConnect: Logger initiated with default values.
2026-02-04 20:02:11,538 [INFO] constants.router: Router object is being created.
2026-02-04 20:02:11,538 [INFO] APIConnect.http: Http object is being created.
2026-02-04 20:02:11,539 [INFO] APIConnect.login_helper: LoginHelper object is being created.
2026-02-04 20:02:11,539 [INFO] APIConnect.APIConnect: User data file found, loading data.
2026-02-04 20:02:11,638 [INFO] feed.feed: Connection established with subscriber.
2026-02-04 20:02:13,030 [INFO] APIConnect.login_helper: Downloaded instruments.zip
2026-02-04 20:02:13,202 [INFO] APIConnect.login_helper: Downloaded mfInstruments.zip
2026-02-04 20:02:13,592 [INFO] APIConnect.login_helper: Extracted instruments.csv
2026-02-04 20:02:16,538 [INFO] APIConnect.login_helper: Loaded instruments.csv
2026-02-04 20:02:16,626 [INFO] APIConnect.login_helper: Extracted mfInstruments.csv
2026-02-04 20:02:16,818 [INFO] APIConnect.login_helper: Loaded mfInstruments.csv
2026-02-04 20:02:17,030 [INFO] APIConnect.APIConnect: PlaceTrade method is called.
2026-02-04 20:02:17,032 [DEBUG] APIConnect.APIConnect: PlaceTrade method is called with data: {'trdSym': 'string', 'exc': 'NSE', 'action': 'BUY', 'dur': 'DAY', 'ordTyp': 'LIMIT', 'qty': '0', 'dscQty': '0', 'sym': 'string', 'mktPro': '', 'lmPrc': '0.0', 'trgPrc': '0', 'prdCode': 'CNC', 'posSqr': 'N', 'minQty': '0', 'ordSrc': 'API', 'vnCode': '', 'rmk': '', 'flQty': '0'}
2026-02-04 20:02:17,040 [DEBUG] urllib3.connectionpool: Starting new HTTPS connection (1): nc.nuvamawealth.com:443
2026-02-04 20:02:17,147 [DEBUG] urllib3.connectionpool: https://nc.nuvamawealth.com:443 "POST /edelmw-eq/eq/trade/placetrade/80218397/ HTTP/1.1" 500 241
2026-02-04 20:02:17,148 [DEBUG] APIConnect.http: Error response: {"appID":"41da4012486b1acb3578c60f7f4e248a","config":{},"error":{"actCd":"54","errCd":"EOMN0001","errMsg":"Error occurred : Trading Symbol Doesn't exist for the exchange"},"msgID":"386ae3d3-f731-4d46-afc5-a0de9c36f233","srvTm":1770215542366}
2026-02-04 20:02:17,149 [DEBUG] APIConnect.APIConnect: Response received: 
2026-02-04 20:03:39,627 [INFO] APIConnect.APIConnect: Logger initiated with default values.
2026-02-04 20:03:39,627 [INFO] constants.router: Router object is being created.
2026-02-04 20:03:39,628 [INFO] APIConnect.http: Http object is being created.
2026-02-04 20:03:39,628 [INFO] APIConnect.login_helper: LoginHelper object is being created.
2026-02-04 20:03:39,628 [INFO] APIConnect.APIConnect: User data file found, loading data.
2026-02-04 20:03:39,764 [INFO] feed.feed: Connection established with subscriber.
2026-02-04 20:03:40,866 [INFO] APIConnect.login_helper: Downloaded instruments.zip
2026-02-04 20:03:41,089 [INFO] APIConnect.login_helper: Downloaded mfInstruments.zip
2026-02-04 20:03:41,658 [INFO] APIConnect.login_helper: Extracted instruments.csv
2026-02-04 20:03:45,761 [INFO] APIConnect.login_helper: Loaded instruments.csv
2026-02-04 20:03:45,825 [INFO] APIConnect.login_helper: Extracted mfInstruments.csv
2026-02-04 20:03:46,027 [INFO] APIConnect.login_helper: Loaded mfInstruments.csv
2026-02-04 20:03:46,210 [INFO] APIConnect.APIConnect: OrderBook method is called.
2026-02-04 20:03:46,210 [DEBUG] APIConnect.APIConnect: OrderBook method is called for 'COMEQ' account type
2026-02-04 20:03:46,210 [DEBUG] APIConnect.http: Request to url: https://nc.nuvamawealth.com/edelmw-eq/eq/order/book/80218397/v1/
2026-02-04 20:03:46,212 [DEBUG] urllib3.connectionpool: Starting new HTTPS connection (1): nc.nuvamawealth.com:443
2026-02-04 20:03:46,366 [DEBUG] urllib3.connectionpool: https://nc.nuvamawealth.com:443 "GET /edelmw-eq/eq/order/book/80218397/v1/ HTTP/1.1" 200 None
2026-02-04 20:03:46,367 [DEBUG] APIConnect.APIConnect: Response for eq: {'appID': '41da4012486b1acb3578c60f7f4e248a', 'config': {'app': 1, 'exp': 1770163225788, 'info': 4}, 'data': {'type': 'orderBookResponse', 'ord': [{'stkPrc': '83000', 'dur': 'EOS', 'vlDt': 'NA', 'rcvTim': '14:27:11', 'rcvEpTim': '04/02/2026 14:27:11', 'sym': '822956_BFO', 'cpName': '', 'exit': 'false', 'syomID': '', 'exc': 'BFO', 'ntQty': '100', 'dpName': 'SENSEX', 'cancel': 'false', 'sipID': 'N', 'nstReqID': '3', 'ordTyp': 'LIMIT', 'opTyp': 'PE', 'trsTyp': 'SELL', 'srs': 'XX', 'prdCode': 'NRML', 'prdDp': 'NRML', 'ogt': '--', 'flQty': '100', 'trdSym': 'SENSEX2620583000PE', 'edit': 'false', 'asTyp': 'OPTIDX', 'trgPrc': '0.00', 'avgPrc': '44.00', 'dsQty': '0', 'ordID': '260204000185904', 'sts': 'complete', 'dpInsTyp': '', 'rjRsn': '', 'userID': '80218397', 'dpExpDt': "05 FEB'26", 'ltSz': '20', 'tkSz': '0.05', 'desc': '100 Sold @ &#8377 44.00', 'prc': '44.00', 'exONo': '1770195185457443361', 'exp': '05Feb2026', 'rcvDt': '04/02/2026', 'pdQty': '0', 'userCmnt': 'NA', 'rmk': 'NA', 'boSeqId': '', 'epochTim': '1770195431524477', 'ordTim': '04/02/2026 14:27:11', 'trgId': '', 'dpVal': 'SENSEX', 'ltp': '69.65', 'bsktOrdId': '', 'bsktEpch': '', 'sipNo': 'NA', 'chg': '-99.25', 'chgP': '-58.76', 'lqdRsn': ''}, {'stkPrc': '82800', 'dur': 'EOS', 'vlDt': 'NA', 'rcvTim': '14:26:16', 'rcvEpTim': '04/02/2026 14:26:16', 'sym': '823017_BFO', 'cpName': '', 'exit': 'false', 'syomID': '', 'exc': 'BFO', 'ntQty': '100', 'dpName': 'SENSEX', 'cancel': 'false', 'sipID': 'N', 'nstReqID': '1', 'ordTyp': 'LIMIT', 'opTyp': 'PE', 'trsTyp': 'BUY', 'srs': 'XX', 'prdCode': 'NRML', 'prdDp': 'NRML', 'ogt': '--', 'flQty': '100', 'trdSym': 'SENSEX2620582800PE', 'edit': 'false', 'asTyp': 'OPTIDX', 'trgPrc': '0.00', 'avgPrc': '31.50', 'dsQty': '0', 'ordID': '260204000185553', 'sts': 'complete', 'dpInsTyp': '', 'rjRsn': '', 'userID': '80218397', 'dpExpDt': "05 FEB'26", 'ltSz': '20', 'tkSz': '0.05', 'desc': '100 Bought @ &#8377 31.50', 'prc': '31.50', 'exONo': '1770194881571639948', 'exp': '05Feb2026', 'rcvDt': '04/02/2026', 'pdQty': '0', 'userCmnt': 'NA', 'rmk': 'NA', 'boSeqId': '', 'epochTim': '1770195376144626', 'ordTim': '04/02/2026 14:26:16', 'trgId': '', 'dpVal': 'SENSEX', 'ltp': '52.50', 'bsktOrdId': '', 'bsktEpch': '', 'sipNo': 'NA', 'chg': '-77.60', 'chgP': '-59.65', 'lqdRsn': ''}, {'stkPrc': '82800', 'dur': 'EOS', 'vlDt': 'NA', 'rcvTim': '11:10:40', 'rcvEpTim': '04/02/2026 11:10:40', 'sym': '823017_BFO', 'cpName': '', 'exit': 'false', 'syomID': '', 'exc': 'BFO', 'ntQty': '100', 'dpName': 'SENSEX', 'cancel': 'false', 'sipID': 'N', 'nstReqID': '1', 'ordTyp': 'LIMIT', 'opTyp': 'PE', 'trsTyp': 'SELL', 'srs': 'XX', 'prdCode': 'NRML', 'prdDp': 'NRML', 'ogt': '--', 'flQty': '100', 'trdSym': 'SENSEX2620582800PE', 'edit': 'false', 'asTyp': 'OPTIDX', 'trgPrc': '0.00', 'avgPrc': '60.00', 'dsQty': '0', 'ordID': '260204000107586', 'sts': 'complete', 'dpInsTyp': '', 'rjRsn': '', 'userID': '80218397', 'dpExpDt': "05 FEB'26", 'ltSz': '20', 'tkSz': '0.05', 'desc': '100 Sold @ &#8377 60.00', 'prc': '60.00', 'exONo': '1770183268055658014', 'exp': '05Feb2026', 'rcvDt': '04/02/2026', 'pdQty': '0', 'userCmnt': 'NA', 'rmk': 'NA', 'boSeqId': '', 'epochTim': '1770183640169949', 'ordTim': '04/02/2026 11:10:40', 'trgId': '', 'dpVal': 'SENSEX', 'ltp': '52.50', 'bsktOrdId': '', 'bsktEpch': '', 'sipNo': 'NA', 'chg': '-77.60', 'chgP': '-59.65', 'lqdRsn': ''}, {'stkPrc': '84300', 'dur': 'EOS', 'vlDt': 'NA', 'rcvTim': '11:07:04', 'rcvEpTim': '04/02/2026 11:07:04', 'sym': '823060_BFO', 'cpName': '', 'exit': 'false', 'syomID': '', 'exc': 'BFO', 'ntQty': '100', 'dpName': 'SENSEX', 'cancel': 'false', 'sipID': 'N', 'nstReqID': '1', 'ordTyp': 'LIMIT', 'opTyp': 'CE', 'trsTyp': 'SELL', 'srs': 'XX', 'prdCode': 'NRML', 'prdDp': 'NRML', 'ogt': '--', 'flQty': '100', 'trdSym': 'SENSEX2620584300CE', 'edit': 'false', 'asTyp': 'OPTIDX', 'trgPrc': '0.00', 'avgPrc': '91.00', 'dsQty': '0', 'ordID': '260204000107229', 'sts': 'complete', 'dpInsTyp': '', 'rjRsn': '', 'userID': '80218397', 'dpExpDt': "05 FEB'26", 'ltSz': '20', 'tkSz': '0.05', 'desc': '100 Sold @ &#8377 91.00', 'prc': '91.00', 'exONo': '1770183307949326146', 'exp': '05Feb2026', 'rcvDt': '04/02/2026', 'pdQty': '0', 'userCmnt': 'NA', 'rmk': 'NA', 'boSeqId': '', 'epochTim': '1770183424928274', 'ordTim': '04/02/2026 11:07:04', 'trgId': '', 'dpVal': 'SENSEX', 'ltp': '91.40', 'bsktOrdId': '', 'bsktEpch': '', 'sipNo': 'NA', 'chg': '-139.30', 'chgP': '-60.38', 'lqdRsn': ''}, {'stkPrc': '84200', 'dur': 'EOS', 'vlDt': 'NA', 'rcvTim': '10:57:51', 'rcvEpTim': '04/02/2026 10:57:51', 'sym': '823184_BFO', 'cpName': '', 'exit': 'false', 'syomID': '', 'exc': 'BFO', 'ntQty': '80', 'dpName': 'SENSEX', 'cancel': 'false', 'sipID': 'N', 'nstReqID': '1', 'ordTyp': 'LIMIT', 'opTyp': 'CE', 'trsTyp': 'BUY', 'srs': 'XX', 'prdCode': 'NRML', 'prdDp': 'NRML', 'ogt': '--', 'flQty': '80', 'trdSym': 'SENSEX2620584200CE', 'edit': 'false', 'asTyp': 'OPTIDX', 'trgPrc': '0.00', 'avgPrc': '100.00', 'dsQty': '0', 'ordID': '260204000095989', 'sts': 'complete', 'dpInsTyp': '', 'rjRsn': '', 'userID': '80218397', 'dpExpDt': "05 FEB'26", 'ltSz': '20', 'tkSz': '0.05', 'desc': '80 Bought @ &#8377 100.00', 'prc': '100.00', 'exONo': '1770181822903190519', 'exp': '05Feb2026', 'rcvDt': '04/02/2026', 'pdQty': '0', 'userCmnt': 'NA', 'rmk': 'NA', 'boSeqId': '', 'epochTim': '1770182871050676', 'ordTim': '04/02/2026 10:57:51', 'trgId': '', 'dpVal': 'SENSEX', 'ltp': '113.45', 'bsktOrdId': '', 'bsktEpch': '', 'sipNo': 'NA', 'chg': '-149.30', 'chgP': '-56.82', 'lqdRsn': ''}, {'stkPrc': '82700', 'dur': 'EOS', 'vlDt': 'NA', 'rcvTim': '10:56:11', 'rcvEpTim': '04/02/2026 10:56:11', 'sym': '823139_BFO', 'cpName': '', 'exit': 'false', 'syomID': '', 'exc': 'BFO', 'ntQty': '80', 'dpName': 'SENSEX', 'cancel': 'false', 'sipID': 'N', 'nstReqID': '1', 'ordTyp': 'LIMIT', 'opTyp': 'PE', 'trsTyp': 'BUY', 'srs': 'XX', 'prdCode': 'NRML', 'prdDp': 'NRML', 'ogt': '--', 'flQty': '80', 'trdSym': 'SENSEX2620582700PE', 'edit': 'false', 'asTyp': 'OPTIDX', 'trgPrc': '0.00', 'avgPrc': '50.00', 'dsQty': '0', 'ordID': '260204000101676', 'sts': 'complete', 'dpInsTyp': '', 'rjRsn': '', 'userID': '80218397', 'dpExpDt': "05 FEB'26", 'ltSz': '20', 'tkSz': '0.05', 'desc': '80 Bought @ &#8377 50.00', 'prc': '50.00', 'exONo': '1770182345800814385', 'exp': '05Feb2026', 'rcvDt': '04/02/2026', 'pdQty': '0', 'userCmnt': 'NA', 'rmk': 'NA', 'boSeqId': '', 'epochTim': '1770182771149799', 'ordTim': '04/02/2026 10:56:11', 'trgId': '', 'dpVal': 'SENSEX', 'ltp': '46.15', 'bsktOrdId': '', 'bsktEpch': '', 'sipNo': 'NA', 'chg': '-67.30', 'chgP': '-59.32', 'lqdRsn': ''}, {'stkPrc': '82700', 'dur': 'EOS', 'vlDt': 'NA', 'rcvTim': '09:33:35', 'rcvEpTim': '04/02/2026 09:33:35', 'sym': '823139_BFO', 'cpName': '', 'exit': 'false', 'syomID': '', 'exc': 'BFO', 'ntQty': '80', 'dpName': 'SENSEX', 'cancel': 'false', 'sipID': 'N', 'nstReqID': '2', 'ordTyp': 'LIMIT', 'opTyp': 'PE', 'trsTyp': 'SELL', 'srs': 'XX', 'prdCode': 'NRML', 'prdDp': 'NRML', 'ogt': '--', 'flQty': '80', 'trdSym': 'SENSEX2620582700PE', 'edit': 'false', 'asTyp': 'OPTIDX', 'trgPrc': '0.00', 'avgPrc': '60.00', 'dsQty': '0', 'ordID': '260204000039282', 'sts': 'complete', 'dpInsTyp': '', 'rjRsn': '', 'userID': '80218397', 'dpExpDt': "05 FEB'26", 'ltSz': '20', 'tkSz': '0.05', 'desc': '80 Sold @ &#8377 60.00', 'prc': '60.00', 'exONo': '1770177745401122454', 'exp': '05Feb2026', 'rcvDt': '04/02/2026', 'pdQty': '0', 'userCmnt': 'NA', 'rmk': 'NA', 'boSeqId': '', 'epochTim': '1770177815390031', 'ordTim': '04/02/2026 09:33:35', 'trgId': '', 'dpVal': 'SENSEX', 'ltp': '46.15', 'bsktOrdId': '', 'bsktEpch': '', 'sipNo': 'NA', 'chg': '-67.30', 'chgP': '-59.32', 'lqdRsn': ''}, {'stkPrc': '82300', 'dur': 'EOS', 'vlDt': 'NA', 'rcvTim': '09:31:01', 'rcvEpTim': '04/02/2026 09:31:01', 'sym': '823081_BFO', 'cpName': '', 'exit': 'false', 'syomID': '', 'exc': 'BFO', 'ntQty': '80', 'dpName': 'SENSEX', 'cancel': 'false', 'sipID': 'N', 'nstReqID': '1', 'ordTyp': 'LIMIT', 'opTyp': 'PE', 'trsTyp': 'BUY', 'srs': 'XX', 'prdCode': 'NRML', 'prdDp': 'NRML', 'ogt': '--', 'flQty': '80', 'trdSym': 'SENSEX2620582300PE', 'edit': 'false', 'asTyp': 'OPTIDX', 'trgPrc': '0.00', 'avgPrc': '35.00', 'dsQty': '0', 'ordID': '260204000030915', 'sts': 'complete', 'dpInsTyp': '', 'rjRsn': '', 'userID': '80218397', 'dpExpDt': "05 FEB'26", 'ltSz': '20', 'tkSz': '0.05', 'desc': '80 Bought @ &#8377 35.00', 'prc': '35.00', 'exONo': '1770177197363758410', 'exp': '05Feb2026', 'rcvDt': '04/02/2026', 'pdQty': '0', 'userCmnt': 'NA', 'rmk': 'NA', 'boSeqId': '', 'epochTim': '1770177661185321', 'ordTim': '04/02/2026 09:31:01', 'trgId': '', 'dpVal': 'SENSEX', 'ltp': '32.35', 'bsktOrdId': '', 'bsktEpch': '', 'sipNo': 'NA', 'chg': '-40.20', 'chgP': '-55.41', 'lqdRsn': ''}]}, 'msgID': '4c0ddc9c-72ad-4525-a095-ae0db0f1884e', 'srvTm': 1770215631578}
2026-02-04 20:03:46,368 [DEBUG] APIConnect.http: Request to url: https://nc.nuvamawealth.com/edelmw-comm/comm/orderbook/80218397?rTyp=COMFNO/
2026-02-04 20:03:46,452 [DEBUG] urllib3.connectionpool: https://nc.nuvamawealth.com:443 "GET /edelmw-comm/comm/orderbook/80218397?rTyp=COMFNO/ HTTP/1.1" 500 221
2026-02-04 20:03:46,455 [DEBUG] APIConnect.http: Error response: {"appID":"41da4012486b1acb3578c60f7f4e248a","config":{},"error":{"actCd":"50","errCd":"EGN0001","errMsg":"Something went wrong please try again later"},"msgID":"896ed7a8-996e-4532-834a-47ed9050e485","srvTm":1770215631667}
2026-02-04 20:03:46,455 [DEBUG] APIConnect.APIConnect: Response for comm: 
2026-02-06 20:13:53,447 [INFO] APIConnect.APIConnect: Logger initiated with default values.
2026-02-06 20:13:53,448 [INFO] constants.router: Router object is being created.
2026-02-06 20:13:53,448 [INFO] APIConnect.http: Http object is being created.
2026-02-06 20:13:53,449 [INFO] APIConnect.login_helper: LoginHelper object is being created.
2026-02-06 20:13:53,449 [INFO] APIConnect.APIConnect: User data file found, loading data.
2026-02-06 20:13:53,559 [INFO] feed.feed: Connection established with subscriber.
2026-02-06 20:13:54,297 [INFO] APIConnect.login_helper: Downloaded instruments.zip
2026-02-06 20:13:54,435 [INFO] APIConnect.login_helper: Downloaded mfInstruments.zip
2026-02-06 20:13:54,609 [INFO] APIConnect.login_helper: Extracted instruments.csv
2026-02-06 20:13:55,926 [INFO] APIConnect.login_helper: Loaded instruments.csv
2026-02-06 20:13:55,936 [INFO] APIConnect.login_helper: Extracted mfInstruments.csv
2026-02-06 20:13:56,054 [INFO] APIConnect.login_helper: Loaded mfInstruments.csv
2026-02-06 20:14:34,204 [INFO] APIConnect.APIConnect: Logger initiated with default values.
2026-02-06 20:14:34,204 [INFO] constants.router: Router object is being created.
2026-02-06 20:14:34,204 [INFO] APIConnect.http: Http object is being created.
2026-02-06 20:14:34,204 [INFO] APIConnect.login_helper: LoginHelper object is being created.
2026-02-06 20:14:34,204 [INFO] APIConnect.APIConnect: User data file found, loading data.
2026-02-06 20:14:34,310 [INFO] feed.feed: Connection established with subscriber.
2026-02-06 20:14:35,009 [INFO] APIConnect.login_helper: Downloaded instruments.zip
2026-02-06 20:14:35,110 [INFO] APIConnect.login_helper: Downloaded mfInstruments.zip
2026-02-06 20:14:35,322 [INFO] APIConnect.login_helper: Extracted instruments.csv
2026-02-06 20:14:36,547 [INFO] APIConnect.login_helper: Loaded instruments.csv
2026-02-06 20:14:36,597 [INFO] APIConnect.login_helper: Extracted mfInstruments.csv
2026-02-06 20:14:36,669 [INFO] APIConnect.login_helper: Loaded mfInstruments.csv
2026-02-06 20:14:42,636 [INFO] APIConnect.APIConnect: Logger initiated with default values.
2026-02-06 20:14:42,637 [INFO] constants.router: Router object is being created.
2026-02-06 20:14:42,637 [INFO] APIConnect.http: Http object is being created.
2026-02-06 20:14:42,637 [INFO] APIConnect.login_helper: LoginHelper object is being created.
2026-02-06 20:14:42,637 [INFO] APIConnect.APIConnect: User data file found, loading data.
2026-02-06 20:14:42,690 [INFO] feed.feed: Connection established with subscriber.
2026-02-06 20:14:43,530 [INFO] APIConnect.login_helper: Downloaded instruments.zip
2026-02-06 20:14:43,643 [INFO] APIConnect.login_helper: Downloaded mfInstruments.zip
2026-02-06 20:14:43,851 [INFO] APIConnect.login_helper: Extracted instruments.csv
2026-02-06 20:14:45,200 [INFO] APIConnect.login_helper: Loaded instruments.csv
2026-02-06 20:14:45,246 [INFO] APIConnect.login_helper: Extracted mfInstruments.csv
2026-02-06 20:14:45,345 [INFO] APIConnect.login_helper: Loaded mfInstruments.csv
2026-02-06 20:14:45,462 [INFO] APIConnect.APIConnect: OrderBook method is called.
2026-02-06 20:14:45,463 [DEBUG] APIConnect.APIConnect: OrderBook method is called for 'COMEQ' account type
2026-02-06 20:14:45,463 [DEBUG] APIConnect.http: Request to url: https://nc.nuvamawealth.com/edelmw-eq/eq/order/book/80218397/v1/
2026-02-06 20:14:45,467 [DEBUG] urllib3.connectionpool: Starting new HTTPS connection (1): nc.nuvamawealth.com:443
2026-02-06 20:14:45,583 [DEBUG] urllib3.connectionpool: https://nc.nuvamawealth.com:443 "GET /edelmw-eq/eq/order/book/80218397/v1/ HTTP/1.1" 401 174
2026-02-06 20:17:07,150 [INFO] APIConnect.APIConnect: Logger initiated with default values.
2026-02-06 20:17:07,150 [INFO] constants.router: Router object is being created.
2026-02-06 20:17:07,150 [INFO] APIConnect.http: Http object is being created.
2026-02-06 20:17:07,150 [INFO] APIConnect.login_helper: LoginHelper object is being created.
2026-02-06 20:17:07,153 [DEBUG] urllib3.connectionpool: Starting new HTTPS connection (1): nc.nuvamawealth.com:443
2026-02-06 20:17:07,362 [DEBUG] urllib3.connectionpool: https://nc.nuvamawealth.com:443 "POST /edelmw-login/login/accounts/loginvendor/CqaYbN86EaiTyA/ HTTP/1.1" 200 None
2026-02-06 20:17:07,363 [INFO] APIConnect.login_helper: User logged in successfully.
2026-02-06 20:17:07,363 [INFO] APIConnect.login_helper: Vendor session generated.
2026-02-06 20:17:07,478 [DEBUG] urllib3.connectionpool: https://nc.nuvamawealth.com:443 "POST /edelmw-login/login/accounts/logindata/ HTTP/1.1" 200 None
2026-02-06 20:17:07,482 [DEBUG] APIConnect.login_helper: Login details are pickled in file.
2026-02-06 20:17:07,482 [INFO] APIConnect.login_helper: Authorization done succesfully.
2026-02-06 20:17:07,605 [INFO] feed.feed: Connection established with subscriber.
2026-02-06 20:17:08,135 [INFO] APIConnect.login_helper: Downloaded instruments.zip
2026-02-06 20:17:08,446 [INFO] APIConnect.login_helper: Downloaded mfInstruments.zip
2026-02-06 20:17:08,601 [INFO] APIConnect.login_helper: Extracted instruments.csv
2026-02-06 20:17:09,880 [INFO] APIConnect.login_helper: Loaded instruments.csv
2026-02-06 20:17:09,932 [INFO] APIConnect.login_helper: Extracted mfInstruments.csv
2026-02-06 20:17:10,006 [INFO] APIConnect.login_helper: Loaded mfInstruments.csv
2026-02-06 20:17:10,078 [INFO] APIConnect.APIConnect: OrderBook method is called.
2026-02-06 20:17:10,078 [DEBUG] APIConnect.APIConnect: OrderBook method is called for 'COMEQ' account type
2026-02-06 20:17:10,078 [DEBUG] APIConnect.http: Request to url: https://nc.nuvamawealth.com/edelmw-eq/eq/order/book/80218397/v1/
2026-02-06 20:17:10,140 [DEBUG] urllib3.connectionpool: https://nc.nuvamawealth.com:443 "GET /edelmw-eq/eq/order/book/80218397/v1/ HTTP/1.1" 200 None
2026-02-06 20:17:10,141 [DEBUG] APIConnect.APIConnect: Response for eq: {'appID': '41da4012486b1acb3578c60f7f4e248a', 'config': {'app': 1, 'exp': 1770336027873, 'info': 4}, 'data': {'type': 'orderBookResponse', 'ord': [{'stkPrc': '81000', 'dur': 'EOS', 'vlDt': 'NA', 'rcvTim': '15:30:00', 'rcvEpTim': '06/02/2026 15:30:00', 'sym': '827958_BFO', 'cpName': '', 'exit': 'false', 'syomID': '', 'exc': 'BFO', 'ntQty': '100', 'dpName': 'SENSEX', 'cancel': 'false', 'sipID': 'N', 'nstReqID': '1', 'ordTyp': 'LIMIT', 'opTyp': 'PE', 'trsTyp': 'BUY', 'srs': 'XX', 'prdCode': 'NRML', 'prdDp': 'NRML', 'ogt': '--', 'flQty': '0', 'trdSym': 'SENSEX2621281000PE', 'edit': 'false', 'asTyp': 'OPTIDX', 'trgPrc': '0.00', 'avgPrc': '0.00', 'dsQty': '0', 'ordID': '260206000173501', 'sts': 'cancelled', 'dpInsTyp': '', 'rjRsn': 'Exchange Mass cancel', 'userID': '80218397', 'dpExpDt': "12 FEB'26", 'ltSz': '20', 'tkSz': '0.05', 'desc': 'Buy 100 Qty @ &#8377 40.00', 'prc': '40.00', 'exONo': '1770367671193642332', 'exp': '12Feb2026', 'rcvDt': '06/02/2026', 'pdQty': '0', 'userCmnt': 'NA', 'rmk': 'NA', 'boSeqId': '', 'epochTim': '1770372000011505', 'ordTim': '06/02/2026 15:30:00', 'trgId': '', 'dpVal': 'SENSEX', 'cta': '', 'ltp': '53.00', 'bsktOrdId': '', 'bsktEpch': '', 'sipNo': 'NA', 'chg': '0.95', 'chgP': '1.83', 'lqdRsn': ''}, {'stkPrc': '81000', 'dur': 'EOS', 'vlDt': 'NA', 'rcvTim': '09:37:57', 'rcvEpTim': '06/02/2026 09:37:57', 'sym': '827958_BFO', 'cpName': '', 'exit': 'false', 'syomID': '', 'exc': 'BFO', 'ntQty': '100', 'dpName': 'SENSEX', 'cancel': 'false', 'sipID': 'N', 'nstReqID': '2', 'ordTyp': 'LIMIT', 'opTyp': 'PE', 'trsTyp': 'SELL', 'srs': 'XX', 'prdCode': 'NRML', 'prdDp': 'NRML', 'ogt': '--', 'flQty': '100', 'trdSym': 'SENSEX2621281000PE', 'edit': 'false', 'asTyp': 'OPTIDX', 'trgPrc': '0.00', 'avgPrc': '58.00', 'dsQty': '0', 'ordID': '260206000026881', 'sts': 'complete', 'dpInsTyp': '', 'rjRsn': '', 'userID': '80218397', 'dpExpDt': "12 FEB'26", 'ltSz': '20', 'tkSz': '0.05', 'desc': '100 Sold @ &#8377 58.00', 'prc': '58.00', 'exONo': '1770349843473798188', 'exp': '12Feb2026', 'rcvDt': '06/02/2026', 'pdQty': '0', 'userCmnt': 'NA', 'rmk': 'NA', 'boSeqId': '', 'epochTim': '1770350877737864', 'ordTim': '06/02/2026 09:37:57', 'trgId': '', 'dpVal': 'SENSEX', 'ltp': '53.00', 'bsktOrdId': '', 'bsktEpch': '', 'sipNo': 'NA', 'chg': '0.95', 'chgP': '1.83', 'lqdRsn': ''}, {'stkPrc': '85100', 'dur': 'EOS', 'vlDt': 'NA', 'rcvTim': '09:27:28', 'rcvEpTim': '06/02/2026 09:27:28', 'sym': '827285_BFO', 'cpName': '', 'exit': 'false', 'syomID': '', 'exc': 'BFO', 'ntQty': '80', 'dpName': 'SENSEX', 'cancel': 'false', 'sipID': 'N', 'nstReqID': '1', 'ordTyp': 'LIMIT', 'opTyp': 'CE', 'trsTyp': 'SELL', 'srs': 'XX', 'prdCode': 'NRML', 'prdDp': 'NRML', 'ogt': '--', 'flQty': '80', 'trdSym': 'SENSEX2621285100CE', 'edit': 'false', 'asTyp': 'OPTIDX', 'trgPrc': '0.00', 'avgPrc': '58.00', 'dsQty': '0', 'ordID': '260206000026403', 'sts': 'complete', 'dpInsTyp': '', 'rjRsn': '', 'userID': '80218397', 'dpExpDt': "12 FEB'26", 'ltSz': '20', 'tkSz': '0.05', 'desc': '80 Sold @ &#8377 58.00', 'prc': '58.00', 'exONo': '1770349806319960244', 'exp': '12Feb2026', 'rcvDt': '06/02/2026', 'pdQty': '0', 'userCmnt': 'NA', 'rmk': 'NA', 'boSeqId': '', 'epochTim': '1770350248228577', 'ordTim': '06/02/2026 09:27:28', 'trgId': '', 'dpVal': 'SENSEX', 'ltp': '70.00', 'bsktOrdId': '', 'bsktEpch': '', 'sipNo': 'NA', 'chg': '-19.70', 'chgP': '-21.96', 'lqdRsn': ''}]}, 'msgID': 'bd404a10-3ebc-4224-8691-978ea6f2a654', 'srvTm': 1770389231748}
2026-02-06 20:17:10,141 [DEBUG] APIConnect.http: Request to url: https://nc.nuvamawealth.com/edelmw-comm/comm/orderbook/80218397?rTyp=COMFNO/
2026-02-06 20:17:10,522 [DEBUG] urllib3.connectionpool: https://nc.nuvamawealth.com:443 "GET /edelmw-comm/comm/orderbook/80218397?rTyp=COMFNO/ HTTP/1.1" 500 221
2026-02-06 20:17:10,523 [DEBUG] APIConnect.http: Error response: {"appID":"41da4012486b1acb3578c60f7f4e248a","config":{},"error":{"actCd":"50","errCd":"EGN0001","errMsg":"Something went wrong please try again later"},"msgID":"8f894f31-7638-4dd4-b4ca-66310d777c27","srvTm":1770389232122}
2026-02-06 20:17:10,523 [DEBUG] APIConnect.APIConnect: Response for comm: 
2026-02-06 20:17:15,073 [INFO] APIConnect.APIConnect: Logger initiated with default values.
2026-02-06 20:17:15,073 [INFO] constants.router: Router object is being created.
2026-02-06 20:17:15,074 [INFO] APIConnect.http: Http object is being created.
2026-02-06 20:17:15,074 [INFO] APIConnect.login_helper: LoginHelper object is being created.
2026-02-06 20:17:15,074 [INFO] APIConnect.APIConnect: User data file found, loading data.
2026-02-06 20:17:15,175 [INFO] feed.feed: Connection established with subscriber.
2026-02-06 20:17:15,828 [INFO] APIConnect.login_helper: Downloaded instruments.zip
2026-02-06 20:17:16,052 [INFO] APIConnect.login_helper: Downloaded mfInstruments.zip
2026-02-06 20:17:16,217 [INFO] APIConnect.login_helper: Extracted instruments.csv
2026-02-06 20:17:17,290 [INFO] APIConnect.login_helper: Loaded instruments.csv
2026-02-06 20:17:17,336 [INFO] APIConnect.login_helper: Extracted mfInstruments.csv
2026-02-06 20:17:17,416 [INFO] APIConnect.login_helper: Loaded mfInstruments.csv
2026-02-06 20:17:17,491 [INFO] APIConnect.APIConnect: OrderBook method is called.
2026-02-06 20:17:17,491 [DEBUG] APIConnect.APIConnect: OrderBook method is called for 'COMEQ' account type
2026-02-06 20:17:17,491 [DEBUG] APIConnect.http: Request to url: https://nc.nuvamawealth.com/edelmw-eq/eq/order/book/80218397/v1/
2026-02-06 20:17:17,492 [DEBUG] urllib3.connectionpool: Starting new HTTPS connection (1): nc.nuvamawealth.com:443
2026-02-06 20:17:17,633 [DEBUG] urllib3.connectionpool: https://nc.nuvamawealth.com:443 "GET /edelmw-eq/eq/order/book/80218397/v1/ HTTP/1.1" 200 None
2026-02-06 20:17:17,633 [DEBUG] APIConnect.APIConnect: Response for eq: {'appID': '41da4012486b1acb3578c60f7f4e248a', 'config': {'app': 1, 'exp': 1770336027873, 'info': 4}, 'data': {'type': 'orderBookResponse', 'ord': [{'stkPrc': '81000', 'dur': 'EOS', 'vlDt': 'NA', 'rcvTim': '15:30:00', 'rcvEpTim': '06/02/2026 15:30:00', 'sym': '827958_BFO', 'cpName': '', 'exit': 'false', 'syomID': '', 'exc': 'BFO', 'ntQty': '100', 'dpName': 'SENSEX', 'cancel': 'false', 'sipID': 'N', 'nstReqID': '1', 'ordTyp': 'LIMIT', 'opTyp': 'PE', 'trsTyp': 'BUY', 'srs': 'XX', 'prdCode': 'NRML', 'prdDp': 'NRML', 'ogt': '--', 'flQty': '0', 'trdSym': 'SENSEX2621281000PE', 'edit': 'false', 'asTyp': 'OPTIDX', 'trgPrc': '0.00', 'avgPrc': '0.00', 'dsQty': '0', 'ordID': '260206000173501', 'sts': 'cancelled', 'dpInsTyp': '', 'rjRsn': 'Exchange Mass cancel', 'userID': '80218397', 'dpExpDt': "12 FEB'26", 'ltSz': '20', 'tkSz': '0.05', 'desc': 'Buy 100 Qty @ &#8377 40.00', 'prc': '40.00', 'exONo': '1770367671193642332', 'exp': '12Feb2026', 'rcvDt': '06/02/2026', 'pdQty': '0', 'userCmnt': 'NA', 'rmk': 'NA', 'boSeqId': '', 'epochTim': '1770372000011505', 'ordTim': '06/02/2026 15:30:00', 'trgId': '', 'dpVal': 'SENSEX', 'cta': '', 'ltp': '53.00', 'bsktOrdId': '', 'bsktEpch': '', 'sipNo': 'NA', 'chg': '0.95', 'chgP': '1.83', 'lqdRsn': ''}, {'stkPrc': '81000', 'dur': 'EOS', 'vlDt': 'NA', 'rcvTim': '09:37:57', 'rcvEpTim': '06/02/2026 09:37:57', 'sym': '827958_BFO', 'cpName': '', 'exit': 'false', 'syomID': '', 'exc': 'BFO', 'ntQty': '100', 'dpName': 'SENSEX', 'cancel': 'false', 'sipID': 'N', 'nstReqID': '2', 'ordTyp': 'LIMIT', 'opTyp': 'PE', 'trsTyp': 'SELL', 'srs': 'XX', 'prdCode': 'NRML', 'prdDp': 'NRML', 'ogt': '--', 'flQty': '100', 'trdSym': 'SENSEX2621281000PE', 'edit': 'false', 'asTyp': 'OPTIDX', 'trgPrc': '0.00', 'avgPrc': '58.00', 'dsQty': '0', 'ordID': '260206000026881', 'sts': 'complete', 'dpInsTyp': '', 'rjRsn': '', 'userID': '80218397', 'dpExpDt': "12 FEB'26", 'ltSz': '20', 'tkSz': '0.05', 'desc': '100 Sold @ &#8377 58.00', 'prc': '58.00', 'exONo': '1770349843473798188', 'exp': '12Feb2026', 'rcvDt': '06/02/2026', 'pdQty': '0', 'userCmnt': 'NA', 'rmk': 'NA', 'boSeqId': '', 'epochTim': '1770350877737864', 'ordTim': '06/02/2026 09:37:57', 'trgId': '', 'dpVal': 'SENSEX', 'ltp': '53.00', 'bsktOrdId': '', 'bsktEpch': '', 'sipNo': 'NA', 'chg': '0.95', 'chgP': '1.83', 'lqdRsn': ''}, {'stkPrc': '85100', 'dur': 'EOS', 'vlDt': 'NA', 'rcvTim': '09:27:28', 'rcvEpTim': '06/02/2026 09:27:28', 'sym': '827285_BFO', 'cpName': '', 'exit': 'false', 'syomID': '', 'exc': 'BFO', 'ntQty': '80', 'dpName': 'SENSEX', 'cancel': 'false', 'sipID': 'N', 'nstReqID': '1', 'ordTyp': 'LIMIT', 'opTyp': 'CE', 'trsTyp': 'SELL', 'srs': 'XX', 'prdCode': 'NRML', 'prdDp': 'NRML', 'ogt': '--', 'flQty': '80', 'trdSym': 'SENSEX2621285100CE', 'edit': 'false', 'asTyp': 'OPTIDX', 'trgPrc': '0.00', 'avgPrc': '58.00', 'dsQty': '0', 'ordID': '260206000026403', 'sts': 'complete', 'dpInsTyp': '', 'rjRsn': '', 'userID': '80218397', 'dpExpDt': "12 FEB'26", 'ltSz': '20', 'tkSz': '0.05', 'desc': '80 Sold @ &#8377 58.00', 'prc': '58.00', 'exONo': '1770349806319960244', 'exp': '12Feb2026', 'rcvDt': '06/02/2026', 'pdQty': '0', 'userCmnt': 'NA', 'rmk': 'NA', 'boSeqId': '', 'epochTim': '1770350248228577', 'ordTim': '06/02/2026 09:27:28', 'trgId': '', 'dpVal': 'SENSEX', 'ltp': '70.00', 'bsktOrdId': '', 'bsktEpch': '', 'sipNo': 'NA', 'chg': '-19.70', 'chgP': '-21.96', 'lqdRsn': ''}]}, 'msgID': 'd1d902cf-85c4-4566-83c5-8f1cc9abce92', 'srvTm': 1770389239219}
2026-02-06 20:17:17,634 [DEBUG] APIConnect.http: Request to url: https://nc.nuvamawealth.com/edelmw-comm/comm/orderbook/80218397?rTyp=COMFNO/
2026-02-06 20:17:44,681 [DEBUG] urllib3.connectionpool: https://nc.nuvamawealth.com:443 "GET /edelmw-comm/comm/orderbook/80218397?rTyp=COMFNO/ HTTP/1.1" 504 92
2026-02-06 20:17:44,695 [DEBUG] APIConnect.http: Error response: <html><body><h1>504 Gateway Time-out</h1>
The server didn't respond in time.
</body></html>

2026-02-06 20:17:44,695 [DEBUG] APIConnect.APIConnect: Response for comm: 
2026-02-06 20:23:07,609 [INFO] APIConnect.APIConnect: Logger initiated with default values.
2026-02-06 20:23:07,609 [INFO] constants.router: Router object is being created.
2026-02-06 20:23:07,609 [INFO] APIConnect.http: Http object is being created.
2026-02-06 20:23:07,609 [INFO] APIConnect.login_helper: LoginHelper object is being created.
2026-02-06 20:23:07,609 [INFO] APIConnect.APIConnect: User data file found, loading data.
2026-02-06 20:23:07,725 [INFO] feed.feed: Connection established with subscriber.
2026-02-06 20:23:08,350 [INFO] APIConnect.login_helper: Downloaded instruments.zip
2026-02-06 20:23:08,566 [INFO] APIConnect.login_helper: Downloaded mfInstruments.zip
2026-02-06 20:23:08,753 [INFO] APIConnect.login_helper: Extracted instruments.csv
2026-02-06 20:23:10,039 [INFO] APIConnect.login_helper: Loaded instruments.csv
2026-02-06 20:23:10,082 [INFO] APIConnect.login_helper: Extracted mfInstruments.csv
2026-02-06 20:23:10,190 [INFO] APIConnect.login_helper: Loaded mfInstruments.csv
2026-02-06 20:23:10,285 [INFO] APIConnect.APIConnect: OrderBook method is called.
2026-02-06 20:23:10,286 [DEBUG] APIConnect.APIConnect: OrderBook method is called for 'COMEQ' account type
2026-02-06 20:23:10,286 [DEBUG] APIConnect.http: Request to url: https://nc.nuvamawealth.com/edelmw-eq/eq/order/book/80218397/v1/
2026-02-06 20:23:10,287 [DEBUG] urllib3.connectionpool: Starting new HTTPS connection (1): nc.nuvamawealth.com:443
2026-02-06 20:23:10,383 [DEBUG] urllib3.connectionpool: https://nc.nuvamawealth.com:443 "GET /edelmw-eq/eq/order/book/80218397/v1/ HTTP/1.1" 200 None
2026-02-06 20:23:10,384 [DEBUG] APIConnect.APIConnect: Response for eq: {'appID': '41da4012486b1acb3578c60f7f4e248a', 'config': {'app': 1, 'exp': 1770336027873, 'info': 4}, 'data': {'type': 'orderBookResponse', 'ord': [{'stkPrc': '81000', 'dur': 'EOS', 'vlDt': 'NA', 'rcvTim': '15:30:00', 'rcvEpTim': '06/02/2026 15:30:00', 'sym': '827958_BFO', 'cpName': '', 'exit': 'false', 'syomID': '', 'exc': 'BFO', 'ntQty': '100', 'dpName': 'SENSEX', 'cancel': 'false', 'sipID': 'N', 'nstReqID': '1', 'ordTyp': 'LIMIT', 'opTyp': 'PE', 'trsTyp': 'BUY', 'srs': 'XX', 'prdCode': 'NRML', 'prdDp': 'NRML', 'ogt': '--', 'flQty': '0', 'trdSym': 'SENSEX2621281000PE', 'edit': 'false', 'asTyp': 'OPTIDX', 'trgPrc': '0.00', 'avgPrc': '0.00', 'dsQty': '0', 'ordID': '260206000173501', 'sts': 'cancelled', 'dpInsTyp': '', 'rjRsn': 'Exchange Mass cancel', 'userID': '80218397', 'dpExpDt': "12 FEB'26", 'ltSz': '20', 'tkSz': '0.05', 'desc': 'Buy 100 Qty @ &#8377 40.00', 'prc': '40.00', 'exONo': '1770367671193642332', 'exp': '12Feb2026', 'rcvDt': '06/02/2026', 'pdQty': '0', 'userCmnt': 'NA', 'rmk': 'NA', 'boSeqId': '', 'epochTim': '1770372000011505', 'ordTim': '06/02/2026 15:30:00', 'trgId': '', 'dpVal': 'SENSEX', 'cta': '', 'ltp': '53.00', 'bsktOrdId': '', 'bsktEpch': '', 'sipNo': 'NA', 'chg': '0.95', 'chgP': '1.83', 'lqdRsn': ''}, {'stkPrc': '81000', 'dur': 'EOS', 'vlDt': 'NA', 'rcvTim': '09:37:57', 'rcvEpTim': '06/02/2026 09:37:57', 'sym': '827958_BFO', 'cpName': '', 'exit': 'false', 'syomID': '', 'exc': 'BFO', 'ntQty': '100', 'dpName': 'SENSEX', 'cancel': 'false', 'sipID': 'N', 'nstReqID': '2', 'ordTyp': 'LIMIT', 'opTyp': 'PE', 'trsTyp': 'SELL', 'srs': 'XX', 'prdCode': 'NRML', 'prdDp': 'NRML', 'ogt': '--', 'flQty': '100', 'trdSym': 'SENSEX2621281000PE', 'edit': 'false', 'asTyp': 'OPTIDX', 'trgPrc': '0.00', 'avgPrc': '58.00', 'dsQty': '0', 'ordID': '260206000026881', 'sts': 'complete', 'dpInsTyp': '', 'rjRsn': '', 'userID': '80218397', 'dpExpDt': "12 FEB'26", 'ltSz': '20', 'tkSz': '0.05', 'desc': '100 Sold @ &#8377 58.00', 'prc': '58.00', 'exONo': '1770349843473798188', 'exp': '12Feb2026', 'rcvDt': '06/02/2026', 'pdQty': '0', 'userCmnt': 'NA', 'rmk': 'NA', 'boSeqId': '', 'epochTim': '1770350877737864', 'ordTim': '06/02/2026 09:37:57', 'trgId': '', 'dpVal': 'SENSEX', 'ltp': '53.00', 'bsktOrdId': '', 'bsktEpch': '', 'sipNo': 'NA', 'chg': '0.95', 'chgP': '1.83', 'lqdRsn': ''}, {'stkPrc': '85100', 'dur': 'EOS', 'vlDt': 'NA', 'rcvTim': '09:27:28', 'rcvEpTim': '06/02/2026 09:27:28', 'sym': '827285_BFO', 'cpName': '', 'exit': 'false', 'syomID': '', 'exc': 'BFO', 'ntQty': '80', 'dpName': 'SENSEX', 'cancel': 'false', 'sipID': 'N', 'nstReqID': '1', 'ordTyp': 'LIMIT', 'opTyp': 'CE', 'trsTyp': 'SELL', 'srs': 'XX', 'prdCode': 'NRML', 'prdDp': 'NRML', 'ogt': '--', 'flQty': '80', 'trdSym': 'SENSEX2621285100CE', 'edit': 'false', 'asTyp': 'OPTIDX', 'trgPrc': '0.00', 'avgPrc': '58.00', 'dsQty': '0', 'ordID': '260206000026403', 'sts': 'complete', 'dpInsTyp': '', 'rjRsn': '', 'userID': '80218397', 'dpExpDt': "12 FEB'26", 'ltSz': '20', 'tkSz': '0.05', 'desc': '80 Sold @ &#8377 58.00', 'prc': '58.00', 'exONo': '1770349806319960244', 'exp': '12Feb2026', 'rcvDt': '06/02/2026', 'pdQty': '0', 'userCmnt': 'NA', 'rmk': 'NA', 'boSeqId': '', 'epochTim': '1770350248228577', 'ordTim': '06/02/2026 09:27:28', 'trgId': '', 'dpVal': 'SENSEX', 'ltp': '70.00', 'bsktOrdId': '', 'bsktEpch': '', 'sipNo': 'NA', 'chg': '-19.70', 'chgP': '-21.96', 'lqdRsn': ''}]}, 'msgID': 'a0bbdb79-4683-40f2-99bd-4c30ddcb16f6', 'srvTm': 1770389591975}
2026-02-06 20:23:10,384 [DEBUG] APIConnect.http: Request to url: https://nc.nuvamawealth.com/edelmw-comm/comm/orderbook/80218397?rTyp=COMFNO/
2026-02-06 20:23:10,685 [DEBUG] urllib3.connectionpool: https://nc.nuvamawealth.com:443 "GET /edelmw-comm/comm/orderbook/80218397?rTyp=COMFNO/ HTTP/1.1" 500 221
2026-02-06 20:23:10,686 [DEBUG] APIConnect.http: Error response: {"appID":"41da4012486b1acb3578c60f7f4e248a","config":{},"error":{"actCd":"50","errCd":"EGN0001","errMsg":"Something went wrong please try again later"},"msgID":"e3bebd02-f2b9-4aab-9ea2-b9826f43ad53","srvTm":1770389592277}
2026-02-06 20:23:10,686 [DEBUG] APIConnect.APIConnect: Response for comm: 
2026-02-06 20:28:57,115 [INFO] APIConnect.APIConnect: Logger initiated with default values.
2026-02-06 20:28:57,116 [INFO] constants.router: Router object is being created.
2026-02-06 20:28:57,116 [INFO] APIConnect.http: Http object is being created.
2026-02-06 20:28:57,116 [INFO] APIConnect.login_helper: LoginHelper object is being created.
2026-02-06 20:28:57,116 [INFO] APIConnect.APIConnect: User data file found, loading data.
2026-02-06 20:28:57,201 [INFO] feed.feed: Connection established with subscriber.
2026-02-06 20:28:57,957 [INFO] APIConnect.login_helper: Downloaded instruments.zip
2026-02-06 20:28:58,360 [INFO] APIConnect.login_helper: Downloaded mfInstruments.zip
2026-02-06 20:28:58,582 [INFO] APIConnect.login_helper: Extracted instruments.csv
2026-02-06 20:28:59,592 [INFO] APIConnect.login_helper: Loaded instruments.csv
2026-02-06 20:28:59,642 [INFO] APIConnect.login_helper: Extracted mfInstruments.csv
2026-02-06 20:28:59,754 [INFO] APIConnect.login_helper: Loaded mfInstruments.csv
2026-02-06 20:29:30,766 [INFO] APIConnect.APIConnect: Logger initiated with default values.
2026-02-06 20:29:30,767 [INFO] constants.router: Router object is being created.
2026-02-06 20:29:30,767 [INFO] APIConnect.http: Http object is being created.
2026-02-06 20:29:30,767 [INFO] APIConnect.login_helper: LoginHelper object is being created.
2026-02-06 20:29:30,767 [INFO] APIConnect.APIConnect: User data file found, loading data.
2026-02-06 20:29:30,829 [INFO] feed.feed: Connection established with subscriber.
2026-02-06 20:29:31,461 [INFO] APIConnect.login_helper: Downloaded instruments.zip
2026-02-06 20:29:31,710 [INFO] APIConnect.login_helper: Downloaded mfInstruments.zip
2026-02-06 20:29:31,882 [INFO] APIConnect.login_helper: Extracted instruments.csv
2026-02-06 20:29:33,285 [INFO] APIConnect.login_helper: Loaded instruments.csv
2026-02-06 20:29:33,328 [INFO] APIConnect.login_helper: Extracted mfInstruments.csv
2026-02-06 20:29:33,410 [INFO] APIConnect.login_helper: Loaded mfInstruments.csv
2026-02-06 20:29:33,506 [INFO] APIConnect.APIConnect: OrderBook method is called.
2026-02-06 20:29:33,506 [DEBUG] APIConnect.APIConnect: OrderBook method is called for 'COMEQ' account type
2026-02-06 20:29:33,506 [DEBUG] APIConnect.http: Request to url: https://nc.nuvamawealth.com/edelmw-eq/eq/order/book/80218397/v1/
2026-02-06 20:29:33,509 [DEBUG] urllib3.connectionpool: Starting new HTTPS connection (1): nc.nuvamawealth.com:443
2026-02-06 20:29:33,632 [DEBUG] urllib3.connectionpool: https://nc.nuvamawealth.com:443 "GET /edelmw-eq/eq/order/book/80218397/v1/ HTTP/1.1" 200 None
2026-02-06 20:29:33,632 [DEBUG] APIConnect.APIConnect: Response for eq: {'appID': '41da4012486b1acb3578c60f7f4e248a', 'config': {'app': 1, 'exp': 1770336027873, 'info': 4}, 'data': {'type': 'orderBookResponse', 'ord': [{'stkPrc': '81000', 'dur': 'EOS', 'vlDt': 'NA', 'rcvTim': '15:30:00', 'rcvEpTim': '06/02/2026 15:30:00', 'sym': '827958_BFO', 'cpName': '', 'exit': 'false', 'syomID': '', 'exc': 'BFO', 'ntQty': '100', 'dpName': 'SENSEX', 'cancel': 'false', 'sipID': 'N', 'nstReqID': '1', 'ordTyp': 'LIMIT', 'opTyp': 'PE', 'trsTyp': 'BUY', 'srs': 'XX', 'prdCode': 'NRML', 'prdDp': 'NRML', 'ogt': '--', 'flQty': '0', 'trdSym': 'SENSEX2621281000PE', 'edit': 'false', 'asTyp': 'OPTIDX', 'trgPrc': '0.00', 'avgPrc': '0.00', 'dsQty': '0', 'ordID': '260206000173501', 'sts': 'cancelled', 'dpInsTyp': '', 'rjRsn': 'Exchange Mass cancel', 'userID': '80218397', 'dpExpDt': "12 FEB'26", 'ltSz': '20', 'tkSz': '0.05', 'desc': 'Buy 100 Qty @ &#8377 40.00', 'prc': '40.00', 'exONo': '1770367671193642332', 'exp': '12Feb2026', 'rcvDt': '06/02/2026', 'pdQty': '0', 'userCmnt': 'NA', 'rmk': 'NA', 'boSeqId': '', 'epochTim': '1770372000011505', 'ordTim': '06/02/2026 15:30:00', 'trgId': '', 'dpVal': 'SENSEX', 'cta': '', 'ltp': '53.00', 'bsktOrdId': '', 'bsktEpch': '', 'sipNo': 'NA', 'chg': '0.95', 'chgP': '1.83', 'lqdRsn': ''}, {'stkPrc': '81000', 'dur': 'EOS', 'vlDt': 'NA', 'rcvTim': '09:37:57', 'rcvEpTim': '06/02/2026 09:37:57', 'sym': '827958_BFO', 'cpName': '', 'exit': 'false', 'syomID': '', 'exc': 'BFO', 'ntQty': '100', 'dpName': 'SENSEX', 'cancel': 'false', 'sipID': 'N', 'nstReqID': '2', 'ordTyp': 'LIMIT', 'opTyp': 'PE', 'trsTyp': 'SELL', 'srs': 'XX', 'prdCode': 'NRML', 'prdDp': 'NRML', 'ogt': '--', 'flQty': '100', 'trdSym': 'SENSEX2621281000PE', 'edit': 'false', 'asTyp': 'OPTIDX', 'trgPrc': '0.00', 'avgPrc': '58.00', 'dsQty': '0', 'ordID': '260206000026881', 'sts': 'complete', 'dpInsTyp': '', 'rjRsn': '', 'userID': '80218397', 'dpExpDt': "12 FEB'26", 'ltSz': '20', 'tkSz': '0.05', 'desc': '100 Sold @ &#8377 58.00', 'prc': '58.00', 'exONo': '1770349843473798188', 'exp': '12Feb2026', 'rcvDt': '06/02/2026', 'pdQty': '0', 'userCmnt': 'NA', 'rmk': 'NA', 'boSeqId': '', 'epochTim': '1770350877737864', 'ordTim': '06/02/2026 09:37:57', 'trgId': '', 'dpVal': 'SENSEX', 'ltp': '53.00', 'bsktOrdId': '', 'bsktEpch': '', 'sipNo': 'NA', 'chg': '0.95', 'chgP': '1.83', 'lqdRsn': ''}, {'stkPrc': '85100', 'dur': 'EOS', 'vlDt': 'NA', 'rcvTim': '09:27:28', 'rcvEpTim': '06/02/2026 09:27:28', 'sym': '827285_BFO', 'cpName': '', 'exit': 'false', 'syomID': '', 'exc': 'BFO', 'ntQty': '80', 'dpName': 'SENSEX', 'cancel': 'false', 'sipID': 'N', 'nstReqID': '1', 'ordTyp': 'LIMIT', 'opTyp': 'CE', 'trsTyp': 'SELL', 'srs': 'XX', 'prdCode': 'NRML', 'prdDp': 'NRML', 'ogt': '--', 'flQty': '80', 'trdSym': 'SENSEX2621285100CE', 'edit': 'false', 'asTyp': 'OPTIDX', 'trgPrc': '0.00', 'avgPrc': '58.00', 'dsQty': '0', 'ordID': '260206000026403', 'sts': 'complete', 'dpInsTyp': '', 'rjRsn': '', 'userID': '80218397', 'dpExpDt': "12 FEB'26", 'ltSz': '20', 'tkSz': '0.05', 'desc': '80 Sold @ &#8377 58.00', 'prc': '58.00', 'exONo': '1770349806319960244', 'exp': '12Feb2026', 'rcvDt': '06/02/2026', 'pdQty': '0', 'userCmnt': 'NA', 'rmk': 'NA', 'boSeqId': '', 'epochTim': '1770350248228577', 'ordTim': '06/02/2026 09:27:28', 'trgId': '', 'dpVal': 'SENSEX', 'ltp': '70.00', 'bsktOrdId': '', 'bsktEpch': '', 'sipNo': 'NA', 'chg': '-19.70', 'chgP': '-21.96', 'lqdRsn': ''}]}, 'msgID': '219ec480-64c0-421f-b490-6f741dfcd75b', 'srvTm': 1770389975205}
2026-02-06 20:29:33,632 [DEBUG] APIConnect.http: Request to url: https://nc.nuvamawealth.com/edelmw-comm/comm/orderbook/80218397?rTyp=COMFNO/
2026-02-06 20:30:00,677 [DEBUG] urllib3.connectionpool: https://nc.nuvamawealth.com:443 "GET /edelmw-comm/comm/orderbook/80218397?rTyp=COMFNO/ HTTP/1.1" 504 92
2026-02-06 20:30:00,678 [DEBUG] APIConnect.http: Error response: <html><body><h1>504 Gateway Time-out</h1>
The server didn't respond in time.
</body></html>

2026-02-06 20:30:00,678 [DEBUG] APIConnect.APIConnect: Response for comm: 
2026-02-06 20:32:13,465 [INFO] APIConnect.APIConnect: Logger initiated with default values.
2026-02-06 20:32:13,465 [INFO] constants.router: Router object is being created.
2026-02-06 20:32:13,465 [INFO] APIConnect.http: Http object is being created.
2026-02-06 20:32:13,465 [INFO] APIConnect.login_helper: LoginHelper object is being created.
2026-02-06 20:32:13,465 [INFO] APIConnect.APIConnect: User data file found, loading data.
2026-02-06 20:32:13,558 [INFO] feed.feed: Connection established with subscriber.
2026-02-06 20:32:14,819 [INFO] APIConnect.login_helper: Downloaded instruments.zip
2026-02-06 20:32:15,008 [INFO] APIConnect.login_helper: Downloaded mfInstruments.zip
2026-02-06 20:32:15,198 [INFO] APIConnect.login_helper: Extracted instruments.csv
2026-02-06 20:32:16,234 [INFO] APIConnect.login_helper: Loaded instruments.csv
2026-02-06 20:32:16,275 [INFO] APIConnect.login_helper: Extracted mfInstruments.csv
2026-02-06 20:32:16,351 [INFO] APIConnect.login_helper: Loaded mfInstruments.csv
2026-02-06 20:33:25,886 [INFO] APIConnect.APIConnect: Logger initiated with default values.
2026-02-06 20:33:25,886 [INFO] constants.router: Router object is being created.
2026-02-06 20:33:25,886 [INFO] APIConnect.http: Http object is being created.
2026-02-06 20:33:25,887 [INFO] APIConnect.login_helper: LoginHelper object is being created.
2026-02-06 20:33:25,887 [INFO] APIConnect.APIConnect: User data file found, loading data.
2026-02-06 20:33:26,037 [INFO] feed.feed: Connection established with subscriber.
2026-02-06 20:33:27,282 [INFO] APIConnect.login_helper: Downloaded instruments.zip
2026-02-06 20:33:27,506 [INFO] APIConnect.login_helper: Downloaded mfInstruments.zip
2026-02-06 20:33:27,725 [INFO] APIConnect.login_helper: Extracted instruments.csv
2026-02-06 20:33:28,825 [INFO] APIConnect.login_helper: Loaded instruments.csv
2026-02-06 20:33:28,889 [INFO] APIConnect.login_helper: Extracted mfInstruments.csv
2026-02-06 20:33:29,010 [INFO] APIConnect.login_helper: Loaded mfInstruments.csv
2026-02-06 20:34:19,753 [INFO] APIConnect.APIConnect: Logger initiated with default values.
2026-02-06 20:34:19,754 [INFO] constants.router: Router object is being created.
2026-02-06 20:34:19,754 [INFO] APIConnect.http: Http object is being created.
2026-02-06 20:34:19,754 [INFO] APIConnect.login_helper: LoginHelper object is being created.
2026-02-06 20:34:19,754 [INFO] APIConnect.APIConnect: User data file found, loading data.
2026-02-06 20:34:19,849 [INFO] feed.feed: Connection established with subscriber.
2026-02-06 20:34:20,862 [INFO] APIConnect.login_helper: Downloaded instruments.zip
2026-02-06 20:34:21,066 [INFO] APIConnect.login_helper: Downloaded mfInstruments.zip
2026-02-06 20:34:21,230 [INFO] APIConnect.login_helper: Extracted instruments.csv
2026-02-06 20:34:22,218 [INFO] APIConnect.login_helper: Loaded instruments.csv
2026-02-06 20:34:22,252 [INFO] APIConnect.login_helper: Extracted mfInstruments.csv
2026-02-06 20:34:22,323 [INFO] APIConnect.login_helper: Loaded mfInstruments.csv
2026-02-06 20:35:08,064 [INFO] APIConnect.APIConnect: Logger initiated with default values.
2026-02-06 20:35:08,064 [INFO] constants.router: Router object is being created.
2026-02-06 20:35:08,064 [INFO] APIConnect.http: Http object is being created.
2026-02-06 20:35:08,064 [INFO] APIConnect.login_helper: LoginHelper object is being created.
2026-02-06 20:35:08,064 [INFO] APIConnect.APIConnect: User data file found, loading data.
2026-02-06 20:35:08,208 [INFO] feed.feed: Connection established with subscriber.
2026-02-06 20:35:09,524 [INFO] APIConnect.login_helper: Downloaded instruments.zip
2026-02-06 20:35:09,633 [INFO] APIConnect.login_helper: Downloaded mfInstruments.zip
2026-02-06 20:35:09,822 [INFO] APIConnect.login_helper: Extracted instruments.csv
2026-02-06 20:35:10,887 [INFO] APIConnect.login_helper: Loaded instruments.csv
2026-02-06 20:35:10,935 [INFO] APIConnect.login_helper: Extracted mfInstruments.csv
2026-02-06 20:35:11,052 [INFO] APIConnect.login_helper: Loaded mfInstruments.csv
2026-02-06 20:37:34,052 [INFO] APIConnect.APIConnect: Logger initiated with default values.
2026-02-06 20:37:34,052 [INFO] constants.router: Router object is being created.
2026-02-06 20:37:34,052 [INFO] APIConnect.http: Http object is being created.
2026-02-06 20:37:34,052 [INFO] APIConnect.login_helper: LoginHelper object is being created.
2026-02-06 20:37:34,052 [INFO] APIConnect.APIConnect: User data file found, loading data.
2026-02-06 20:37:34,189 [INFO] feed.feed: Connection established with subscriber.
2026-02-06 20:37:34,961 [INFO] APIConnect.login_helper: Downloaded instruments.zip
2026-02-06 20:37:35,320 [INFO] APIConnect.login_helper: Downloaded mfInstruments.zip
2026-02-06 20:37:35,485 [INFO] APIConnect.login_helper: Extracted instruments.csv
2026-02-06 20:37:36,479 [INFO] APIConnect.login_helper: Loaded instruments.csv
2026-02-06 20:37:36,519 [INFO] APIConnect.login_helper: Extracted mfInstruments.csv
2026-02-06 20:37:36,599 [INFO] APIConnect.login_helper: Loaded mfInstruments.csv
2026-02-06 20:38:08,243 [INFO] APIConnect.APIConnect: Logger initiated with default values.
2026-02-06 20:38:08,243 [INFO] constants.router: Router object is being created.
2026-02-06 20:38:08,243 [INFO] APIConnect.http: Http object is being created.
2026-02-06 20:38:08,244 [INFO] APIConnect.login_helper: LoginHelper object is being created.
2026-02-06 20:38:08,244 [INFO] APIConnect.APIConnect: User data file found, loading data.
2026-02-06 20:38:08,294 [INFO] feed.feed: Connection established with subscriber.
2026-02-06 20:38:09,111 [INFO] APIConnect.login_helper: Downloaded instruments.zip
2026-02-06 20:38:09,215 [INFO] APIConnect.login_helper: Downloaded mfInstruments.zip
2026-02-06 20:38:09,422 [INFO] APIConnect.login_helper: Extracted instruments.csv
2026-02-06 20:38:10,896 [INFO] APIConnect.login_helper: Loaded instruments.csv
2026-02-06 20:38:10,937 [INFO] APIConnect.login_helper: Extracted mfInstruments.csv
2026-02-06 20:38:11,033 [INFO] APIConnect.login_helper: Loaded mfInstruments.csv
2026-02-06 20:38:11,132 [INFO] APIConnect.APIConnect: OrderBook method is called.
2026-02-06 20:38:11,133 [DEBUG] APIConnect.APIConnect: OrderBook method is called for 'COMEQ' account type
2026-02-06 20:38:11,133 [DEBUG] APIConnect.http: Request to url: https://nc.nuvamawealth.com/edelmw-eq/eq/order/book/80218397/v1/
2026-02-06 20:38:11,142 [DEBUG] urllib3.connectionpool: Starting new HTTPS connection (1): nc.nuvamawealth.com:443
2026-02-06 20:38:11,262 [DEBUG] urllib3.connectionpool: https://nc.nuvamawealth.com:443 "GET /edelmw-eq/eq/order/book/80218397/v1/ HTTP/1.1" 200 None
2026-02-06 20:38:11,263 [DEBUG] APIConnect.APIConnect: Response for eq: {'appID': '41da4012486b1acb3578c60f7f4e248a', 'config': {'app': 1, 'exp': 1770336027873, 'info': 4}, 'data': {'type': 'orderBookResponse', 'ord': [{'stkPrc': '81000', 'dur': 'EOS', 'vlDt': 'NA', 'rcvTim': '15:30:00', 'rcvEpTim': '06/02/2026 15:30:00', 'sym': '827958_BFO', 'cpName': '', 'exit': 'false', 'syomID': '', 'exc': 'BFO', 'ntQty': '100', 'dpName': 'SENSEX', 'cancel': 'false', 'sipID': 'N', 'nstReqID': '1', 'ordTyp': 'LIMIT', 'opTyp': 'PE', 'trsTyp': 'BUY', 'srs': 'XX', 'prdCode': 'NRML', 'prdDp': 'NRML', 'ogt': '--', 'flQty': '0', 'trdSym': 'SENSEX2621281000PE', 'edit': 'false', 'asTyp': 'OPTIDX', 'trgPrc': '0.00', 'avgPrc': '0.00', 'dsQty': '0', 'ordID': '260206000173501', 'sts': 'cancelled', 'dpInsTyp': '', 'rjRsn': 'Exchange Mass cancel', 'userID': '80218397', 'dpExpDt': "12 FEB'26", 'ltSz': '20', 'tkSz': '0.05', 'desc': 'Buy 100 Qty @ &#8377 40.00', 'prc': '40.00', 'exONo': '1770367671193642332', 'exp': '12Feb2026', 'rcvDt': '06/02/2026', 'pdQty': '0', 'userCmnt': 'NA', 'rmk': 'NA', 'boSeqId': '', 'epochTim': '1770372000011505', 'ordTim': '06/02/2026 15:30:00', 'trgId': '', 'dpVal': 'SENSEX', 'cta': '', 'ltp': '53.00', 'bsktOrdId': '', 'bsktEpch': '', 'sipNo': 'NA', 'chg': '0.95', 'chgP': '1.83', 'lqdRsn': ''}, {'stkPrc': '81000', 'dur': 'EOS', 'vlDt': 'NA', 'rcvTim': '09:37:57', 'rcvEpTim': '06/02/2026 09:37:57', 'sym': '827958_BFO', 'cpName': '', 'exit': 'false', 'syomID': '', 'exc': 'BFO', 'ntQty': '100', 'dpName': 'SENSEX', 'cancel': 'false', 'sipID': 'N', 'nstReqID': '2', 'ordTyp': 'LIMIT', 'opTyp': 'PE', 'trsTyp': 'SELL', 'srs': 'XX', 'prdCode': 'NRML', 'prdDp': 'NRML', 'ogt': '--', 'flQty': '100', 'trdSym': 'SENSEX2621281000PE', 'edit': 'false', 'asTyp': 'OPTIDX', 'trgPrc': '0.00', 'avgPrc': '58.00', 'dsQty': '0', 'ordID': '260206000026881', 'sts': 'complete', 'dpInsTyp': '', 'rjRsn': '', 'userID': '80218397', 'dpExpDt': "12 FEB'26", 'ltSz': '20', 'tkSz': '0.05', 'desc': '100 Sold @ &#8377 58.00', 'prc': '58.00', 'exONo': '1770349843473798188', 'exp': '12Feb2026', 'rcvDt': '06/02/2026', 'pdQty': '0', 'userCmnt': 'NA', 'rmk': 'NA', 'boSeqId': '', 'epochTim': '1770350877737864', 'ordTim': '06/02/2026 09:37:57', 'trgId': '', 'dpVal': 'SENSEX', 'ltp': '53.00', 'bsktOrdId': '', 'bsktEpch': '', 'sipNo': 'NA', 'chg': '0.95', 'chgP': '1.83', 'lqdRsn': ''}, {'stkPrc': '85100', 'dur': 'EOS', 'vlDt': 'NA', 'rcvTim': '09:27:28', 'rcvEpTim': '06/02/2026 09:27:28', 'sym': '827285_BFO', 'cpName': '', 'exit': 'false', 'syomID': '', 'exc': 'BFO', 'ntQty': '80', 'dpName': 'SENSEX', 'cancel': 'false', 'sipID': 'N', 'nstReqID': '1', 'ordTyp': 'LIMIT', 'opTyp': 'CE', 'trsTyp': 'SELL', 'srs': 'XX', 'prdCode': 'NRML', 'prdDp': 'NRML', 'ogt': '--', 'flQty': '80', 'trdSym': 'SENSEX2621285100CE', 'edit': 'false', 'asTyp': 'OPTIDX', 'trgPrc': '0.00', 'avgPrc': '58.00', 'dsQty': '0', 'ordID': '260206000026403', 'sts': 'complete', 'dpInsTyp': '', 'rjRsn': '', 'userID': '80218397', 'dpExpDt': "12 FEB'26", 'ltSz': '20', 'tkSz': '0.05', 'desc': '80 Sold @ &#8377 58.00', 'prc': '58.00', 'exONo': '1770349806319960244', 'exp': '12Feb2026', 'rcvDt': '06/02/2026', 'pdQty': '0', 'userCmnt': 'NA', 'rmk': 'NA', 'boSeqId': '', 'epochTim': '1770350248228577', 'ordTim': '06/02/2026 09:27:28', 'trgId': '', 'dpVal': 'SENSEX', 'ltp': '70.00', 'bsktOrdId': '', 'bsktEpch': '', 'sipNo': 'NA', 'chg': '-19.70', 'chgP': '-21.96', 'lqdRsn': ''}]}, 'msgID': 'b0340b39-9473-44e3-8d02-5d6fdc722228', 'srvTm': 1770390492807}
2026-02-06 20:38:11,264 [DEBUG] APIConnect.http: Request to url: https://nc.nuvamawealth.com/edelmw-comm/comm/orderbook/80218397?rTyp=COMFNO/
2026-02-06 20:38:38,358 [DEBUG] urllib3.connectionpool: https://nc.nuvamawealth.com:443 "GET /edelmw-comm/comm/orderbook/80218397?rTyp=COMFNO/ HTTP/1.1" 504 92
2026-02-06 20:38:38,359 [DEBUG] APIConnect.http: Error response: <html><body><h1>504 Gateway Time-out</h1>
The server didn't respond in time.
</body></html>

2026-02-06 20:38:38,359 [DEBUG] APIConnect.APIConnect: Response for comm: 
2026-02-06 20:42:34,868 [INFO] APIConnect.APIConnect: Logger initiated with default values.
2026-02-06 20:42:34,868 [INFO] constants.router: Router object is being created.
2026-02-06 20:42:34,869 [INFO] APIConnect.http: Http object is being created.
2026-02-06 20:42:34,869 [INFO] APIConnect.login_helper: LoginHelper object is being created.
2026-02-06 20:42:34,870 [INFO] APIConnect.APIConnect: User data file found, loading data.
2026-02-06 20:42:34,968 [INFO] feed.feed: Connection established with subscriber.
2026-02-06 20:42:35,720 [INFO] APIConnect.login_helper: Downloaded instruments.zip
2026-02-06 20:42:35,848 [INFO] APIConnect.login_helper: Downloaded mfInstruments.zip
2026-02-06 20:42:36,059 [INFO] APIConnect.login_helper: Extracted instruments.csv
2026-02-06 20:42:37,086 [INFO] APIConnect.login_helper: Loaded instruments.csv
2026-02-06 20:42:37,141 [INFO] APIConnect.login_helper: Extracted mfInstruments.csv
2026-02-06 20:42:37,234 [INFO] APIConnect.login_helper: Loaded mfInstruments.csv
2026-02-06 20:42:54,486 [INFO] APIConnect.APIConnect: Logger initiated with default values.
2026-02-06 20:42:54,486 [INFO] constants.router: Router object is being created.
2026-02-06 20:42:54,486 [INFO] APIConnect.http: Http object is being created.
2026-02-06 20:42:54,487 [INFO] APIConnect.login_helper: LoginHelper object is being created.
2026-02-06 20:42:54,487 [INFO] APIConnect.APIConnect: User data file found, loading data.
2026-02-06 20:42:54,547 [INFO] feed.feed: Connection established with subscriber.
2026-02-06 20:42:55,329 [INFO] APIConnect.login_helper: Downloaded instruments.zip
2026-02-06 20:42:55,533 [INFO] APIConnect.login_helper: Downloaded mfInstruments.zip
2026-02-06 20:42:55,694 [INFO] APIConnect.login_helper: Extracted instruments.csv
2026-02-06 20:42:56,906 [INFO] APIConnect.login_helper: Loaded instruments.csv
2026-02-06 20:42:56,950 [INFO] APIConnect.login_helper: Extracted mfInstruments.csv
2026-02-06 20:42:57,046 [INFO] APIConnect.login_helper: Loaded mfInstruments.csv
2026-02-06 20:42:57,137 [INFO] APIConnect.APIConnect: OrderBook method is called.
2026-02-06 20:42:57,137 [DEBUG] APIConnect.APIConnect: OrderBook method is called for 'COMEQ' account type
2026-02-06 20:42:57,138 [DEBUG] APIConnect.http: Request to url: https://nc.nuvamawealth.com/edelmw-eq/eq/order/book/80218397/v1/
2026-02-06 20:42:57,146 [DEBUG] urllib3.connectionpool: Starting new HTTPS connection (1): nc.nuvamawealth.com:443
2026-02-06 20:42:57,354 [DEBUG] urllib3.connectionpool: https://nc.nuvamawealth.com:443 "GET /edelmw-eq/eq/order/book/80218397/v1/ HTTP/1.1" 200 None
2026-02-06 20:42:57,355 [DEBUG] APIConnect.APIConnect: Response for eq: {'appID': '41da4012486b1acb3578c60f7f4e248a', 'config': {'app': 1, 'exp': 1770336027873, 'info': 4}, 'data': {'type': 'orderBookResponse', 'ord': [{'stkPrc': '81000', 'dur': 'EOS', 'vlDt': 'NA', 'rcvTim': '15:30:00', 'rcvEpTim': '06/02/2026 15:30:00', 'sym': '827958_BFO', 'cpName': '', 'exit': 'false', 'syomID': '', 'exc': 'BFO', 'ntQty': '100', 'dpName': 'SENSEX', 'cancel': 'false', 'sipID': 'N', 'nstReqID': '1', 'ordTyp': 'LIMIT', 'opTyp': 'PE', 'trsTyp': 'BUY', 'srs': 'XX', 'prdCode': 'NRML', 'prdDp': 'NRML', 'ogt': '--', 'flQty': '0', 'trdSym': 'SENSEX2621281000PE', 'edit': 'false', 'asTyp': 'OPTIDX', 'trgPrc': '0.00', 'avgPrc': '0.00', 'dsQty': '0', 'ordID': '260206000173501', 'sts': 'cancelled', 'dpInsTyp': '', 'rjRsn': 'Exchange Mass cancel', 'userID': '80218397', 'dpExpDt': "12 FEB'26", 'ltSz': '20', 'tkSz': '0.05', 'desc': 'Buy 100 Qty @ &#8377 40.00', 'prc': '40.00', 'exONo': '1770367671193642332', 'exp': '12Feb2026', 'rcvDt': '06/02/2026', 'pdQty': '0', 'userCmnt': 'NA', 'rmk': 'NA', 'boSeqId': '', 'epochTim': '1770372000011505', 'ordTim': '06/02/2026 15:30:00', 'trgId': '', 'dpVal': 'SENSEX', 'cta': '', 'ltp': '53.00', 'bsktOrdId': '', 'bsktEpch': '', 'sipNo': 'NA', 'chg': '0.95', 'chgP': '1.83', 'lqdRsn': ''}, {'stkPrc': '81000', 'dur': 'EOS', 'vlDt': 'NA', 'rcvTim': '09:37:57', 'rcvEpTim': '06/02/2026 09:37:57', 'sym': '827958_BFO', 'cpName': '', 'exit': 'false', 'syomID': '', 'exc': 'BFO', 'ntQty': '100', 'dpName': 'SENSEX', 'cancel': 'false', 'sipID': 'N', 'nstReqID': '2', 'ordTyp': 'LIMIT', 'opTyp': 'PE', 'trsTyp': 'SELL', 'srs': 'XX', 'prdCode': 'NRML', 'prdDp': 'NRML', 'ogt': '--', 'flQty': '100', 'trdSym': 'SENSEX2621281000PE', 'edit': 'false', 'asTyp': 'OPTIDX', 'trgPrc': '0.00', 'avgPrc': '58.00', 'dsQty': '0', 'ordID': '260206000026881', 'sts': 'complete', 'dpInsTyp': '', 'rjRsn': '', 'userID': '80218397', 'dpExpDt': "12 FEB'26", 'ltSz': '20', 'tkSz': '0.05', 'desc': '100 Sold @ &#8377 58.00', 'prc': '58.00', 'exONo': '1770349843473798188', 'exp': '12Feb2026', 'rcvDt': '06/02/2026', 'pdQty': '0', 'userCmnt': 'NA', 'rmk': 'NA', 'boSeqId': '', 'epochTim': '1770350877737864', 'ordTim': '06/02/2026 09:37:57', 'trgId': '', 'dpVal': 'SENSEX', 'ltp': '53.00', 'bsktOrdId': '', 'bsktEpch': '', 'sipNo': 'NA', 'chg': '0.95', 'chgP': '1.83', 'lqdRsn': ''}, {'stkPrc': '85100', 'dur': 'EOS', 'vlDt': 'NA', 'rcvTim': '09:27:28', 'rcvEpTim': '06/02/2026 09:27:28', 'sym': '827285_BFO', 'cpName': '', 'exit': 'false', 'syomID': '', 'exc': 'BFO', 'ntQty': '80', 'dpName': 'SENSEX', 'cancel': 'false', 'sipID': 'N', 'nstReqID': '1', 'ordTyp': 'LIMIT', 'opTyp': 'CE', 'trsTyp': 'SELL', 'srs': 'XX', 'prdCode': 'NRML', 'prdDp': 'NRML', 'ogt': '--', 'flQty': '80', 'trdSym': 'SENSEX2621285100CE', 'edit': 'false', 'asTyp': 'OPTIDX', 'trgPrc': '0.00', 'avgPrc': '58.00', 'dsQty': '0', 'ordID': '260206000026403', 'sts': 'complete', 'dpInsTyp': '', 'rjRsn': '', 'userID': '80218397', 'dpExpDt': "12 FEB'26", 'ltSz': '20', 'tkSz': '0.05', 'desc': '80 Sold @ &#8377 58.00', 'prc': '58.00', 'exONo': '1770349806319960244', 'exp': '12Feb2026', 'rcvDt': '06/02/2026', 'pdQty': '0', 'userCmnt': 'NA', 'rmk': 'NA', 'boSeqId': '', 'epochTim': '1770350248228577', 'ordTim': '06/02/2026 09:27:28', 'trgId': '', 'dpVal': 'SENSEX', 'ltp': '70.00', 'bsktOrdId': '', 'bsktEpch': '', 'sipNo': 'NA', 'chg': '-19.70', 'chgP': '-21.96', 'lqdRsn': ''}]}, 'msgID': 'b3d65684-3bf3-4138-9bc3-2926eaa529a0', 'srvTm': 1770390778902}
2026-02-06 20:42:57,356 [DEBUG] APIConnect.http: Request to url: https://nc.nuvamawealth.com/edelmw-comm/comm/orderbook/80218397?rTyp=COMFNO/
2026-02-06 20:42:57,434 [DEBUG] urllib3.connectionpool: https://nc.nuvamawealth.com:443 "GET /edelmw-comm/comm/orderbook/80218397?rTyp=COMFNO/ HTTP/1.1" 500 221
2026-02-06 20:42:57,436 [DEBUG] APIConnect.http: Error response: {"appID":"41da4012486b1acb3578c60f7f4e248a","config":{},"error":{"actCd":"50","errCd":"EGN0001","errMsg":"Something went wrong please try again later"},"msgID":"ab52f164-10eb-4c8b-b99b-62e3250b31c8","srvTm":1770390778974}
2026-02-06 20:42:57,436 [DEBUG] APIConnect.APIConnect: Response for comm: 
2026-02-06 20:43:57,167 [INFO] APIConnect.APIConnect: Logger initiated with default values.
2026-02-06 20:43:57,167 [INFO] constants.router: Router object is being created.
2026-02-06 20:43:57,168 [INFO] APIConnect.http: Http object is being created.
2026-02-06 20:43:57,168 [INFO] APIConnect.login_helper: LoginHelper object is being created.
2026-02-06 20:43:57,168 [INFO] APIConnect.APIConnect: User data file found, loading data.
2026-02-06 20:43:57,798 [INFO] feed.feed: Connection established with subscriber.
2026-02-06 20:43:59,182 [INFO] APIConnect.login_helper: Downloaded instruments.zip
2026-02-06 20:43:59,923 [INFO] APIConnect.login_helper: Downloaded mfInstruments.zip
2026-02-06 20:44:00,127 [INFO] APIConnect.login_helper: Extracted instruments.csv
2026-02-06 20:44:01,383 [INFO] APIConnect.login_helper: Loaded instruments.csv
2026-02-06 20:44:01,426 [INFO] APIConnect.login_helper: Extracted mfInstruments.csv
2026-02-06 20:44:01,539 [INFO] APIConnect.login_helper: Loaded mfInstruments.csv
2026-02-06 20:44:04,494 [INFO] APIConnect.APIConnect: Logger initiated with default values.
2026-02-06 20:44:04,494 [INFO] constants.router: Router object is being created.
2026-02-06 20:44:04,494 [INFO] APIConnect.http: Http object is being created.
2026-02-06 20:44:04,494 [INFO] APIConnect.login_helper: LoginHelper object is being created.
2026-02-06 20:44:04,495 [INFO] APIConnect.APIConnect: User data file found, loading data.
2026-02-06 20:44:04,570 [INFO] feed.feed: Connection established with subscriber.
2026-02-06 20:44:45,221 [INFO] APIConnect.login_helper: Downloaded instruments.zip
2026-02-06 20:44:45,391 [INFO] APIConnect.login_helper: Downloaded mfInstruments.zip
2026-02-06 20:44:45,578 [INFO] APIConnect.login_helper: Extracted instruments.csv
2026-02-06 20:44:46,770 [INFO] APIConnect.login_helper: Loaded instruments.csv
2026-02-06 20:44:46,804 [INFO] APIConnect.login_helper: Extracted mfInstruments.csv
2026-02-06 20:44:46,898 [INFO] APIConnect.login_helper: Loaded mfInstruments.csv
2026-02-06 20:44:46,990 [INFO] APIConnect.APIConnect: OrderBook method is called.
2026-02-06 20:44:46,990 [DEBUG] APIConnect.APIConnect: OrderBook method is called for 'COMEQ' account type
2026-02-06 20:44:46,990 [DEBUG] APIConnect.http: Request to url: https://nc.nuvamawealth.com/edelmw-eq/eq/order/book/80218397/v1/
2026-02-06 20:44:46,993 [DEBUG] urllib3.connectionpool: Starting new HTTPS connection (1): nc.nuvamawealth.com:443
2026-02-06 20:44:47,130 [DEBUG] urllib3.connectionpool: https://nc.nuvamawealth.com:443 "GET /edelmw-eq/eq/order/book/80218397/v1/ HTTP/1.1" 200 None
2026-02-06 20:44:47,131 [DEBUG] APIConnect.APIConnect: Response for eq: {'appID': '41da4012486b1acb3578c60f7f4e248a', 'config': {'app': 1, 'exp': 1770336027873, 'info': 4}, 'data': {'type': 'orderBookResponse', 'ord': [{'stkPrc': '81000', 'dur': 'EOS', 'vlDt': 'NA', 'rcvTim': '15:30:00', 'rcvEpTim': '06/02/2026 15:30:00', 'sym': '827958_BFO', 'cpName': '', 'exit': 'false', 'syomID': '', 'exc': 'BFO', 'ntQty': '100', 'dpName': 'SENSEX', 'cancel': 'false', 'sipID': 'N', 'nstReqID': '1', 'ordTyp': 'LIMIT', 'opTyp': 'PE', 'trsTyp': 'BUY', 'srs': 'XX', 'prdCode': 'NRML', 'prdDp': 'NRML', 'ogt': '--', 'flQty': '0', 'trdSym': 'SENSEX2621281000PE', 'edit': 'false', 'asTyp': 'OPTIDX', 'trgPrc': '0.00', 'avgPrc': '0.00', 'dsQty': '0', 'ordID': '260206000173501', 'sts': 'cancelled', 'dpInsTyp': '', 'rjRsn': 'Exchange Mass cancel', 'userID': '80218397', 'dpExpDt': "12 FEB'26", 'ltSz': '20', 'tkSz': '0.05', 'desc': 'Buy 100 Qty @ &#8377 40.00', 'prc': '40.00', 'exONo': '1770367671193642332', 'exp': '12Feb2026', 'rcvDt': '06/02/2026', 'pdQty': '0', 'userCmnt': 'NA', 'rmk': 'NA', 'boSeqId': '', 'epochTim': '1770372000011505', 'ordTim': '06/02/2026 15:30:00', 'trgId': '', 'dpVal': 'SENSEX', 'cta': '', 'ltp': '53.00', 'bsktOrdId': '', 'bsktEpch': '', 'sipNo': 'NA', 'chg': '0.95', 'chgP': '1.83', 'lqdRsn': ''}, {'stkPrc': '81000', 'dur': 'EOS', 'vlDt': 'NA', 'rcvTim': '09:37:57', 'rcvEpTim': '06/02/2026 09:37:57', 'sym': '827958_BFO', 'cpName': '', 'exit': 'false', 'syomID': '', 'exc': 'BFO', 'ntQty': '100', 'dpName': 'SENSEX', 'cancel': 'false', 'sipID': 'N', 'nstReqID': '2', 'ordTyp': 'LIMIT', 'opTyp': 'PE', 'trsTyp': 'SELL', 'srs': 'XX', 'prdCode': 'NRML', 'prdDp': 'NRML', 'ogt': '--', 'flQty': '100', 'trdSym': 'SENSEX2621281000PE', 'edit': 'false', 'asTyp': 'OPTIDX', 'trgPrc': '0.00', 'avgPrc': '58.00', 'dsQty': '0', 'ordID': '260206000026881', 'sts': 'complete', 'dpInsTyp': '', 'rjRsn': '', 'userID': '80218397', 'dpExpDt': "12 FEB'26", 'ltSz': '20', 'tkSz': '0.05', 'desc': '100 Sold @ &#8377 58.00', 'prc': '58.00', 'exONo': '1770349843473798188', 'exp': '12Feb2026', 'rcvDt': '06/02/2026', 'pdQty': '0', 'userCmnt': 'NA', 'rmk': 'NA', 'boSeqId': '', 'epochTim': '1770350877737864', 'ordTim': '06/02/2026 09:37:57', 'trgId': '', 'dpVal': 'SENSEX', 'ltp': '53.00', 'bsktOrdId': '', 'bsktEpch': '', 'sipNo': 'NA', 'chg': '0.95', 'chgP': '1.83', 'lqdRsn': ''}, {'stkPrc': '85100', 'dur': 'EOS', 'vlDt': 'NA', 'rcvTim': '09:27:28', 'rcvEpTim': '06/02/2026 09:27:28', 'sym': '827285_BFO', 'cpName': '', 'exit': 'false', 'syomID': '', 'exc': 'BFO', 'ntQty': '80', 'dpName': 'SENSEX', 'cancel': 'false', 'sipID': 'N', 'nstReqID': '1', 'ordTyp': 'LIMIT', 'opTyp': 'CE', 'trsTyp': 'SELL', 'srs': 'XX', 'prdCode': 'NRML', 'prdDp': 'NRML', 'ogt': '--', 'flQty': '80', 'trdSym': 'SENSEX2621285100CE', 'edit': 'false', 'asTyp': 'OPTIDX', 'trgPrc': '0.00', 'avgPrc': '58.00', 'dsQty': '0', 'ordID': '260206000026403', 'sts': 'complete', 'dpInsTyp': '', 'rjRsn': '', 'userID': '80218397', 'dpExpDt': "12 FEB'26", 'ltSz': '20', 'tkSz': '0.05', 'desc': '80 Sold @ &#8377 58.00', 'prc': '58.00', 'exONo': '1770349806319960244', 'exp': '12Feb2026', 'rcvDt': '06/02/2026', 'pdQty': '0', 'userCmnt': 'NA', 'rmk': 'NA', 'boSeqId': '', 'epochTim': '1770350248228577', 'ordTim': '06/02/2026 09:27:28', 'trgId': '', 'dpVal': 'SENSEX', 'ltp': '70.00', 'bsktOrdId': '', 'bsktEpch': '', 'sipNo': 'NA', 'chg': '-19.70', 'chgP': '-21.96', 'lqdRsn': ''}]}, 'msgID': '5bff0da7-9392-47c8-a723-72e3ae1f39d5', 'srvTm': 1770390888666}
2026-02-06 20:44:47,132 [DEBUG] APIConnect.http: Request to url: https://nc.nuvamawealth.com/edelmw-comm/comm/orderbook/80218397?rTyp=COMFNO/
2026-02-06 20:44:47,198 [DEBUG] urllib3.connectionpool: https://nc.nuvamawealth.com:443 "GET /edelmw-comm/comm/orderbook/80218397?rTyp=COMFNO/ HTTP/1.1" 500 221
2026-02-06 20:44:47,200 [DEBUG] APIConnect.http: Error response: {"appID":"41da4012486b1acb3578c60f7f4e248a","config":{},"error":{"actCd":"50","errCd":"EGN0001","errMsg":"Something went wrong please try again later"},"msgID":"7efd9332-5614-4cb0-be3f-74d6f86423ab","srvTm":1770390888734}
2026-02-06 20:44:47,200 [DEBUG] APIConnect.APIConnect: Response for comm: 
2026-02-06 20:48:57,697 [INFO] APIConnect.APIConnect: Logger initiated with default values.
2026-02-06 20:48:57,698 [INFO] constants.router: Router object is being created.
2026-02-06 20:48:57,698 [INFO] APIConnect.http: Http object is being created.
2026-02-06 20:48:57,698 [INFO] APIConnect.login_helper: LoginHelper object is being created.
2026-02-06 20:48:57,698 [INFO] APIConnect.APIConnect: User data file found, loading data.
2026-02-06 20:48:57,848 [INFO] feed.feed: Connection established with subscriber.
2026-02-06 20:48:59,123 [INFO] APIConnect.login_helper: Downloaded instruments.zip
2026-02-06 20:48:59,258 [INFO] APIConnect.login_helper: Downloaded mfInstruments.zip
2026-02-06 20:48:59,452 [INFO] APIConnect.login_helper: Extracted instruments.csv
2026-02-06 20:49:00,605 [INFO] APIConnect.login_helper: Loaded instruments.csv
2026-02-06 20:49:00,646 [INFO] APIConnect.login_helper: Extracted mfInstruments.csv
2026-02-06 20:49:00,721 [INFO] APIConnect.login_helper: Loaded mfInstruments.csv
2026-02-06 21:08:37,068 [INFO] APIConnect.APIConnect: Logger initiated with default values.
2026-02-06 21:08:37,068 [INFO] constants.router: Router object is being created.
2026-02-06 21:08:37,068 [INFO] APIConnect.http: Http object is being created.
2026-02-06 21:08:37,069 [INFO] APIConnect.login_helper: LoginHelper object is being created.
2026-02-06 21:08:37,069 [INFO] APIConnect.APIConnect: User data file found, loading data.
2026-02-06 21:08:37,209 [INFO] feed.feed: Connection established with subscriber.
2026-02-06 21:08:44,051 [INFO] APIConnect.login_helper: Downloaded instruments.zip
2026-02-06 21:08:44,811 [INFO] APIConnect.login_helper: Downloaded mfInstruments.zip
2026-02-06 21:08:45,124 [INFO] APIConnect.login_helper: Extracted instruments.csv
2026-02-06 21:08:47,107 [INFO] APIConnect.login_helper: Loaded instruments.csv
2026-02-06 21:08:47,146 [INFO] APIConnect.login_helper: Extracted mfInstruments.csv
2026-02-06 21:08:47,261 [INFO] APIConnect.login_helper: Loaded mfInstruments.csv
2026-02-06 21:08:47,395 [INFO] APIConnect.APIConnect: PlaceTrade method is called.
2026-02-06 21:08:47,397 [DEBUG] APIConnect.APIConnect: PlaceTrade method is called with data: {'trdSym': 'string', 'exc': 'NSE', 'action': 'BUY', 'dur': 'DAY', 'ordTyp': 'LIMIT', 'qty': '0', 'dscQty': '0', 'sym': 'string', 'mktPro': '', 'lmPrc': '0.0', 'trgPrc': '0', 'prdCode': 'CNC', 'posSqr': 'N', 'minQty': '0', 'ordSrc': 'API', 'vnCode': '', 'rmk': '', 'flQty': '0'}
2026-02-06 21:08:47,405 [DEBUG] urllib3.connectionpool: Starting new HTTPS connection (1): nc.nuvamawealth.com:443
2026-02-06 21:08:47,538 [DEBUG] urllib3.connectionpool: https://nc.nuvamawealth.com:443 "POST /edelmw-eq/eq/trade/placetrade/80218397/ HTTP/1.1" 500 241
2026-02-06 21:08:47,538 [DEBUG] APIConnect.http: Error response: {"appID":"41da4012486b1acb3578c60f7f4e248a","config":{},"error":{"actCd":"54","errCd":"EOMN0001","errMsg":"Error occurred : Trading Symbol Doesn't exist for the exchange"},"msgID":"a6cd09f8-82eb-4600-b234-384dfaff07cd","srvTm":1770392329008}
2026-02-06 21:08:47,538 [DEBUG] APIConnect.APIConnect: Response received: 
2026-02-06 21:14:26,200 [INFO] APIConnect.APIConnect: Logger initiated with default values.
2026-02-06 21:14:26,203 [INFO] constants.router: Router object is being created.
2026-02-06 21:14:26,204 [INFO] APIConnect.http: Http object is being created.
2026-02-06 21:14:26,207 [INFO] APIConnect.login_helper: LoginHelper object is being created.
2026-02-06 21:14:26,207 [INFO] APIConnect.APIConnect: User data file found, loading data.
2026-02-06 21:14:26,300 [INFO] feed.feed: Connection established with subscriber.
2026-02-06 21:14:28,768 [INFO] APIConnect.login_helper: Downloaded instruments.zip
2026-02-06 21:14:30,540 [INFO] APIConnect.login_helper: Downloaded mfInstruments.zip
2026-02-06 21:14:30,920 [INFO] APIConnect.login_helper: Extracted instruments.csv
2026-02-06 21:14:32,810 [INFO] APIConnect.login_helper: Loaded instruments.csv
2026-02-06 21:14:32,855 [INFO] APIConnect.login_helper: Extracted mfInstruments.csv
2026-02-06 21:14:32,965 [INFO] APIConnect.login_helper: Loaded mfInstruments.csv
2026-02-06 21:14:33,091 [INFO] APIConnect.APIConnect: PlaceTrade method is called.
2026-02-06 21:14:33,091 [DEBUG] APIConnect.APIConnect: PlaceTrade method is called with data: {'trdSym': 'string', 'exc': 'NSE', 'action': 'BUY', 'dur': 'DAY', 'ordTyp': 'LIMIT', 'qty': '1', 'dscQty': '0', 'sym': 'string', 'mktPro': '', 'lmPrc': '0.0', 'trgPrc': '0', 'prdCode': 'CNC', 'posSqr': 'N', 'minQty': '0', 'ordSrc': 'API', 'vnCode': '', 'rmk': '', 'flQty': '0'}
2026-02-06 21:14:33,093 [DEBUG] urllib3.connectionpool: Starting new HTTPS connection (1): nc.nuvamawealth.com:443
2026-02-06 21:14:34,308 [DEBUG] urllib3.connectionpool: https://nc.nuvamawealth.com:443 "POST /edelmw-eq/eq/trade/placetrade/80218397/ HTTP/1.1" 500 241
2026-02-06 21:14:34,309 [DEBUG] APIConnect.http: Error response: {"appID":"41da4012486b1acb3578c60f7f4e248a","config":{},"error":{"actCd":"54","errCd":"EOMN0001","errMsg":"Error occurred : Trading Symbol Doesn't exist for the exchange"},"msgID":"0ea407ca-3511-49e3-a08b-206f8b6f982d","srvTm":1770392675773}
2026-02-06 21:14:34,309 [DEBUG] APIConnect.APIConnect: Response received: 
2026-02-06 23:04:03,652 [INFO] APIConnect.APIConnect: Logger initiated with default values.
2026-02-06 23:04:03,655 [INFO] constants.router: Router object is being created.
2026-02-06 23:04:03,655 [INFO] APIConnect.http: Http object is being created.
2026-02-06 23:04:03,655 [INFO] APIConnect.login_helper: LoginHelper object is being created.
2026-02-06 23:04:03,657 [INFO] APIConnect.APIConnect: User data file found, loading data.
2026-02-06 23:04:03,971 [INFO] feed.feed: Connection established with subscriber.
2026-02-06 23:04:05,105 [INFO] APIConnect.login_helper: Downloaded instruments.zip
2026-02-06 23:04:05,240 [INFO] APIConnect.login_helper: Downloaded mfInstruments.zip
2026-02-06 23:04:05,595 [INFO] APIConnect.login_helper: Extracted instruments.csv
2026-02-06 23:04:08,943 [INFO] APIConnect.login_helper: Loaded instruments.csv
2026-02-06 23:04:09,019 [INFO] APIConnect.login_helper: Extracted mfInstruments.csv
2026-02-06 23:04:09,182 [INFO] APIConnect.login_helper: Loaded mfInstruments.csv
2026-02-06 23:04:09,349 [INFO] APIConnect.APIConnect: PlaceTrade method is called.
2026-02-06 23:04:09,349 [DEBUG] APIConnect.APIConnect: PlaceTrade method is called with data: {'trdSym': 'string', 'exc': 'MCX', 'action': 'BUY', 'dur': 'DAY', 'ordTyp': 'LIMIT', 'qty': '1', 'dscQty': '0', 'sym': 'string', 'mktPro': '', 'lmPrc': '210.0', 'trgPrc': '0', 'prdCode': 'CNC', 'posSqr': 'N', 'minQty': '0', 'ordSrc': 'API', 'vnCode': '', 'rmk': '', 'flQty': '0'}
2026-02-06 23:04:09,351 [DEBUG] urllib3.connectionpool: Starting new HTTPS connection (1): nc.nuvamawealth.com:443
2026-02-06 23:04:09,677 [DEBUG] urllib3.connectionpool: https://nc.nuvamawealth.com:443 "POST /edelmw-comm/comm/trade/placetrade/80218397/ HTTP/1.1" 500 221
2026-02-06 23:04:09,677 [DEBUG] APIConnect.http: Error response: {"appID":"41da4012486b1acb3578c60f7f4e248a","config":{},"error":{"actCd":"50","errCd":"EGN0001","errMsg":"Something went wrong please try again later"},"msgID":"d78f5421-e1a9-422e-a695-e258d28d9538","srvTm":1770399250837}
2026-02-06 23:04:09,678 [DEBUG] APIConnect.APIConnect: Response received for MCX/NCDEX: 
2026-02-06 23:05:58,121 [INFO] APIConnect.APIConnect: Logger initiated with default values.
2026-02-06 23:05:58,121 [INFO] constants.router: Router object is being created.
2026-02-06 23:05:58,122 [INFO] APIConnect.http: Http object is being created.
2026-02-06 23:05:58,125 [INFO] APIConnect.login_helper: LoginHelper object is being created.
2026-02-06 23:05:58,125 [INFO] APIConnect.APIConnect: User data file found, loading data.
2026-02-06 23:05:58,221 [INFO] feed.feed: Connection established with subscriber.
2026-02-06 23:05:59,395 [INFO] APIConnect.login_helper: Downloaded instruments.zip
2026-02-06 23:05:59,824 [INFO] APIConnect.login_helper: Downloaded mfInstruments.zip
2026-02-06 23:06:00,128 [INFO] APIConnect.login_helper: Extracted instruments.csv
2026-02-06 23:06:02,759 [INFO] APIConnect.login_helper: Loaded instruments.csv
2026-02-06 23:06:02,815 [INFO] APIConnect.login_helper: Extracted mfInstruments.csv
2026-02-06 23:06:03,010 [INFO] APIConnect.login_helper: Loaded mfInstruments.csv
2026-02-06 23:06:03,197 [INFO] APIConnect.APIConnect: PlaceTrade method is called.
2026-02-06 23:06:03,197 [DEBUG] APIConnect.APIConnect: PlaceTrade method is called with data: {'trdSym': 'SILVERM', 'exc': 'MCX', 'action': 'BUY', 'dur': 'DAY', 'ordTyp': 'LIMIT', 'qty': '1', 'dscQty': '0', 'sym': 'MCX', 'mktPro': '', 'lmPrc': '71.0', 'trgPrc': '0', 'prdCode': 'CNC', 'posSqr': 'N', 'minQty': '0', 'ordSrc': 'API', 'vnCode': '', 'rmk': '', 'flQty': '0'}
2026-02-06 23:06:03,199 [DEBUG] urllib3.connectionpool: Starting new HTTPS connection (1): nc.nuvamawealth.com:443
2026-02-06 23:06:03,723 [DEBUG] urllib3.connectionpool: https://nc.nuvamawealth.com:443 "POST /edelmw-comm/comm/trade/placetrade/80218397/ HTTP/1.1" 500 221
2026-02-06 23:06:03,723 [DEBUG] APIConnect.http: Error response: {"appID":"41da4012486b1acb3578c60f7f4e248a","config":{},"error":{"actCd":"50","errCd":"EGN0001","errMsg":"Something went wrong please try again later"},"msgID":"202f2957-7a9d-4eac-95cf-b66ef9948b9b","srvTm":1770399364875}
2026-02-06 23:06:03,723 [DEBUG] APIConnect.APIConnect: Response received for MCX/NCDEX: 
2026-02-06 23:07:24,507 [INFO] APIConnect.APIConnect: Logger initiated with default values.
2026-02-06 23:07:24,507 [INFO] constants.router: Router object is being created.
2026-02-06 23:07:24,507 [INFO] APIConnect.http: Http object is being created.
2026-02-06 23:07:24,508 [INFO] APIConnect.login_helper: LoginHelper object is being created.
2026-02-06 23:07:24,508 [INFO] APIConnect.APIConnect: User data file found, loading data.
2026-02-06 23:07:24,615 [INFO] feed.feed: Connection established with subscriber.
2026-02-06 23:07:25,686 [INFO] APIConnect.login_helper: Downloaded instruments.zip
2026-02-06 23:07:25,973 [INFO] APIConnect.login_helper: Downloaded mfInstruments.zip
2026-02-06 23:07:26,281 [INFO] APIConnect.login_helper: Extracted instruments.csv
2026-02-06 23:07:29,108 [INFO] APIConnect.login_helper: Loaded instruments.csv
2026-02-06 23:07:29,173 [INFO] APIConnect.login_helper: Extracted mfInstruments.csv
2026-02-06 23:07:29,337 [INFO] APIConnect.login_helper: Loaded mfInstruments.csv
2026-02-06 23:07:29,507 [INFO] APIConnect.APIConnect: PlaceTrade method is called.
2026-02-06 23:07:29,508 [DEBUG] APIConnect.APIConnect: PlaceTrade method is called with data: {'trdSym': 'MCX:SILVERM', 'exc': 'MCX', 'action': 'BUY', 'dur': 'DAY', 'ordTyp': 'LIMIT', 'qty': '1', 'dscQty': '0', 'sym': 'MCX', 'mktPro': '', 'lmPrc': '71.0', 'trgPrc': '0', 'prdCode': 'CNC', 'posSqr': 'N', 'minQty': '0', 'ordSrc': 'API', 'vnCode': '', 'rmk': '', 'flQty': '0'}
2026-02-06 23:07:29,510 [DEBUG] urllib3.connectionpool: Starting new HTTPS connection (1): nc.nuvamawealth.com:443
2026-02-06 23:07:29,657 [DEBUG] urllib3.connectionpool: https://nc.nuvamawealth.com:443 "POST /edelmw-comm/comm/trade/placetrade/80218397/ HTTP/1.1" 500 221
2026-02-06 23:07:29,658 [DEBUG] APIConnect.http: Error response: {"appID":"41da4012486b1acb3578c60f7f4e248a","config":{},"error":{"actCd":"50","errCd":"EGN0001","errMsg":"Something went wrong please try again later"},"msgID":"881f5ff9-71af-48b9-af46-abb392925940","srvTm":1770399450806}
2026-02-06 23:07:29,658 [DEBUG] APIConnect.APIConnect: Response received for MCX/NCDEX: 
2026-02-06 23:07:56,731 [INFO] APIConnect.APIConnect: Logger initiated with default values.
2026-02-06 23:07:56,731 [INFO] constants.router: Router object is being created.
2026-02-06 23:07:56,731 [INFO] APIConnect.http: Http object is being created.
2026-02-06 23:07:56,731 [INFO] APIConnect.login_helper: LoginHelper object is being created.
2026-02-06 23:07:56,731 [INFO] APIConnect.APIConnect: User data file found, loading data.
2026-02-06 23:07:56,816 [INFO] feed.feed: Connection established with subscriber.
2026-02-06 23:07:57,962 [INFO] APIConnect.login_helper: Downloaded instruments.zip
2026-02-06 23:07:58,157 [INFO] APIConnect.login_helper: Downloaded mfInstruments.zip
2026-02-06 23:07:58,457 [INFO] APIConnect.login_helper: Extracted instruments.csv
2026-02-06 23:08:01,307 [INFO] APIConnect.login_helper: Loaded instruments.csv
2026-02-06 23:08:01,367 [INFO] APIConnect.login_helper: Extracted mfInstruments.csv
2026-02-06 23:08:01,526 [INFO] APIConnect.login_helper: Loaded mfInstruments.csv
2026-02-06 23:08:01,682 [INFO] APIConnect.APIConnect: PlaceTrade method is called.
2026-02-06 23:08:01,682 [DEBUG] APIConnect.APIConnect: PlaceTrade method is called with data: {'trdSym': 'SILVERM', 'exc': 'MCX', 'action': 'BUY', 'dur': 'DAY', 'ordTyp': 'MARKET', 'qty': '1', 'dscQty': '0', 'sym': 'MCX:SILVERM', 'mktPro': '', 'lmPrc': '710.0', 'trgPrc': '0', 'prdCode': 'MIS', 'posSqr': 'N', 'minQty': '0', 'ordSrc': 'API', 'vnCode': '', 'rmk': '', 'flQty': '0'}
2026-02-06 23:08:01,684 [DEBUG] urllib3.connectionpool: Starting new HTTPS connection (1): nc.nuvamawealth.com:443
2026-02-06 23:08:28,858 [DEBUG] urllib3.connectionpool: https://nc.nuvamawealth.com:443 "POST /edelmw-comm/comm/trade/placetrade/80218397/ HTTP/1.1" 504 92
2026-02-06 23:08:28,860 [DEBUG] APIConnect.http: Error response: <html><body><h1>504 Gateway Time-out</h1>
The server didn't respond in time.
</body></html>

2026-02-06 23:08:28,860 [DEBUG] APIConnect.APIConnect: Response received for MCX/NCDEX: 
2026-02-06 23:09:24,926 [INFO] APIConnect.APIConnect: Logger initiated with default values.
2026-02-06 23:09:24,927 [INFO] constants.router: Router object is being created.
2026-02-06 23:09:24,928 [INFO] APIConnect.http: Http object is being created.
2026-02-06 23:09:24,928 [INFO] APIConnect.login_helper: LoginHelper object is being created.
2026-02-06 23:09:24,929 [INFO] APIConnect.APIConnect: User data file found, loading data.
2026-02-06 23:09:25,049 [INFO] feed.feed: Connection established with subscriber.
2026-02-06 23:09:26,269 [INFO] APIConnect.APIConnect: Logger initiated with default values.
2026-02-06 23:09:26,269 [INFO] constants.router: Router object is being created.
2026-02-06 23:09:26,269 [INFO] APIConnect.http: Http object is being created.
2026-02-06 23:09:26,269 [INFO] APIConnect.login_helper: LoginHelper object is being created.
2026-02-06 23:09:26,269 [INFO] APIConnect.APIConnect: User data file found, loading data.
2026-02-06 23:09:26,444 [INFO] feed.feed: Connection established with subscriber.
2026-02-06 23:09:27,681 [INFO] APIConnect.login_helper: Downloaded instruments.zip
2026-02-06 23:09:28,366 [INFO] APIConnect.login_helper: Downloaded mfInstruments.zip
2026-02-06 23:09:28,861 [INFO] APIConnect.login_helper: Extracted instruments.csv
2026-02-06 23:09:29,600 [INFO] APIConnect.login_helper: Downloaded instruments.zip
2026-02-06 23:09:29,743 [INFO] APIConnect.login_helper: Downloaded mfInstruments.zip
2026-02-06 23:09:29,792 [INFO] APIConnect.login_helper: Loaded instruments.csv
2026-02-06 23:09:29,854 [INFO] APIConnect.login_helper: Extracted mfInstruments.csv
2026-02-06 23:09:30,117 [INFO] APIConnect.login_helper: Loaded mfInstruments.csv
2026-02-06 23:09:30,185 [INFO] APIConnect.APIConnect: PlaceTrade method is called.
2026-02-06 23:09:30,186 [DEBUG] APIConnect.APIConnect: PlaceTrade method is called with data: {'trdSym': 'SILVERM', 'exc': 'MCX', 'action': 'BUY', 'dur': 'DAY', 'ordTyp': 'MARKET', 'qty': '1', 'dscQty': '0', 'sym': 'MCX:SILVERM', 'mktPro': '', 'lmPrc': '710.0', 'trgPrc': '0', 'prdCode': 'MIS', 'posSqr': 'N', 'minQty': '0', 'ordSrc': 'API', 'vnCode': '', 'rmk': '', 'flQty': '0'}
2026-02-06 23:09:30,201 [DEBUG] urllib3.connectionpool: Starting new HTTPS connection (1): nc.nuvamawealth.com:443
2026-02-06 23:09:30,336 [INFO] APIConnect.login_helper: Extracted instruments.csv
2026-02-06 23:09:33,574 [INFO] APIConnect.login_helper: Loaded instruments.csv
2026-02-06 23:09:33,593 [INFO] APIConnect.login_helper: Extracted mfInstruments.csv
2026-02-06 23:09:33,781 [INFO] APIConnect.login_helper: Loaded mfInstruments.csv
2026-02-06 23:09:57,341 [DEBUG] urllib3.connectionpool: https://nc.nuvamawealth.com:443 "POST /edelmw-comm/comm/trade/placetrade/80218397/ HTTP/1.1" 504 92
2026-02-06 23:09:57,342 [DEBUG] APIConnect.http: Error response: <html><body><h1>504 Gateway Time-out</h1>
The server didn't respond in time.
</body></html>

2026-02-06 23:09:57,342 [DEBUG] APIConnect.APIConnect: Response received for MCX/NCDEX: 
2026-02-06 23:12:06,365 [INFO] APIConnect.APIConnect: Logger initiated with default values.
2026-02-06 23:12:06,366 [INFO] constants.router: Router object is being created.
2026-02-06 23:12:06,366 [INFO] APIConnect.http: Http object is being created.
2026-02-06 23:12:06,367 [INFO] APIConnect.login_helper: LoginHelper object is being created.
2026-02-06 23:12:06,367 [INFO] APIConnect.APIConnect: User data file found, loading data.
2026-02-06 23:12:06,498 [INFO] feed.feed: Connection established with subscriber.
2026-02-06 23:12:07,931 [INFO] APIConnect.login_helper: Downloaded instruments.zip
2026-02-06 23:12:08,113 [INFO] APIConnect.login_helper: Downloaded mfInstruments.zip
2026-02-06 23:12:08,456 [INFO] APIConnect.login_helper: Extracted instruments.csv
2026-02-06 23:12:11,911 [INFO] APIConnect.APIConnect: Logger initiated with default values.
2026-02-06 23:12:11,915 [INFO] constants.router: Router object is being created.
2026-02-06 23:12:11,918 [INFO] APIConnect.http: Http object is being created.
2026-02-06 23:12:11,918 [INFO] APIConnect.login_helper: LoginHelper object is being created.
2026-02-06 23:12:11,919 [INFO] APIConnect.APIConnect: User data file found, loading data.
2026-02-06 23:12:11,972 [INFO] feed.feed: Connection established with subscriber.
2026-02-06 23:12:12,151 [INFO] APIConnect.login_helper: Loaded instruments.csv
2026-02-06 23:12:12,225 [INFO] APIConnect.login_helper: Extracted mfInstruments.csv
2026-02-06 23:12:12,477 [INFO] APIConnect.login_helper: Loaded mfInstruments.csv
2026-02-06 23:12:13,262 [INFO] APIConnect.login_helper: Downloaded instruments.zip
2026-02-06 23:12:13,613 [INFO] APIConnect.login_helper: Downloaded mfInstruments.zip
2026-02-06 23:12:13,955 [INFO] APIConnect.login_helper: Extracted instruments.csv
2026-02-06 23:12:17,375 [INFO] APIConnect.login_helper: Loaded instruments.csv
2026-02-06 23:12:17,436 [INFO] APIConnect.login_helper: Extracted mfInstruments.csv
2026-02-06 23:12:17,658 [INFO] APIConnect.login_helper: Loaded mfInstruments.csv
2026-02-06 23:12:17,838 [INFO] APIConnect.APIConnect: PlaceTrade method is called.
2026-02-06 23:12:17,838 [DEBUG] APIConnect.APIConnect: PlaceTrade method is called with data: {'trdSym': 'SILVERM', 'exc': 'MCX', 'action': 'BUY', 'dur': 'DAY', 'ordTyp': 'MARKET', 'qty': '1', 'dscQty': '0', 'sym': 'MCX:SILVERM', 'mktPro': '', 'lmPrc': '710.0', 'trgPrc': '0', 'prdCode': 'MIS', 'posSqr': 'N', 'minQty': '0', 'ordSrc': 'API', 'vnCode': '', 'rmk': '', 'flQty': '0'}
2026-02-06 23:12:17,844 [DEBUG] urllib3.connectionpool: Starting new HTTPS connection (1): nc.nuvamawealth.com:443
2026-02-06 23:12:18,178 [DEBUG] urllib3.connectionpool: https://nc.nuvamawealth.com:443 "POST /edelmw-comm/comm/trade/placetrade/80218397/ HTTP/1.1" 500 221
2026-02-06 23:12:18,180 [DEBUG] APIConnect.http: Error response: {"appID":"41da4012486b1acb3578c60f7f4e248a","config":{},"error":{"actCd":"50","errCd":"EGN0001","errMsg":"Something went wrong please try again later"},"msgID":"a6e78474-79d6-41d7-918d-036b4fe80bba","srvTm":1770399739316}
2026-02-06 23:12:18,180 [DEBUG] APIConnect.APIConnect: Response received for MCX/NCDEX: 
2026-02-10 16:47:16,686 [INFO] APIConnect.APIConnect: Logger initiated with default values.
2026-02-10 16:47:16,688 [INFO] constants.router: Router object is being created.
2026-02-10 16:47:16,688 [INFO] APIConnect.http: Http object is being created.
2026-02-10 16:47:16,689 [INFO] APIConnect.login_helper: LoginHelper object is being created.
2026-02-10 16:47:16,689 [INFO] APIConnect.APIConnect: User data file found, loading data.
2026-02-10 16:47:16,889 [INFO] feed.feed: Connection established with subscriber.
2026-02-10 16:47:17,779 [INFO] APIConnect.login_helper: Downloaded instruments.zip
2026-02-10 16:47:17,983 [INFO] APIConnect.login_helper: Downloaded mfInstruments.zip
2026-02-10 16:47:18,174 [INFO] APIConnect.login_helper: Extracted instruments.csv
2026-02-10 16:47:20,246 [INFO] APIConnect.login_helper: Loaded instruments.csv
2026-02-10 16:47:20,262 [INFO] APIConnect.login_helper: Extracted mfInstruments.csv
2026-02-10 16:47:20,401 [INFO] APIConnect.login_helper: Loaded mfInstruments.csv
2026-02-10 16:55:39,052 [INFO] APIConnect.APIConnect: Logger initiated with default values.
2026-02-10 16:55:39,053 [INFO] constants.router: Router object is being created.
2026-02-10 16:55:39,053 [INFO] APIConnect.http: Http object is being created.
2026-02-10 16:55:39,053 [INFO] APIConnect.login_helper: LoginHelper object is being created.
2026-02-10 16:55:39,053 [INFO] APIConnect.APIConnect: User data file found, loading data.
2026-02-10 16:55:39,306 [INFO] feed.feed: Connection established with subscriber.
2026-02-10 16:55:41,343 [INFO] APIConnect.login_helper: Downloaded instruments.zip
2026-02-10 16:55:42,449 [INFO] APIConnect.login_helper: Downloaded mfInstruments.zip
2026-02-10 16:55:42,791 [INFO] APIConnect.login_helper: Extracted instruments.csv
2026-02-10 16:55:44,649 [INFO] APIConnect.login_helper: Loaded instruments.csv
2026-02-10 16:55:44,690 [INFO] APIConnect.login_helper: Extracted mfInstruments.csv
2026-02-10 16:55:44,810 [INFO] APIConnect.login_helper: Loaded mfInstruments.csv
2026-02-10 16:55:44,923 [INFO] APIConnect.APIConnect: OrderBook method is called.
2026-02-10 16:55:44,923 [DEBUG] APIConnect.APIConnect: OrderBook method is called for 'COMEQ' account type
2026-02-10 16:55:44,924 [DEBUG] APIConnect.http: Request to url: https://nc.nuvamawealth.com/edelmw-eq/eq/order/book/80218397/v1/
2026-02-10 16:55:44,929 [DEBUG] urllib3.connectionpool: Starting new HTTPS connection (1): nc.nuvamawealth.com:443
2026-02-10 16:55:45,460 [DEBUG] urllib3.connectionpool: https://nc.nuvamawealth.com:443 "GET /edelmw-eq/eq/order/book/80218397/v1/ HTTP/1.1" 401 174
2026-02-10 16:56:15,122 [INFO] APIConnect.APIConnect: Logger initiated with default values.
2026-02-10 16:56:15,123 [INFO] constants.router: Router object is being created.
2026-02-10 16:56:15,123 [INFO] APIConnect.http: Http object is being created.
2026-02-10 16:56:15,123 [INFO] APIConnect.login_helper: LoginHelper object is being created.
2026-02-10 16:56:15,124 [DEBUG] urllib3.connectionpool: Starting new HTTPS connection (1): nc.nuvamawealth.com:443
2026-02-10 16:56:15,850 [DEBUG] urllib3.connectionpool: https://nc.nuvamawealth.com:443 "POST /edelmw-login/login/accounts/loginvendor/CqaYbN86EaiTyA/ HTTP/1.1" 200 None
2026-02-10 16:56:15,851 [INFO] APIConnect.login_helper: User logged in successfully.
2026-02-10 16:56:15,851 [INFO] APIConnect.login_helper: Vendor session generated.
2026-02-10 16:56:16,296 [DEBUG] urllib3.connectionpool: https://nc.nuvamawealth.com:443 "POST /edelmw-login/login/accounts/logindata/ HTTP/1.1" 200 None
2026-02-10 16:56:16,298 [DEBUG] APIConnect.login_helper: Login details are pickled in file.
2026-02-10 16:56:16,299 [INFO] APIConnect.login_helper: Authorization done succesfully.
2026-02-10 16:56:16,345 [INFO] feed.feed: Connection established with subscriber.
2026-02-10 16:56:18,333 [INFO] APIConnect.login_helper: Downloaded instruments.zip
2026-02-10 16:56:19,348 [INFO] APIConnect.login_helper: Downloaded mfInstruments.zip
2026-02-10 16:56:19,675 [INFO] APIConnect.login_helper: Extracted instruments.csv
2026-02-10 16:56:21,295 [INFO] APIConnect.login_helper: Loaded instruments.csv
2026-02-10 16:56:21,340 [INFO] APIConnect.login_helper: Extracted mfInstruments.csv
2026-02-10 16:56:21,445 [INFO] APIConnect.login_helper: Loaded mfInstruments.csv
2026-02-10 16:56:21,551 [INFO] APIConnect.APIConnect: OrderBook method is called.
2026-02-10 16:56:21,552 [DEBUG] APIConnect.APIConnect: OrderBook method is called for 'COMEQ' account type
2026-02-10 16:56:21,552 [DEBUG] APIConnect.http: Request to url: https://nc.nuvamawealth.com/edelmw-eq/eq/order/book/80218397/v1/
2026-02-10 16:56:21,815 [DEBUG] urllib3.connectionpool: https://nc.nuvamawealth.com:443 "GET /edelmw-eq/eq/order/book/80218397/v1/ HTTP/1.1" 200 None
2026-02-10 16:56:21,816 [DEBUG] APIConnect.APIConnect: Response for eq: {'appID': '41da4012486b1acb3578c60f7f4e248a', 'config': {'app': 1, 'exp': 1770681626404, 'info': 4}, 'data': {'type': 'orderBookResponse', 'ord': [{'stkPrc': '85100', 'dur': 'EOS', 'vlDt': 'NA', 'rcvTim': '15:25:31', 'rcvEpTim': '10/02/2026 15:25:31', 'sym': '827285_BFO', 'cpName': '', 'exit': 'false', 'syomID': '', 'exc': 'BFO', 'ntQty': '80', 'dpName': 'SENSEX', 'cancel': 'false', 'sipID': 'N', 'nstReqID': '1', 'ordTyp': 'LIMIT', 'opTyp': 'CE', 'trsTyp': 'BUY', 'srs': 'XX', 'prdCode': 'NRML', 'prdDp': 'NRML', 'ogt': '--', 'flQty': '80', 'trdSym': 'SENSEX2621285100CE', 'edit': 'false', 'asTyp': 'OPTIDX', 'trgPrc': '0.00', 'avgPrc': '40.00', 'dsQty': '0', 'ordID': '260210000176957', 'sts': 'complete', 'dpInsTyp': '', 'rjRsn': '', 'userID': '80218397', 'dpExpDt': "12 FEB'26", 'ltSz': '20', 'tkSz': '0.05', 'desc': '80 Bought @ &#8377 40.00', 'prc': '40.00', 'exONo': '1770710776038001013', 'exp': '12Feb2026', 'rcvDt': '10/02/2026', 'pdQty': '0', 'userCmnt': 'NA', 'rmk': 'NA', 'boSeqId': '', 'epochTim': '1770717331603384', 'ordTim': '10/02/2026 15:25:31', 'trgId': '', 'dpVal': 'SENSEX', 'ltp': '38.25', 'bsktOrdId': '', 'bsktEpch': '', 'sipNo': 'NA', 'chg': '-35.45', 'chgP': '-48.10', 'lqdRsn': ''}, {'stkPrc': '82000', 'dur': 'EOS', 'vlDt': 'NA', 'rcvTim': '12:28:59', 'rcvEpTim': '10/02/2026 12:28:59', 'sym': '837399_BFO', 'cpName': '', 'exit': 'false', 'syomID': '', 'exc': 'BFO', 'ntQty': '100', 'dpName': 'SENSEX', 'cancel': 'false', 'sipID': 'N', 'nstReqID': '2', 'ordTyp': 'LIMIT', 'opTyp': 'PE', 'trsTyp': 'SELL', 'srs': 'XX', 'prdCode': 'NRML', 'prdDp': 'NRML', 'ogt': '--', 'flQty': '100', 'trdSym': 'SENSEX2621982000PE', 'edit': 'false', 'asTyp': 'OPTIDX', 'trgPrc': '0.00', 'avgPrc': '70.00', 'dsQty': '0', 'ordID': '260210000141615', 'sts': 'complete', 'dpInsTyp': '', 'rjRsn': '', 'userID': '80218397', 'dpExpDt': "19 FEB'26", 'ltSz': '20', 'tkSz': '0.05', 'desc': '100 Sold @ &#8377 70.00', 'prc': '70.00', 'exONo': '1770704187275999081', 'exp': '19Feb2026', 'rcvDt': '10/02/2026', 'pdQty': '0', 'userCmnt': 'NA', 'rmk': 'NA', 'boSeqId': '', 'epochTim': '1770706739001585', 'ordTim': '10/02/2026 12:28:59', 'trgId': '', 'dpVal': 'SENSEX', 'ltp': '65.00', 'bsktOrdId': '', 'bsktEpch': '', 'sipNo': 'NA', 'chg': '-43.30', 'chgP': '-39.98', 'lqdRsn': ''}, {'stkPrc': '82300', 'dur': 'EOS', 'vlDt': 'NA', 'rcvTim': '10:19:18', 'rcvEpTim': '10/02/2026 10:19:18', 'sym': '831432_BFO', 'cpName': '', 'exit': 'false', 'syomID': '', 'exc': 'BFO', 'ntQty': '100', 'dpName': 'SENSEX', 'cancel': 'false', 'sipID': 'N', 'nstReqID': '1', 'ordTyp': 'LIMIT', 'opTyp': 'PE', 'trsTyp': 'BUY', 'srs': 'XX', 'prdCode': 'NRML', 'prdDp': 'NRML', 'ogt': '--', 'flQty': '100', 'trdSym': 'SENSEX2621282300PE', 'edit': 'false', 'asTyp': 'OPTIDX', 'trgPrc': '0.00', 'avgPrc': '30.00', 'dsQty': '0', 'ordID': '260210000084810', 'sts': 'complete', 'dpInsTyp': '', 'rjRsn': '', 'userID': '80218397', 'dpExpDt': "12 FEB'26", 'ltSz': '20', 'tkSz': '0.05', 'desc': '100 Bought @ &#8377 30.00', 'prc': '30.00', 'exONo': '1770698203774604332', 'exp': '12Feb2026', 'rcvDt': '10/02/2026', 'pdQty': '0', 'userCmnt': 'NA', 'rmk': 'NA', 'boSeqId': '', 'epochTim': '1770698958472301', 'ordTim': '10/02/2026 10:19:18', 'trgId': '', 'dpVal': 'SENSEX', 'ltp': '19.95', 'bsktOrdId': '', 'bsktEpch': '', 'sipNo': 'NA', 'chg': '-34.50', 'chgP': '-63.36', 'lqdRsn': ''}]}, 'msgID': 'ea38e8a9-e9b1-4e3d-b89e-2b9f981d3d33', 'srvTm': 1770722779768}
2026-02-10 16:56:21,816 [DEBUG] APIConnect.http: Request to url: https://nc.nuvamawealth.com/edelmw-comm/comm/orderbook/80218397?rTyp=COMFNO/
2026-02-10 16:56:49,360 [DEBUG] urllib3.connectionpool: https://nc.nuvamawealth.com:443 "GET /edelmw-comm/comm/orderbook/80218397?rTyp=COMFNO/ HTTP/1.1" 504 92
2026-02-10 16:56:49,361 [DEBUG] APIConnect.http: Error response: <html><body><h1>504 Gateway Time-out</h1>
The server didn't respond in time.
</body></html>

2026-02-10 16:56:49,361 [DEBUG] APIConnect.APIConnect: Response for comm: 
2026-02-10 17:01:56,311 [INFO] APIConnect.APIConnect: Logger initiated with default values.
2026-02-10 17:01:56,311 [INFO] constants.router: Router object is being created.
2026-02-10 17:01:56,311 [INFO] APIConnect.http: Http object is being created.
2026-02-10 17:01:56,311 [INFO] APIConnect.login_helper: LoginHelper object is being created.
2026-02-10 17:01:56,311 [INFO] APIConnect.APIConnect: User data file found, loading data.
2026-02-10 17:01:56,632 [INFO] feed.feed: Connection established with subscriber.
2026-02-10 17:01:58,589 [INFO] APIConnect.login_helper: Downloaded instruments.zip
2026-02-10 17:01:58,813 [INFO] APIConnect.login_helper: Downloaded mfInstruments.zip
2026-02-10 17:01:59,020 [INFO] APIConnect.login_helper: Extracted instruments.csv
2026-02-10 17:02:00,698 [INFO] APIConnect.login_helper: Loaded instruments.csv
2026-02-10 17:02:00,740 [INFO] APIConnect.login_helper: Extracted mfInstruments.csv
2026-02-10 17:02:00,859 [INFO] APIConnect.login_helper: Loaded mfInstruments.csv
2026-02-10 17:02:00,972 [INFO] APIConnect.APIConnect: PlaceTrade method is called.
2026-02-10 17:02:00,972 [DEBUG] APIConnect.APIConnect: PlaceTrade method is called with data: {'trdSym': 'SILVERM24FEB', 'exc': 'MCX', 'action': 'BUY', 'dur': 'DAY', 'ordTyp': 'LIMIT', 'qty': '0', 'dscQty': '0', 'sym': 'string', 'mktPro': '', 'lmPrc': '170.0', 'trgPrc': '0', 'prdCode': 'CNC', 'posSqr': 'N', 'minQty': '0', 'ordSrc': 'API', 'vnCode': '', 'rmk': '', 'flQty': '0'}
2026-02-10 17:02:00,974 [DEBUG] urllib3.connectionpool: Starting new HTTPS connection (1): nc.nuvamawealth.com:443
2026-02-10 17:02:01,487 [DEBUG] urllib3.connectionpool: https://nc.nuvamawealth.com:443 "POST /edelmw-comm/comm/trade/placetrade/80218397/ HTTP/1.1" 500 221
2026-02-10 17:02:01,488 [DEBUG] APIConnect.http: Error response: {"appID":"41da4012486b1acb3578c60f7f4e248a","config":{},"error":{"actCd":"50","errCd":"EGN0001","errMsg":"Something went wrong please try again later"},"msgID":"b2432349-7a0d-4e39-b84c-2298f5fad83d","srvTm":1770723119527}
2026-02-10 17:02:01,488 [DEBUG] APIConnect.APIConnect: Response received for MCX/NCDEX: 
2026-02-10 17:02:03,367 [INFO] APIConnect.APIConnect: Logger initiated with default values.
2026-02-10 17:02:03,367 [INFO] constants.router: Router object is being created.
2026-02-10 17:02:03,367 [INFO] APIConnect.http: Http object is being created.
2026-02-10 17:02:03,367 [INFO] APIConnect.login_helper: LoginHelper object is being created.
2026-02-10 17:02:03,367 [INFO] APIConnect.APIConnect: User data file found, loading data.
2026-02-10 17:02:03,414 [INFO] feed.feed: Connection established with subscriber.
2026-02-10 17:02:05,297 [INFO] APIConnect.login_helper: Downloaded instruments.zip
2026-02-10 17:02:05,454 [INFO] APIConnect.login_helper: Downloaded mfInstruments.zip
2026-02-10 17:02:05,649 [INFO] APIConnect.login_helper: Extracted instruments.csv
2026-02-10 17:02:07,378 [INFO] APIConnect.login_helper: Loaded instruments.csv
2026-02-10 17:02:07,415 [INFO] APIConnect.login_helper: Extracted mfInstruments.csv
2026-02-10 17:02:07,532 [INFO] APIConnect.login_helper: Loaded mfInstruments.csv
2026-02-10 17:02:07,635 [INFO] APIConnect.APIConnect: PlaceTrade method is called.
2026-02-10 17:02:07,635 [DEBUG] APIConnect.APIConnect: PlaceTrade method is called with data: {'trdSym': 'SILVERM24FEB', 'exc': 'MCX', 'action': 'BUY', 'dur': 'DAY', 'ordTyp': 'LIMIT', 'qty': '1', 'dscQty': '0', 'sym': 'string', 'mktPro': '', 'lmPrc': '170.0', 'trgPrc': '0', 'prdCode': 'CNC', 'posSqr': 'N', 'minQty': '0', 'ordSrc': 'API', 'vnCode': '', 'rmk': '', 'flQty': '0'}
2026-02-10 17:02:07,636 [DEBUG] urllib3.connectionpool: Starting new HTTPS connection (1): nc.nuvamawealth.com:443
2026-02-10 17:02:08,124 [DEBUG] urllib3.connectionpool: https://nc.nuvamawealth.com:443 "POST /edelmw-comm/comm/trade/placetrade/80218397/ HTTP/1.1" 500 221
2026-02-10 17:02:08,125 [DEBUG] APIConnect.http: Error response: {"appID":"41da4012486b1acb3578c60f7f4e248a","config":{},"error":{"actCd":"50","errCd":"EGN0001","errMsg":"Something went wrong please try again later"},"msgID":"88a81dea-0fc2-4858-901d-c753042eb49c","srvTm":1770723126170}
2026-02-10 17:02:08,125 [DEBUG] APIConnect.APIConnect: Response received for MCX/NCDEX: 
2026-02-10 17:03:20,890 [INFO] APIConnect.APIConnect: Logger initiated with default values.
2026-02-10 17:03:20,890 [INFO] constants.router: Router object is being created.
2026-02-10 17:03:20,891 [INFO] APIConnect.http: Http object is being created.
2026-02-10 17:03:20,891 [INFO] APIConnect.login_helper: LoginHelper object is being created.
2026-02-10 17:03:20,891 [INFO] APIConnect.APIConnect: User data file found, loading data.
2026-02-10 17:03:20,932 [INFO] feed.feed: Connection established with subscriber.
2026-02-10 17:03:22,056 [INFO] APIConnect.login_helper: Downloaded instruments.zip
2026-02-10 17:03:22,233 [INFO] APIConnect.login_helper: Downloaded mfInstruments.zip
2026-02-10 17:03:22,457 [INFO] APIConnect.login_helper: Extracted instruments.csv
2026-02-10 17:03:24,249 [INFO] APIConnect.login_helper: Loaded instruments.csv
2026-02-10 17:03:24,290 [INFO] APIConnect.login_helper: Extracted mfInstruments.csv
2026-02-10 17:03:24,413 [INFO] APIConnect.login_helper: Loaded mfInstruments.csv
2026-02-10 17:03:24,530 [INFO] APIConnect.APIConnect: PlaceTrade method is called.
2026-02-10 17:03:24,530 [DEBUG] APIConnect.APIConnect: PlaceTrade method is called with data: {'trdSym': 'SILVERM24FEB', 'exc': 'MCX', 'action': 'BUY', 'dur': 'DAY', 'ordTyp': 'LIMIT', 'qty': '1', 'dscQty': '0', 'sym': 'SILVERM24FEB', 'mktPro': '', 'lmPrc': '710.0', 'trgPrc': '0', 'prdCode': 'NRML', 'posSqr': 'N', 'minQty': '0', 'ordSrc': 'API', 'vnCode': '', 'rmk': '', 'flQty': '0'}
2026-02-10 17:03:24,531 [DEBUG] urllib3.connectionpool: Starting new HTTPS connection (1): nc.nuvamawealth.com:443
2026-02-10 17:03:24,954 [DEBUG] urllib3.connectionpool: https://nc.nuvamawealth.com:443 "POST /edelmw-comm/comm/trade/placetrade/80218397/ HTTP/1.1" 500 221
2026-02-10 17:03:24,955 [DEBUG] APIConnect.http: Error response: {"appID":"41da4012486b1acb3578c60f7f4e248a","config":{},"error":{"actCd":"50","errCd":"EGN0001","errMsg":"Something went wrong please try again later"},"msgID":"b0ee14a9-0060-4676-8cf1-49d33a566a80","srvTm":1770723203002}
2026-02-10 17:03:24,955 [DEBUG] APIConnect.APIConnect: Response received for MCX/NCDEX: 
2026-02-10 17:03:36,040 [INFO] APIConnect.APIConnect: Logger initiated with default values.
2026-02-10 17:03:36,041 [INFO] constants.router: Router object is being created.
2026-02-10 17:03:36,041 [INFO] APIConnect.http: Http object is being created.
2026-02-10 17:03:36,041 [INFO] APIConnect.login_helper: LoginHelper object is being created.
2026-02-10 17:03:36,042 [INFO] APIConnect.APIConnect: User data file found, loading data.
2026-02-10 17:03:36,094 [INFO] feed.feed: Connection established with subscriber.
2026-02-10 17:03:37,206 [INFO] APIConnect.login_helper: Downloaded instruments.zip
2026-02-10 17:03:37,461 [INFO] APIConnect.login_helper: Downloaded mfInstruments.zip
2026-02-10 17:03:37,688 [INFO] APIConnect.login_helper: Extracted instruments.csv
2026-02-10 17:03:39,203 [INFO] APIConnect.login_helper: Loaded instruments.csv
2026-02-10 17:03:39,252 [INFO] APIConnect.login_helper: Extracted mfInstruments.csv
2026-02-10 17:03:39,374 [INFO] APIConnect.login_helper: Loaded mfInstruments.csv
2026-02-10 17:03:39,479 [INFO] APIConnect.APIConnect: OrderBook method is called.
2026-02-10 17:03:39,479 [DEBUG] APIConnect.APIConnect: OrderBook method is called for 'COMEQ' account type
2026-02-10 17:03:39,483 [DEBUG] APIConnect.http: Request to url: https://nc.nuvamawealth.com/edelmw-eq/eq/order/book/80218397/v1/
2026-02-10 17:03:39,484 [DEBUG] urllib3.connectionpool: Starting new HTTPS connection (1): nc.nuvamawealth.com:443
2026-02-10 17:03:39,574 [DEBUG] urllib3.connectionpool: https://nc.nuvamawealth.com:443 "GET /edelmw-eq/eq/order/book/80218397/v1/ HTTP/1.1" 200 None
2026-02-10 17:03:39,575 [DEBUG] APIConnect.APIConnect: Response for eq: {'appID': '41da4012486b1acb3578c60f7f4e248a', 'config': {'app': 1, 'exp': 1770681626404, 'info': 4}, 'data': {'type': 'orderBookResponse', 'ord': [{'stkPrc': '85100', 'dur': 'EOS', 'vlDt': 'NA', 'rcvTim': '15:25:31', 'rcvEpTim': '10/02/2026 15:25:31', 'sym': '827285_BFO', 'cpName': '', 'exit': 'false', 'syomID': '', 'exc': 'BFO', 'ntQty': '80', 'dpName': 'SENSEX', 'cancel': 'false', 'sipID': 'N', 'nstReqID': '1', 'ordTyp': 'LIMIT', 'opTyp': 'CE', 'trsTyp': 'BUY', 'srs': 'XX', 'prdCode': 'NRML', 'prdDp': 'NRML', 'ogt': '--', 'flQty': '80', 'trdSym': 'SENSEX2621285100CE', 'edit': 'false', 'asTyp': 'OPTIDX', 'trgPrc': '0.00', 'avgPrc': '40.00', 'dsQty': '0', 'ordID': '260210000176957', 'sts': 'complete', 'dpInsTyp': '', 'rjRsn': '', 'userID': '80218397', 'dpExpDt': "12 FEB'26", 'ltSz': '20', 'tkSz': '0.05', 'desc': '80 Bought @ &#8377 40.00', 'prc': '40.00', 'exONo': '1770710776038001013', 'exp': '12Feb2026', 'rcvDt': '10/02/2026', 'pdQty': '0', 'userCmnt': 'NA', 'rmk': 'NA', 'boSeqId': '', 'epochTim': '1770717331603384', 'ordTim': '10/02/2026 15:25:31', 'trgId': '', 'dpVal': 'SENSEX', 'ltp': '38.25', 'bsktOrdId': '', 'bsktEpch': '', 'sipNo': 'NA', 'chg': '-35.45', 'chgP': '-48.10', 'lqdRsn': ''}, {'stkPrc': '82000', 'dur': 'EOS', 'vlDt': 'NA', 'rcvTim': '12:28:59', 'rcvEpTim': '10/02/2026 12:28:59', 'sym': '837399_BFO', 'cpName': '', 'exit': 'false', 'syomID': '', 'exc': 'BFO', 'ntQty': '100', 'dpName': 'SENSEX', 'cancel': 'false', 'sipID': 'N', 'nstReqID': '2', 'ordTyp': 'LIMIT', 'opTyp': 'PE', 'trsTyp': 'SELL', 'srs': 'XX', 'prdCode': 'NRML', 'prdDp': 'NRML', 'ogt': '--', 'flQty': '100', 'trdSym': 'SENSEX2621982000PE', 'edit': 'false', 'asTyp': 'OPTIDX', 'trgPrc': '0.00', 'avgPrc': '70.00', 'dsQty': '0', 'ordID': '260210000141615', 'sts': 'complete', 'dpInsTyp': '', 'rjRsn': '', 'userID': '80218397', 'dpExpDt': "19 FEB'26", 'ltSz': '20', 'tkSz': '0.05', 'desc': '100 Sold @ &#8377 70.00', 'prc': '70.00', 'exONo': '1770704187275999081', 'exp': '19Feb2026', 'rcvDt': '10/02/2026', 'pdQty': '0', 'userCmnt': 'NA', 'rmk': 'NA', 'boSeqId': '', 'epochTim': '1770706739001585', 'ordTim': '10/02/2026 12:28:59', 'trgId': '', 'dpVal': 'SENSEX', 'ltp': '65.00', 'bsktOrdId': '', 'bsktEpch': '', 'sipNo': 'NA', 'chg': '-43.30', 'chgP': '-39.98', 'lqdRsn': ''}, {'stkPrc': '82300', 'dur': 'EOS', 'vlDt': 'NA', 'rcvTim': '10:19:18', 'rcvEpTim': '10/02/2026 10:19:18', 'sym': '831432_BFO', 'cpName': '', 'exit': 'false', 'syomID': '', 'exc': 'BFO', 'ntQty': '100', 'dpName': 'SENSEX', 'cancel': 'false', 'sipID': 'N', 'nstReqID': '1', 'ordTyp': 'LIMIT', 'opTyp': 'PE', 'trsTyp': 'BUY', 'srs': 'XX', 'prdCode': 'NRML', 'prdDp': 'NRML', 'ogt': '--', 'flQty': '100', 'trdSym': 'SENSEX2621282300PE', 'edit': 'false', 'asTyp': 'OPTIDX', 'trgPrc': '0.00', 'avgPrc': '30.00', 'dsQty': '0', 'ordID': '260210000084810', 'sts': 'complete', 'dpInsTyp': '', 'rjRsn': '', 'userID': '80218397', 'dpExpDt': "12 FEB'26", 'ltSz': '20', 'tkSz': '0.05', 'desc': '100 Bought @ &#8377 30.00', 'prc': '30.00', 'exONo': '1770698203774604332', 'exp': '12Feb2026', 'rcvDt': '10/02/2026', 'pdQty': '0', 'userCmnt': 'NA', 'rmk': 'NA', 'boSeqId': '', 'epochTim': '1770698958472301', 'ordTim': '10/02/2026 10:19:18', 'trgId': '', 'dpVal': 'SENSEX', 'ltp': '19.95', 'bsktOrdId': '', 'bsktEpch': '', 'sipNo': 'NA', 'chg': '-34.50', 'chgP': '-63.36', 'lqdRsn': ''}]}, 'msgID': 'f559a1bd-f877-4aba-8123-ba625d355b6a', 'srvTm': 1770723217631}
2026-02-10 17:03:39,575 [DEBUG] APIConnect.http: Request to url: https://nc.nuvamawealth.com/edelmw-comm/comm/orderbook/80218397?rTyp=COMFNO/
2026-02-10 17:03:39,691 [DEBUG] urllib3.connectionpool: https://nc.nuvamawealth.com:443 "GET /edelmw-comm/comm/orderbook/80218397?rTyp=COMFNO/ HTTP/1.1" 500 221
2026-02-10 17:03:39,692 [DEBUG] APIConnect.http: Error response: {"appID":"41da4012486b1acb3578c60f7f4e248a","config":{},"error":{"actCd":"50","errCd":"EGN0001","errMsg":"Something went wrong please try again later"},"msgID":"ae3dd9cf-a310-4f4e-926e-95c4d5021589","srvTm":1770723217737}
2026-02-10 17:03:39,692 [DEBUG] APIConnect.APIConnect: Response for comm: 
2026-02-10 17:37:10,942 [INFO] APIConnect.APIConnect: Logger initiated with default values.
2026-02-10 17:37:10,942 [INFO] constants.router: Router object is being created.
2026-02-10 17:37:10,942 [INFO] APIConnect.http: Http object is being created.
2026-02-10 17:37:10,943 [INFO] APIConnect.login_helper: LoginHelper object is being created.
2026-02-10 17:37:10,943 [INFO] APIConnect.APIConnect: User data file found, loading data.
2026-02-10 17:37:11,044 [INFO] feed.feed: Connection established with subscriber.
2026-02-10 17:37:12,141 [INFO] APIConnect.login_helper: Downloaded instruments.zip
2026-02-10 17:37:12,250 [INFO] APIConnect.login_helper: Downloaded mfInstruments.zip
2026-02-10 17:37:12,458 [INFO] APIConnect.login_helper: Extracted instruments.csv
2026-02-10 17:37:14,423 [INFO] APIConnect.login_helper: Loaded instruments.csv
2026-02-10 17:37:14,468 [INFO] APIConnect.login_helper: Extracted mfInstruments.csv
2026-02-10 17:37:14,582 [INFO] APIConnect.login_helper: Loaded mfInstruments.csv
2026-02-10 17:37:14,702 [INFO] APIConnect.APIConnect: PlaceTrade method is called.
2026-02-10 17:37:14,702 [DEBUG] APIConnect.APIConnect: PlaceTrade method is called with data: {'trdSym': 'SILVERM24FEB', 'exc': 'MCX', 'action': 'BUY', 'dur': 'DAY', 'ordTyp': 'LIMIT', 'qty': '1', 'dscQty': '0', 'sym': 'SILVERM24FEB_MCX', 'mktPro': '', 'lmPrc': '720.0', 'trgPrc': '0', 'prdCode': 'NRML', 'posSqr': 'N', 'minQty': '0', 'ordSrc': 'API', 'vnCode': '', 'rmk': '', 'flQty': '0'}
2026-02-10 17:37:14,703 [DEBUG] urllib3.connectionpool: Starting new HTTPS connection (1): nc.nuvamawealth.com:443
2026-02-10 17:37:14,903 [DEBUG] urllib3.connectionpool: https://nc.nuvamawealth.com:443 "POST /edelmw-comm/comm/trade/placetrade/80218397/ HTTP/1.1" 500 221
2026-02-10 17:37:14,903 [DEBUG] APIConnect.http: Error response: {"appID":"41da4012486b1acb3578c60f7f4e248a","config":{},"error":{"actCd":"50","errCd":"EGN0001","errMsg":"Something went wrong please try again later"},"msgID":"61ffcb08-e483-406b-b169-237cc683c914","srvTm":1770725232854}
2026-02-10 17:37:14,904 [DEBUG] APIConnect.APIConnect: Response received for MCX/NCDEX: 
2026-02-10 17:37:30,144 [INFO] APIConnect.APIConnect: Logger initiated with default values.
2026-02-10 17:37:30,144 [INFO] constants.router: Router object is being created.
2026-02-10 17:37:30,145 [INFO] APIConnect.http: Http object is being created.
2026-02-10 17:37:30,145 [INFO] APIConnect.login_helper: LoginHelper object is being created.
2026-02-10 17:37:30,145 [INFO] APIConnect.APIConnect: User data file found, loading data.
2026-02-10 17:37:30,204 [INFO] feed.feed: Connection established with subscriber.
2026-02-10 17:37:31,220 [INFO] APIConnect.login_helper: Downloaded instruments.zip
2026-02-10 17:37:31,453 [INFO] APIConnect.login_helper: Downloaded mfInstruments.zip
2026-02-10 17:37:31,705 [INFO] APIConnect.login_helper: Extracted instruments.csv
2026-02-10 17:37:33,375 [INFO] APIConnect.login_helper: Loaded instruments.csv
2026-02-10 17:37:33,425 [INFO] APIConnect.login_helper: Extracted mfInstruments.csv
2026-02-10 17:37:33,603 [INFO] APIConnect.login_helper: Loaded mfInstruments.csv
2026-02-10 17:37:33,726 [INFO] APIConnect.APIConnect: PlaceTrade method is called.
2026-02-10 17:37:33,727 [DEBUG] APIConnect.APIConnect: PlaceTrade method is called with data: {'trdSym': 'SILVERM24FEB', 'exc': 'MCX', 'action': 'BUY', 'dur': 'DAY', 'ordTyp': 'LIMIT', 'qty': '1', 'dscQty': '0', 'sym': 'SILVERM24FEB_MCX', 'mktPro': '', 'lmPrc': '720.0', 'trgPrc': '0', 'prdCode': 'NRML', 'posSqr': 'N', 'minQty': '0', 'ordSrc': 'API', 'vnCode': '', 'rmk': '', 'flQty': '0'}
2026-02-10 17:37:33,728 [DEBUG] urllib3.connectionpool: Starting new HTTPS connection (1): nc.nuvamawealth.com:443
2026-02-10 17:37:33,842 [DEBUG] urllib3.connectionpool: https://nc.nuvamawealth.com:443 "POST /edelmw-comm/comm/trade/placetrade/80218397/ HTTP/1.1" 500 221
2026-02-10 17:37:33,842 [DEBUG] APIConnect.http: Error response: {"appID":"41da4012486b1acb3578c60f7f4e248a","config":{},"error":{"actCd":"50","errCd":"EGN0001","errMsg":"Something went wrong please try again later"},"msgID":"17bc6b80-10b7-4426-a567-d5f324946d46","srvTm":1770725251820}
2026-02-10 17:37:33,842 [DEBUG] APIConnect.APIConnect: Response received for MCX/NCDEX: 
2026-02-10 17:38:30,527 [INFO] APIConnect.APIConnect: Logger initiated with default values.
2026-02-10 17:38:30,527 [INFO] constants.router: Router object is being created.
2026-02-10 17:38:30,527 [INFO] APIConnect.http: Http object is being created.
2026-02-10 17:38:30,527 [INFO] APIConnect.login_helper: LoginHelper object is being created.
2026-02-10 17:38:30,527 [INFO] APIConnect.APIConnect: User data file found, loading data.
2026-02-10 17:38:30,729 [INFO] feed.feed: Connection established with subscriber.
2026-02-10 17:38:35,642 [INFO] APIConnect.login_helper: Downloaded instruments.zip
2026-02-10 17:38:38,618 [INFO] APIConnect.login_helper: Downloaded mfInstruments.zip
2026-02-10 17:38:38,898 [INFO] APIConnect.login_helper: Extracted instruments.csv
2026-02-10 17:38:40,758 [INFO] APIConnect.login_helper: Loaded instruments.csv
2026-02-10 17:38:40,807 [INFO] APIConnect.login_helper: Extracted mfInstruments.csv
2026-02-10 17:38:40,937 [INFO] APIConnect.login_helper: Loaded mfInstruments.csv
2026-02-10 17:38:41,062 [INFO] APIConnect.APIConnect: OrderBook method is called.
2026-02-10 17:38:41,063 [DEBUG] APIConnect.APIConnect: OrderBook method is called for 'COMEQ' account type
2026-02-10 17:38:41,063 [DEBUG] APIConnect.http: Request to url: https://nc.nuvamawealth.com/edelmw-eq/eq/order/book/80218397/v1/
2026-02-10 17:38:41,064 [DEBUG] urllib3.connectionpool: Starting new HTTPS connection (1): nc.nuvamawealth.com:443
2026-02-10 17:38:42,632 [DEBUG] urllib3.connectionpool: https://nc.nuvamawealth.com:443 "GET /edelmw-eq/eq/order/book/80218397/v1/ HTTP/1.1" 200 None
2026-02-10 17:38:42,633 [DEBUG] APIConnect.APIConnect: Response for eq: {'appID': '41da4012486b1acb3578c60f7f4e248a', 'config': {'app': 1, 'exp': 1770681626404, 'info': 4}, 'data': {'type': 'orderBookResponse', 'ord': [{'stkPrc': '85100', 'dur': 'EOS', 'vlDt': 'NA', 'rcvTim': '15:25:31', 'rcvEpTim': '10/02/2026 15:25:31', 'sym': '827285_BFO', 'cpName': '', 'exit': 'false', 'syomID': '', 'exc': 'BFO', 'ntQty': '80', 'dpName': 'SENSEX', 'cancel': 'false', 'sipID': 'N', 'nstReqID': '1', 'ordTyp': 'LIMIT', 'opTyp': 'CE', 'trsTyp': 'BUY', 'srs': 'XX', 'prdCode': 'NRML', 'prdDp': 'NRML', 'ogt': '--', 'flQty': '80', 'trdSym': 'SENSEX2621285100CE', 'edit': 'false', 'asTyp': 'OPTIDX', 'trgPrc': '0.00', 'avgPrc': '40.00', 'dsQty': '0', 'ordID': '260210000176957', 'sts': 'complete', 'dpInsTyp': '', 'rjRsn': '', 'userID': '80218397', 'dpExpDt': "12 FEB'26", 'ltSz': '20', 'tkSz': '0.05', 'desc': '80 Bought @ &#8377 40.00', 'prc': '40.00', 'exONo': '1770710776038001013', 'exp': '12Feb2026', 'rcvDt': '10/02/2026', 'pdQty': '0', 'userCmnt': 'NA', 'rmk': 'NA', 'boSeqId': '', 'epochTim': '1770717331603384', 'ordTim': '10/02/2026 15:25:31', 'trgId': '', 'dpVal': 'SENSEX', 'ltp': '38.25', 'bsktOrdId': '', 'bsktEpch': '', 'sipNo': 'NA', 'chg': '-35.45', 'chgP': '-48.10', 'lqdRsn': ''}, {'stkPrc': '82000', 'dur': 'EOS', 'vlDt': 'NA', 'rcvTim': '12:28:59', 'rcvEpTim': '10/02/2026 12:28:59', 'sym': '837399_BFO', 'cpName': '', 'exit': 'false', 'syomID': '', 'exc': 'BFO', 'ntQty': '100', 'dpName': 'SENSEX', 'cancel': 'false', 'sipID': 'N', 'nstReqID': '2', 'ordTyp': 'LIMIT', 'opTyp': 'PE', 'trsTyp': 'SELL', 'srs': 'XX', 'prdCode': 'NRML', 'prdDp': 'NRML', 'ogt': '--', 'flQty': '100', 'trdSym': 'SENSEX2621982000PE', 'edit': 'false', 'asTyp': 'OPTIDX', 'trgPrc': '0.00', 'avgPrc': '70.00', 'dsQty': '0', 'ordID': '260210000141615', 'sts': 'complete', 'dpInsTyp': '', 'rjRsn': '', 'userID': '80218397', 'dpExpDt': "19 FEB'26", 'ltSz': '20', 'tkSz': '0.05', 'desc': '100 Sold @ &#8377 70.00', 'prc': '70.00', 'exONo': '1770704187275999081', 'exp': '19Feb2026', 'rcvDt': '10/02/2026', 'pdQty': '0', 'userCmnt': 'NA', 'rmk': 'NA', 'boSeqId': '', 'epochTim': '1770706739001585', 'ordTim': '10/02/2026 12:28:59', 'trgId': '', 'dpVal': 'SENSEX', 'ltp': '65.00', 'bsktOrdId': '', 'bsktEpch': '', 'sipNo': 'NA', 'chg': '-43.30', 'chgP': '-39.98', 'lqdRsn': ''}, {'stkPrc': '82300', 'dur': 'EOS', 'vlDt': 'NA', 'rcvTim': '10:19:18', 'rcvEpTim': '10/02/2026 10:19:18', 'sym': '831432_BFO', 'cpName': '', 'exit': 'false', 'syomID': '', 'exc': 'BFO', 'ntQty': '100', 'dpName': 'SENSEX', 'cancel': 'false', 'sipID': 'N', 'nstReqID': '1', 'ordTyp': 'LIMIT', 'opTyp': 'PE', 'trsTyp': 'BUY', 'srs': 'XX', 'prdCode': 'NRML', 'prdDp': 'NRML', 'ogt': '--', 'flQty': '100', 'trdSym': 'SENSEX2621282300PE', 'edit': 'false', 'asTyp': 'OPTIDX', 'trgPrc': '0.00', 'avgPrc': '30.00', 'dsQty': '0', 'ordID': '260210000084810', 'sts': 'complete', 'dpInsTyp': '', 'rjRsn': '', 'userID': '80218397', 'dpExpDt': "12 FEB'26", 'ltSz': '20', 'tkSz': '0.05', 'desc': '100 Bought @ &#8377 30.00', 'prc': '30.00', 'exONo': '1770698203774604332', 'exp': '12Feb2026', 'rcvDt': '10/02/2026', 'pdQty': '0', 'userCmnt': 'NA', 'rmk': 'NA', 'boSeqId': '', 'epochTim': '1770698958472301', 'ordTim': '10/02/2026 10:19:18', 'trgId': '', 'dpVal': 'SENSEX', 'ltp': '19.95', 'bsktOrdId': '', 'bsktEpch': '', 'sipNo': 'NA', 'chg': '-34.50', 'chgP': '-63.36', 'lqdRsn': ''}]}, 'msgID': '816cabc5-70ba-4eae-9d7f-9be3fa11938e', 'srvTm': 1770725320362}
2026-02-10 17:38:42,633 [DEBUG] APIConnect.http: Request to url: https://nc.nuvamawealth.com/edelmw-comm/comm/orderbook/80218397?rTyp=COMFNO/
2026-02-10 17:38:43,183 [DEBUG] urllib3.connectionpool: https://nc.nuvamawealth.com:443 "GET /edelmw-comm/comm/orderbook/80218397?rTyp=COMFNO/ HTTP/1.1" 500 221
2026-02-10 17:38:43,184 [DEBUG] APIConnect.http: Error response: {"appID":"41da4012486b1acb3578c60f7f4e248a","config":{},"error":{"actCd":"50","errCd":"EGN0001","errMsg":"Something went wrong please try again later"},"msgID":"07b48dac-52d7-4230-af04-0c6a64a9fafe","srvTm":1770725320919}
2026-02-10 17:38:43,185 [DEBUG] APIConnect.APIConnect: Response for comm: 
2026-02-10 17:39:49,738 [INFO] APIConnect.APIConnect: Logger initiated with default values.
2026-02-10 17:39:49,739 [INFO] constants.router: Router object is being created.
2026-02-10 17:39:49,739 [INFO] APIConnect.http: Http object is being created.
2026-02-10 17:39:49,739 [INFO] APIConnect.login_helper: LoginHelper object is being created.
2026-02-10 17:39:49,739 [INFO] APIConnect.APIConnect: User data file found, loading data.
2026-02-10 17:39:49,860 [INFO] feed.feed: Connection established with subscriber.
2026-02-10 17:39:53,668 [INFO] APIConnect.login_helper: Downloaded instruments.zip
2026-02-10 17:39:56,263 [INFO] APIConnect.login_helper: Downloaded mfInstruments.zip
2026-02-10 17:39:56,501 [INFO] APIConnect.login_helper: Extracted instruments.csv
2026-02-10 17:39:58,370 [INFO] APIConnect.login_helper: Loaded instruments.csv
2026-02-10 17:39:58,408 [INFO] APIConnect.login_helper: Extracted mfInstruments.csv
2026-02-10 17:39:58,519 [INFO] APIConnect.login_helper: Loaded mfInstruments.csv
2026-02-10 17:39:58,621 [INFO] APIConnect.APIConnect: PlaceTrade method is called.
2026-02-10 17:39:58,621 [DEBUG] APIConnect.APIConnect: PlaceTrade method is called with data: {'trdSym': 'YESBANK', 'exc': 'NSE', 'action': 'BUY', 'dur': 'DAY', 'ordTyp': 'LIMIT', 'qty': '1', 'dscQty': '0', 'sym': 'YESBANK_NSE', 'mktPro': '', 'lmPrc': '1.0', 'trgPrc': '0', 'prdCode': 'CNC', 'posSqr': 'N', 'minQty': '0', 'ordSrc': 'API', 'vnCode': '', 'rmk': '', 'flQty': '0'}
2026-02-10 17:39:58,624 [DEBUG] urllib3.connectionpool: Starting new HTTPS connection (1): nc.nuvamawealth.com:443
2026-02-10 17:39:59,648 [DEBUG] urllib3.connectionpool: https://nc.nuvamawealth.com:443 "POST /edelmw-eq/eq/trade/placetrade/80218397/ HTTP/1.1" 500 241
2026-02-10 17:39:59,649 [DEBUG] APIConnect.http: Error response: {"appID":"41da4012486b1acb3578c60f7f4e248a","config":{},"error":{"actCd":"54","errCd":"EOMN0001","errMsg":"Error occurred : Trading Symbol Doesn't exist for the exchange"},"msgID":"607f4b4d-79d7-41ac-9d11-f6cf4ce3a144","srvTm":1770725397416}
2026-02-10 17:39:59,649 [DEBUG] APIConnect.APIConnect: Response received: 
2026-02-10 17:40:07,137 [INFO] APIConnect.APIConnect: Logger initiated with default values.
2026-02-10 17:40:07,137 [INFO] constants.router: Router object is being created.
2026-02-10 17:40:07,137 [INFO] APIConnect.http: Http object is being created.
2026-02-10 17:40:07,138 [INFO] APIConnect.login_helper: LoginHelper object is being created.
2026-02-10 17:40:07,138 [INFO] APIConnect.APIConnect: User data file found, loading data.
2026-02-10 17:40:07,203 [INFO] feed.feed: Connection established with subscriber.
2026-02-10 17:40:10,683 [INFO] APIConnect.login_helper: Downloaded instruments.zip
2026-02-10 17:40:13,097 [INFO] APIConnect.login_helper: Downloaded mfInstruments.zip
2026-02-10 17:40:13,353 [INFO] APIConnect.login_helper: Extracted instruments.csv
2026-02-10 17:40:15,143 [INFO] APIConnect.login_helper: Loaded instruments.csv
2026-02-10 17:40:15,187 [INFO] APIConnect.login_helper: Extracted mfInstruments.csv
2026-02-10 17:40:15,307 [INFO] APIConnect.login_helper: Loaded mfInstruments.csv
2026-02-10 17:40:15,419 [INFO] APIConnect.APIConnect: OrderBook method is called.
2026-02-10 17:40:15,419 [DEBUG] APIConnect.APIConnect: OrderBook method is called for 'COMEQ' account type
2026-02-10 17:40:15,419 [DEBUG] APIConnect.http: Request to url: https://nc.nuvamawealth.com/edelmw-eq/eq/order/book/80218397/v1/
2026-02-10 17:40:15,421 [DEBUG] urllib3.connectionpool: Starting new HTTPS connection (1): nc.nuvamawealth.com:443
2026-02-10 17:40:17,001 [DEBUG] urllib3.connectionpool: https://nc.nuvamawealth.com:443 "GET /edelmw-eq/eq/order/book/80218397/v1/ HTTP/1.1" 200 None
2026-02-10 17:40:17,002 [DEBUG] APIConnect.APIConnect: Response for eq: {'appID': '41da4012486b1acb3578c60f7f4e248a', 'config': {'app': 1, 'exp': 1770681626404, 'info': 4}, 'data': {'type': 'orderBookResponse', 'ord': [{'stkPrc': '85100', 'dur': 'EOS', 'vlDt': 'NA', 'rcvTim': '15:25:31', 'rcvEpTim': '10/02/2026 15:25:31', 'sym': '827285_BFO', 'cpName': '', 'exit': 'false', 'syomID': '', 'exc': 'BFO', 'ntQty': '80', 'dpName': 'SENSEX', 'cancel': 'false', 'sipID': 'N', 'nstReqID': '1', 'ordTyp': 'LIMIT', 'opTyp': 'CE', 'trsTyp': 'BUY', 'srs': 'XX', 'prdCode': 'NRML', 'prdDp': 'NRML', 'ogt': '--', 'flQty': '80', 'trdSym': 'SENSEX2621285100CE', 'edit': 'false', 'asTyp': 'OPTIDX', 'trgPrc': '0.00', 'avgPrc': '40.00', 'dsQty': '0', 'ordID': '260210000176957', 'sts': 'complete', 'dpInsTyp': '', 'rjRsn': '', 'userID': '80218397', 'dpExpDt': "12 FEB'26", 'ltSz': '20', 'tkSz': '0.05', 'desc': '80 Bought @ &#8377 40.00', 'prc': '40.00', 'exONo': '1770710776038001013', 'exp': '12Feb2026', 'rcvDt': '10/02/2026', 'pdQty': '0', 'userCmnt': 'NA', 'rmk': 'NA', 'boSeqId': '', 'epochTim': '1770717331603384', 'ordTim': '10/02/2026 15:25:31', 'trgId': '', 'dpVal': 'SENSEX', 'ltp': '38.25', 'bsktOrdId': '', 'bsktEpch': '', 'sipNo': 'NA', 'chg': '-35.45', 'chgP': '-48.10', 'lqdRsn': ''}, {'stkPrc': '82000', 'dur': 'EOS', 'vlDt': 'NA', 'rcvTim': '12:28:59', 'rcvEpTim': '10/02/2026 12:28:59', 'sym': '837399_BFO', 'cpName': '', 'exit': 'false', 'syomID': '', 'exc': 'BFO', 'ntQty': '100', 'dpName': 'SENSEX', 'cancel': 'false', 'sipID': 'N', 'nstReqID': '2', 'ordTyp': 'LIMIT', 'opTyp': 'PE', 'trsTyp': 'SELL', 'srs': 'XX', 'prdCode': 'NRML', 'prdDp': 'NRML', 'ogt': '--', 'flQty': '100', 'trdSym': 'SENSEX2621982000PE', 'edit': 'false', 'asTyp': 'OPTIDX', 'trgPrc': '0.00', 'avgPrc': '70.00', 'dsQty': '0', 'ordID': '260210000141615', 'sts': 'complete', 'dpInsTyp': '', 'rjRsn': '', 'userID': '80218397', 'dpExpDt': "19 FEB'26", 'ltSz': '20', 'tkSz': '0.05', 'desc': '100 Sold @ &#8377 70.00', 'prc': '70.00', 'exONo': '1770704187275999081', 'exp': '19Feb2026', 'rcvDt': '10/02/2026', 'pdQty': '0', 'userCmnt': 'NA', 'rmk': 'NA', 'boSeqId': '', 'epochTim': '1770706739001585', 'ordTim': '10/02/2026 12:28:59', 'trgId': '', 'dpVal': 'SENSEX', 'ltp': '65.00', 'bsktOrdId': '', 'bsktEpch': '', 'sipNo': 'NA', 'chg': '-43.30', 'chgP': '-39.98', 'lqdRsn': ''}, {'stkPrc': '82300', 'dur': 'EOS', 'vlDt': 'NA', 'rcvTim': '10:19:18', 'rcvEpTim': '10/02/2026 10:19:18', 'sym': '831432_BFO', 'cpName': '', 'exit': 'false', 'syomID': '', 'exc': 'BFO', 'ntQty': '100', 'dpName': 'SENSEX', 'cancel': 'false', 'sipID': 'N', 'nstReqID': '1', 'ordTyp': 'LIMIT', 'opTyp': 'PE', 'trsTyp': 'BUY', 'srs': 'XX', 'prdCode': 'NRML', 'prdDp': 'NRML', 'ogt': '--', 'flQty': '100', 'trdSym': 'SENSEX2621282300PE', 'edit': 'false', 'asTyp': 'OPTIDX', 'trgPrc': '0.00', 'avgPrc': '30.00', 'dsQty': '0', 'ordID': '260210000084810', 'sts': 'complete', 'dpInsTyp': '', 'rjRsn': '', 'userID': '80218397', 'dpExpDt': "12 FEB'26", 'ltSz': '20', 'tkSz': '0.05', 'desc': '100 Bought @ &#8377 30.00', 'prc': '30.00', 'exONo': '1770698203774604332', 'exp': '12Feb2026', 'rcvDt': '10/02/2026', 'pdQty': '0', 'userCmnt': 'NA', 'rmk': 'NA', 'boSeqId': '', 'epochTim': '1770698958472301', 'ordTim': '10/02/2026 10:19:18', 'trgId': '', 'dpVal': 'SENSEX', 'ltp': '19.95', 'bsktOrdId': '', 'bsktEpch': '', 'sipNo': 'NA', 'chg': '-34.50', 'chgP': '-63.36', 'lqdRsn': ''}]}, 'msgID': '8912d715-4bbe-456d-8e28-8b948e06f936', 'srvTm': 1770725414708}
2026-02-10 17:40:17,002 [DEBUG] APIConnect.http: Request to url: https://nc.nuvamawealth.com/edelmw-comm/comm/orderbook/80218397?rTyp=COMFNO/
2026-02-10 17:40:17,565 [DEBUG] urllib3.connectionpool: https://nc.nuvamawealth.com:443 "GET /edelmw-comm/comm/orderbook/80218397?rTyp=COMFNO/ HTTP/1.1" 500 221
2026-02-10 17:40:17,566 [DEBUG] APIConnect.http: Error response: {"appID":"41da4012486b1acb3578c60f7f4e248a","config":{},"error":{"actCd":"50","errCd":"EGN0001","errMsg":"Something went wrong please try again later"},"msgID":"b58f0795-6fde-4465-921e-d8c952fa685f","srvTm":1770725415278}
2026-02-10 17:40:17,566 [DEBUG] APIConnect.APIConnect: Response for comm: 
2026-02-10 17:40:36,547 [INFO] APIConnect.APIConnect: Logger initiated with default values.
2026-02-10 17:40:36,547 [INFO] constants.router: Router object is being created.
2026-02-10 17:40:36,547 [INFO] APIConnect.http: Http object is being created.
2026-02-10 17:40:36,548 [INFO] APIConnect.login_helper: LoginHelper object is being created.
2026-02-10 17:40:36,548 [INFO] APIConnect.APIConnect: User data file found, loading data.
2026-02-10 17:40:36,604 [INFO] feed.feed: Connection established with subscriber.
2026-02-10 17:40:40,730 [INFO] APIConnect.login_helper: Downloaded instruments.zip
2026-02-10 17:40:42,566 [INFO] APIConnect.login_helper: Downloaded mfInstruments.zip
2026-02-10 17:40:42,845 [INFO] APIConnect.login_helper: Extracted instruments.csv
2026-02-10 17:40:44,791 [INFO] APIConnect.login_helper: Loaded instruments.csv
2026-02-10 17:40:44,833 [INFO] APIConnect.login_helper: Extracted mfInstruments.csv
2026-02-10 17:40:44,961 [INFO] APIConnect.login_helper: Loaded mfInstruments.csv
2026-02-10 17:40:45,076 [INFO] APIConnect.APIConnect: PlaceTrade method is called.
2026-02-10 17:40:45,076 [DEBUG] APIConnect.APIConnect: PlaceTrade method is called with data: {'trdSym': 'YESBANK', 'exc': 'NSE', 'action': 'BUY', 'dur': 'DAY', 'ordTyp': 'LIMIT', 'qty': '1', 'dscQty': '0', 'sym': 'YESBANK_NSE', 'mktPro': '', 'lmPrc': '1.0', 'trgPrc': '0', 'prdCode': 'CNC', 'posSqr': 'N', 'minQty': '0', 'ordSrc': 'API', 'vnCode': '', 'rmk': '', 'flQty': '0'}
2026-02-10 17:40:45,077 [DEBUG] urllib3.connectionpool: Starting new HTTPS connection (1): nc.nuvamawealth.com:443
2026-02-10 17:40:46,299 [DEBUG] urllib3.connectionpool: https://nc.nuvamawealth.com:443 "POST /edelmw-eq/eq/trade/placetrade/80218397/ HTTP/1.1" 500 241
2026-02-10 17:40:46,300 [DEBUG] APIConnect.http: Error response: {"appID":"41da4012486b1acb3578c60f7f4e248a","config":{},"error":{"actCd":"54","errCd":"EOMN0001","errMsg":"Error occurred : Trading Symbol Doesn't exist for the exchange"},"msgID":"1ebb723e-e0a9-416b-b8bb-2095b6265630","srvTm":1770725444007}
2026-02-10 17:40:46,300 [DEBUG] APIConnect.APIConnect: Response received: 
2026-02-10 17:40:57,451 [INFO] APIConnect.APIConnect: Logger initiated with default values.
2026-02-10 17:40:57,452 [INFO] constants.router: Router object is being created.
2026-02-10 17:40:57,453 [INFO] APIConnect.http: Http object is being created.
2026-02-10 17:40:57,455 [INFO] APIConnect.login_helper: LoginHelper object is being created.
2026-02-10 17:40:57,455 [INFO] APIConnect.APIConnect: User data file found, loading data.
2026-02-10 17:40:57,839 [INFO] feed.feed: Connection established with subscriber.
2026-02-10 17:40:59,110 [INFO] APIConnect.login_helper: Downloaded instruments.zip
2026-02-10 17:40:59,264 [INFO] APIConnect.login_helper: Downloaded mfInstruments.zip
2026-02-10 17:40:59,450 [INFO] APIConnect.login_helper: Extracted instruments.csv
2026-02-10 17:41:01,110 [INFO] APIConnect.login_helper: Loaded instruments.csv
2026-02-10 17:41:01,155 [INFO] APIConnect.login_helper: Extracted mfInstruments.csv
2026-02-10 17:41:01,270 [INFO] APIConnect.login_helper: Loaded mfInstruments.csv
2026-02-10 17:41:01,366 [INFO] APIConnect.APIConnect: PlaceTrade method is called.
2026-02-10 17:41:01,366 [DEBUG] APIConnect.APIConnect: PlaceTrade method is called with data: {'trdSym': 'YESBANK', 'exc': 'NSE', 'action': 'BUY', 'dur': 'DAY', 'ordTyp': 'LIMIT', 'qty': '1', 'dscQty': '0', 'sym': 'YESBANK_NSE', 'mktPro': '', 'lmPrc': '1.0', 'trgPrc': '0', 'prdCode': 'CNC', 'posSqr': 'N', 'minQty': '0', 'ordSrc': 'API', 'vnCode': '', 'rmk': '', 'flQty': '0'}
2026-02-10 17:41:01,367 [DEBUG] urllib3.connectionpool: Starting new HTTPS connection (1): nc.nuvamawealth.com:443
2026-02-10 17:41:01,561 [DEBUG] urllib3.connectionpool: https://nc.nuvamawealth.com:443 "POST /edelmw-eq/eq/trade/placetrade/80218397/ HTTP/1.1" 500 241
2026-02-10 17:41:01,562 [DEBUG] APIConnect.http: Error response: {"appID":"41da4012486b1acb3578c60f7f4e248a","config":{},"error":{"actCd":"54","errCd":"EOMN0001","errMsg":"Error occurred : Trading Symbol Doesn't exist for the exchange"},"msgID":"00b1f23d-69fc-4ae0-863b-7106e1fab0ac","srvTm":1770725459516}
2026-02-10 17:41:01,562 [DEBUG] APIConnect.APIConnect: Response received: 
2026-02-10 17:41:10,510 [INFO] APIConnect.APIConnect: Logger initiated with default values.
2026-02-10 17:41:10,510 [INFO] constants.router: Router object is being created.
2026-02-10 17:41:10,510 [INFO] APIConnect.http: Http object is being created.
2026-02-10 17:41:10,510 [INFO] APIConnect.login_helper: LoginHelper object is being created.
2026-02-10 17:41:10,510 [INFO] APIConnect.APIConnect: User data file found, loading data.
2026-02-10 17:41:10,563 [INFO] feed.feed: Connection established with subscriber.
2026-02-10 17:41:11,938 [INFO] APIConnect.login_helper: Downloaded instruments.zip
2026-02-10 17:41:12,118 [INFO] APIConnect.login_helper: Downloaded mfInstruments.zip
2026-02-10 17:41:12,322 [INFO] APIConnect.login_helper: Extracted instruments.csv
2026-02-10 17:41:14,205 [INFO] APIConnect.login_helper: Loaded instruments.csv
2026-02-10 17:41:14,254 [INFO] APIConnect.login_helper: Extracted mfInstruments.csv
2026-02-10 17:41:14,378 [INFO] APIConnect.login_helper: Loaded mfInstruments.csv
2026-02-10 17:41:14,494 [INFO] APIConnect.APIConnect: OrderBook method is called.
2026-02-10 17:41:14,495 [DEBUG] APIConnect.APIConnect: OrderBook method is called for 'COMEQ' account type
2026-02-10 17:41:14,495 [DEBUG] APIConnect.http: Request to url: https://nc.nuvamawealth.com/edelmw-eq/eq/order/book/80218397/v1/
2026-02-10 17:41:14,496 [DEBUG] urllib3.connectionpool: Starting new HTTPS connection (1): nc.nuvamawealth.com:443
2026-02-10 17:41:14,573 [DEBUG] urllib3.connectionpool: https://nc.nuvamawealth.com:443 "GET /edelmw-eq/eq/order/book/80218397/v1/ HTTP/1.1" 200 None
2026-02-10 17:41:14,575 [DEBUG] APIConnect.APIConnect: Response for eq: {'appID': '41da4012486b1acb3578c60f7f4e248a', 'config': {'app': 1, 'exp': 1770681626404, 'info': 4}, 'data': {'type': 'orderBookResponse', 'ord': [{'stkPrc': '85100', 'dur': 'EOS', 'vlDt': 'NA', 'rcvTim': '15:25:31', 'rcvEpTim': '10/02/2026 15:25:31', 'sym': '827285_BFO', 'cpName': '', 'exit': 'false', 'syomID': '', 'exc': 'BFO', 'ntQty': '80', 'dpName': 'SENSEX', 'cancel': 'false', 'sipID': 'N', 'nstReqID': '1', 'ordTyp': 'LIMIT', 'opTyp': 'CE', 'trsTyp': 'BUY', 'srs': 'XX', 'prdCode': 'NRML', 'prdDp': 'NRML', 'ogt': '--', 'flQty': '80', 'trdSym': 'SENSEX2621285100CE', 'edit': 'false', 'asTyp': 'OPTIDX', 'trgPrc': '0.00', 'avgPrc': '40.00', 'dsQty': '0', 'ordID': '260210000176957', 'sts': 'complete', 'dpInsTyp': '', 'rjRsn': '', 'userID': '80218397', 'dpExpDt': "12 FEB'26", 'ltSz': '20', 'tkSz': '0.05', 'desc': '80 Bought @ &#8377 40.00', 'prc': '40.00', 'exONo': '1770710776038001013', 'exp': '12Feb2026', 'rcvDt': '10/02/2026', 'pdQty': '0', 'userCmnt': 'NA', 'rmk': 'NA', 'boSeqId': '', 'epochTim': '1770717331603384', 'ordTim': '10/02/2026 15:25:31', 'trgId': '', 'dpVal': 'SENSEX', 'ltp': '38.25', 'bsktOrdId': '', 'bsktEpch': '', 'sipNo': 'NA', 'chg': '-35.45', 'chgP': '-48.10', 'lqdRsn': ''}, {'stkPrc': '82000', 'dur': 'EOS', 'vlDt': 'NA', 'rcvTim': '12:28:59', 'rcvEpTim': '10/02/2026 12:28:59', 'sym': '837399_BFO', 'cpName': '', 'exit': 'false', 'syomID': '', 'exc': 'BFO', 'ntQty': '100', 'dpName': 'SENSEX', 'cancel': 'false', 'sipID': 'N', 'nstReqID': '2', 'ordTyp': 'LIMIT', 'opTyp': 'PE', 'trsTyp': 'SELL', 'srs': 'XX', 'prdCode': 'NRML', 'prdDp': 'NRML', 'ogt': '--', 'flQty': '100', 'trdSym': 'SENSEX2621982000PE', 'edit': 'false', 'asTyp': 'OPTIDX', 'trgPrc': '0.00', 'avgPrc': '70.00', 'dsQty': '0', 'ordID': '260210000141615', 'sts': 'complete', 'dpInsTyp': '', 'rjRsn': '', 'userID': '80218397', 'dpExpDt': "19 FEB'26", 'ltSz': '20', 'tkSz': '0.05', 'desc': '100 Sold @ &#8377 70.00', 'prc': '70.00', 'exONo': '1770704187275999081', 'exp': '19Feb2026', 'rcvDt': '10/02/2026', 'pdQty': '0', 'userCmnt': 'NA', 'rmk': 'NA', 'boSeqId': '', 'epochTim': '1770706739001585', 'ordTim': '10/02/2026 12:28:59', 'trgId': '', 'dpVal': 'SENSEX', 'ltp': '65.00', 'bsktOrdId': '', 'bsktEpch': '', 'sipNo': 'NA', 'chg': '-43.30', 'chgP': '-39.98', 'lqdRsn': ''}, {'stkPrc': '82300', 'dur': 'EOS', 'vlDt': 'NA', 'rcvTim': '10:19:18', 'rcvEpTim': '10/02/2026 10:19:18', 'sym': '831432_BFO', 'cpName': '', 'exit': 'false', 'syomID': '', 'exc': 'BFO', 'ntQty': '100', 'dpName': 'SENSEX', 'cancel': 'false', 'sipID': 'N', 'nstReqID': '1', 'ordTyp': 'LIMIT', 'opTyp': 'PE', 'trsTyp': 'BUY', 'srs': 'XX', 'prdCode': 'NRML', 'prdDp': 'NRML', 'ogt': '--', 'flQty': '100', 'trdSym': 'SENSEX2621282300PE', 'edit': 'false', 'asTyp': 'OPTIDX', 'trgPrc': '0.00', 'avgPrc': '30.00', 'dsQty': '0', 'ordID': '260210000084810', 'sts': 'complete', 'dpInsTyp': '', 'rjRsn': '', 'userID': '80218397', 'dpExpDt': "12 FEB'26", 'ltSz': '20', 'tkSz': '0.05', 'desc': '100 Bought @ &#8377 30.00', 'prc': '30.00', 'exONo': '1770698203774604332', 'exp': '12Feb2026', 'rcvDt': '10/02/2026', 'pdQty': '0', 'userCmnt': 'NA', 'rmk': 'NA', 'boSeqId': '', 'epochTim': '1770698958472301', 'ordTim': '10/02/2026 10:19:18', 'trgId': '', 'dpVal': 'SENSEX', 'ltp': '19.95', 'bsktOrdId': '', 'bsktEpch': '', 'sipNo': 'NA', 'chg': '-34.50', 'chgP': '-63.36', 'lqdRsn': ''}]}, 'msgID': '1c9d85df-8433-4e63-b7a1-b9744b0d7b41', 'srvTm': 1770725472528}
2026-02-10 17:41:14,575 [DEBUG] APIConnect.http: Request to url: https://nc.nuvamawealth.com/edelmw-comm/comm/orderbook/80218397?rTyp=COMFNO/
2026-02-10 17:41:14,632 [DEBUG] urllib3.connectionpool: https://nc.nuvamawealth.com:443 "GET /edelmw-comm/comm/orderbook/80218397?rTyp=COMFNO/ HTTP/1.1" 500 221
2026-02-10 17:41:14,633 [DEBUG] APIConnect.http: Error response: {"appID":"41da4012486b1acb3578c60f7f4e248a","config":{},"error":{"actCd":"50","errCd":"EGN0001","errMsg":"Something went wrong please try again later"},"msgID":"e2a88ecb-feb2-442a-81ce-b42f6db06853","srvTm":1770725472590}
2026-02-10 17:41:14,633 [DEBUG] APIConnect.APIConnect: Response for comm: 
2026-02-10 17:42:57,119 [INFO] APIConnect.APIConnect: Logger initiated with default values.
2026-02-10 17:42:57,120 [INFO] constants.router: Router object is being created.
2026-02-10 17:42:57,120 [INFO] APIConnect.http: Http object is being created.
2026-02-10 17:42:57,120 [INFO] APIConnect.login_helper: LoginHelper object is being created.
2026-02-10 17:42:57,120 [INFO] APIConnect.APIConnect: User data file found, loading data.
2026-02-10 17:42:57,226 [INFO] feed.feed: Connection established with subscriber.
2026-02-10 17:42:58,664 [INFO] APIConnect.login_helper: Downloaded instruments.zip
2026-02-10 17:42:59,646 [INFO] APIConnect.login_helper: Downloaded mfInstruments.zip
2026-02-10 17:42:59,895 [INFO] APIConnect.login_helper: Extracted instruments.csv
2026-02-10 17:43:01,777 [INFO] APIConnect.login_helper: Loaded instruments.csv
2026-02-10 17:43:01,815 [INFO] APIConnect.login_helper: Extracted mfInstruments.csv
2026-02-10 17:43:01,922 [INFO] APIConnect.login_helper: Loaded mfInstruments.csv
2026-02-10 17:43:02,038 [INFO] APIConnect.APIConnect: PlaceTrade method is called.
2026-02-10 17:43:02,038 [DEBUG] APIConnect.APIConnect: PlaceTrade method is called with data: {'trdSym': 'SILVERM24FEB', 'exc': 'MCX', 'action': 'BUY', 'dur': 'DAY', 'ordTyp': 'LIMIT', 'qty': '1', 'dscQty': '0', 'sym': 'SILVERM24FEB_MCX', 'mktPro': '', 'lmPrc': '10.0', 'trgPrc': '0', 'prdCode': 'NRML', 'posSqr': 'N', 'minQty': '0', 'ordSrc': 'API', 'vnCode': '', 'rmk': '', 'flQty': '0'}
2026-02-10 17:43:02,040 [DEBUG] urllib3.connectionpool: Starting new HTTPS connection (1): nc.nuvamawealth.com:443
2026-02-10 17:43:29,094 [DEBUG] urllib3.connectionpool: https://nc.nuvamawealth.com:443 "POST /edelmw-comm/comm/trade/placetrade/80218397/ HTTP/1.1" 504 92
2026-02-10 17:43:29,094 [DEBUG] APIConnect.http: Error response: <html><body><h1>504 Gateway Time-out</h1>
The server didn't respond in time.
</body></html>

2026-02-10 17:43:29,094 [DEBUG] APIConnect.APIConnect: Response received for MCX/NCDEX: 
2026-02-10 17:44:38,463 [INFO] APIConnect.APIConnect: Logger initiated with default values.
2026-02-10 17:44:38,463 [INFO] constants.router: Router object is being created.
2026-02-10 17:44:38,463 [INFO] APIConnect.http: Http object is being created.
2026-02-10 17:44:38,463 [INFO] APIConnect.login_helper: LoginHelper object is being created.
2026-02-10 17:44:38,466 [INFO] APIConnect.APIConnect: User data file found, loading data.
2026-02-10 17:44:38,579 [INFO] feed.feed: Connection established with subscriber.
2026-02-10 17:44:40,762 [INFO] APIConnect.login_helper: Downloaded instruments.zip
2026-02-10 17:44:41,671 [INFO] APIConnect.login_helper: Downloaded mfInstruments.zip
2026-02-10 17:44:41,956 [INFO] APIConnect.login_helper: Extracted instruments.csv
2026-02-10 17:44:43,662 [INFO] APIConnect.login_helper: Loaded instruments.csv
2026-02-10 17:44:43,708 [INFO] APIConnect.login_helper: Extracted mfInstruments.csv
2026-02-10 17:44:43,829 [INFO] APIConnect.login_helper: Loaded mfInstruments.csv
2026-02-10 17:44:43,947 [INFO] APIConnect.APIConnect: OrderBook method is called.
2026-02-10 17:44:43,947 [DEBUG] APIConnect.APIConnect: OrderBook method is called for 'COMEQ' account type
2026-02-10 17:44:43,948 [DEBUG] APIConnect.http: Request to url: https://nc.nuvamawealth.com/edelmw-eq/eq/order/book/80218397/v1/
2026-02-10 17:44:43,949 [DEBUG] urllib3.connectionpool: Starting new HTTPS connection (1): nc.nuvamawealth.com:443
2026-02-10 17:44:44,286 [DEBUG] urllib3.connectionpool: https://nc.nuvamawealth.com:443 "GET /edelmw-eq/eq/order/book/80218397/v1/ HTTP/1.1" 200 None
2026-02-10 17:44:44,287 [DEBUG] APIConnect.APIConnect: Response for eq: {'appID': '41da4012486b1acb3578c60f7f4e248a', 'config': {'app': 1, 'exp': 1770681626404, 'info': 4}, 'data': {'type': 'orderBookResponse', 'ord': [{'stkPrc': '85100', 'dur': 'EOS', 'vlDt': 'NA', 'rcvTim': '15:25:31', 'rcvEpTim': '10/02/2026 15:25:31', 'sym': '827285_BFO', 'cpName': '', 'exit': 'false', 'syomID': '', 'exc': 'BFO', 'ntQty': '80', 'dpName': 'SENSEX', 'cancel': 'false', 'sipID': 'N', 'nstReqID': '1', 'ordTyp': 'LIMIT', 'opTyp': 'CE', 'trsTyp': 'BUY', 'srs': 'XX', 'prdCode': 'NRML', 'prdDp': 'NRML', 'ogt': '--', 'flQty': '80', 'trdSym': 'SENSEX2621285100CE', 'edit': 'false', 'asTyp': 'OPTIDX', 'trgPrc': '0.00', 'avgPrc': '40.00', 'dsQty': '0', 'ordID': '260210000176957', 'sts': 'complete', 'dpInsTyp': '', 'rjRsn': '', 'userID': '80218397', 'dpExpDt': "12 FEB'26", 'ltSz': '20', 'tkSz': '0.05', 'desc': '80 Bought @ &#8377 40.00', 'prc': '40.00', 'exONo': '1770710776038001013', 'exp': '12Feb2026', 'rcvDt': '10/02/2026', 'pdQty': '0', 'userCmnt': 'NA', 'rmk': 'NA', 'boSeqId': '', 'epochTim': '1770717331603384', 'ordTim': '10/02/2026 15:25:31', 'trgId': '', 'dpVal': 'SENSEX', 'ltp': '38.25', 'bsktOrdId': '', 'bsktEpch': '', 'sipNo': 'NA', 'chg': '-35.45', 'chgP': '-48.10', 'lqdRsn': ''}, {'stkPrc': '82000', 'dur': 'EOS', 'vlDt': 'NA', 'rcvTim': '12:28:59', 'rcvEpTim': '10/02/2026 12:28:59', 'sym': '837399_BFO', 'cpName': '', 'exit': 'false', 'syomID': '', 'exc': 'BFO', 'ntQty': '100', 'dpName': 'SENSEX', 'cancel': 'false', 'sipID': 'N', 'nstReqID': '2', 'ordTyp': 'LIMIT', 'opTyp': 'PE', 'trsTyp': 'SELL', 'srs': 'XX', 'prdCode': 'NRML', 'prdDp': 'NRML', 'ogt': '--', 'flQty': '100', 'trdSym': 'SENSEX2621982000PE', 'edit': 'false', 'asTyp': 'OPTIDX', 'trgPrc': '0.00', 'avgPrc': '70.00', 'dsQty': '0', 'ordID': '260210000141615', 'sts': 'complete', 'dpInsTyp': '', 'rjRsn': '', 'userID': '80218397', 'dpExpDt': "19 FEB'26", 'ltSz': '20', 'tkSz': '0.05', 'desc': '100 Sold @ &#8377 70.00', 'prc': '70.00', 'exONo': '1770704187275999081', 'exp': '19Feb2026', 'rcvDt': '10/02/2026', 'pdQty': '0', 'userCmnt': 'NA', 'rmk': 'NA', 'boSeqId': '', 'epochTim': '1770706739001585', 'ordTim': '10/02/2026 12:28:59', 'trgId': '', 'dpVal': 'SENSEX', 'ltp': '65.00', 'bsktOrdId': '', 'bsktEpch': '', 'sipNo': 'NA', 'chg': '-43.30', 'chgP': '-39.98', 'lqdRsn': ''}, {'stkPrc': '82300', 'dur': 'EOS', 'vlDt': 'NA', 'rcvTim': '10:19:18', 'rcvEpTim': '10/02/2026 10:19:18', 'sym': '831432_BFO', 'cpName': '', 'exit': 'false', 'syomID': '', 'exc': 'BFO', 'ntQty': '100', 'dpName': 'SENSEX', 'cancel': 'false', 'sipID': 'N', 'nstReqID': '1', 'ordTyp': 'LIMIT', 'opTyp': 'PE', 'trsTyp': 'BUY', 'srs': 'XX', 'prdCode': 'NRML', 'prdDp': 'NRML', 'ogt': '--', 'flQty': '100', 'trdSym': 'SENSEX2621282300PE', 'edit': 'false', 'asTyp': 'OPTIDX', 'trgPrc': '0.00', 'avgPrc': '30.00', 'dsQty': '0', 'ordID': '260210000084810', 'sts': 'complete', 'dpInsTyp': '', 'rjRsn': '', 'userID': '80218397', 'dpExpDt': "12 FEB'26", 'ltSz': '20', 'tkSz': '0.05', 'desc': '100 Bought @ &#8377 30.00', 'prc': '30.00', 'exONo': '1770698203774604332', 'exp': '12Feb2026', 'rcvDt': '10/02/2026', 'pdQty': '0', 'userCmnt': 'NA', 'rmk': 'NA', 'boSeqId': '', 'epochTim': '1770698958472301', 'ordTim': '10/02/2026 10:19:18', 'trgId': '', 'dpVal': 'SENSEX', 'ltp': '19.95', 'bsktOrdId': '', 'bsktEpch': '', 'sipNo': 'NA', 'chg': '-34.50', 'chgP': '-63.36', 'lqdRsn': ''}]}, 'msgID': 'f58f195a-e98e-4d34-889d-e7e35944bcbb', 'srvTm': 1770725682178}
2026-02-10 17:44:44,288 [DEBUG] APIConnect.http: Request to url: https://nc.nuvamawealth.com/edelmw-comm/comm/orderbook/80218397?rTyp=COMFNO/
2026-02-10 17:44:44,489 [DEBUG] urllib3.connectionpool: https://nc.nuvamawealth.com:443 "GET /edelmw-comm/comm/orderbook/80218397?rTyp=COMFNO/ HTTP/1.1" 500 221
2026-02-10 17:44:44,491 [DEBUG] APIConnect.http: Error response: {"appID":"41da4012486b1acb3578c60f7f4e248a","config":{},"error":{"actCd":"50","errCd":"EGN0001","errMsg":"Something went wrong please try again later"},"msgID":"3f0d1b21-e968-449e-b9f0-66fb02d841b5","srvTm":1770725682373}
2026-02-10 17:44:44,491 [DEBUG] APIConnect.APIConnect: Response for comm: 
2026-02-10 17:55:02,848 [INFO] APIConnect.APIConnect: Logger initiated with default values.
2026-02-10 17:55:02,849 [INFO] constants.router: Router object is being created.
2026-02-10 17:55:02,849 [INFO] APIConnect.http: Http object is being created.
2026-02-10 17:55:02,849 [INFO] APIConnect.login_helper: LoginHelper object is being created.
2026-02-10 17:55:02,849 [INFO] APIConnect.APIConnect: User data file found, loading data.
2026-02-10 17:55:02,969 [INFO] feed.feed: Connection established with subscriber.
2026-02-10 17:55:03,985 [INFO] APIConnect.login_helper: Downloaded instruments.zip
2026-02-10 17:55:04,252 [INFO] APIConnect.login_helper: Downloaded mfInstruments.zip
2026-02-10 17:55:04,404 [INFO] APIConnect.login_helper: Extracted instruments.csv
2026-02-10 17:55:05,407 [INFO] APIConnect.login_helper: Loaded instruments.csv
2026-02-10 17:55:05,454 [INFO] APIConnect.login_helper: Extracted mfInstruments.csv
2026-02-10 17:55:05,574 [INFO] APIConnect.login_helper: Loaded mfInstruments.csv
2026-02-10 17:55:23,125 [INFO] APIConnect.APIConnect: Logger initiated with default values.
2026-02-10 17:55:23,126 [INFO] constants.router: Router object is being created.
2026-02-10 17:55:23,126 [INFO] APIConnect.http: Http object is being created.
2026-02-10 17:55:23,126 [INFO] APIConnect.login_helper: LoginHelper object is being created.
2026-02-10 17:55:23,126 [INFO] APIConnect.APIConnect: User data file found, loading data.
2026-02-10 17:55:23,179 [INFO] feed.feed: Connection established with subscriber.
2026-02-10 17:55:24,162 [INFO] APIConnect.login_helper: Downloaded instruments.zip
2026-02-10 17:55:24,383 [INFO] APIConnect.login_helper: Downloaded mfInstruments.zip
2026-02-10 17:55:24,589 [INFO] APIConnect.login_helper: Extracted instruments.csv
2026-02-10 17:55:26,012 [INFO] APIConnect.login_helper: Loaded instruments.csv
2026-02-10 17:55:26,058 [INFO] APIConnect.login_helper: Extracted mfInstruments.csv
2026-02-10 17:55:26,124 [INFO] APIConnect.login_helper: Loaded mfInstruments.csv
2026-02-10 17:55:26,194 [ERROR] APIConnect.validator: Error 422 : function PlaceTrade: Parameters ['Streaming_Symbol'] cannot be None or Empty.
NoneType: None
2026-02-10 18:00:02,490 [INFO] APIConnect.APIConnect: Logger initiated with default values.
2026-02-10 18:00:02,491 [INFO] constants.router: Router object is being created.
2026-02-10 18:00:02,491 [INFO] APIConnect.http: Http object is being created.
2026-02-10 18:00:02,491 [INFO] APIConnect.login_helper: LoginHelper object is being created.
2026-02-10 18:00:02,491 [INFO] APIConnect.APIConnect: User data file found, loading data.
2026-02-10 18:00:02,743 [INFO] feed.feed: Connection established with subscriber.
2026-02-10 18:00:03,897 [INFO] APIConnect.login_helper: Downloaded instruments.zip
2026-02-10 18:00:04,461 [INFO] APIConnect.login_helper: Downloaded mfInstruments.zip
2026-02-10 18:00:04,605 [INFO] APIConnect.login_helper: Extracted instruments.csv
2026-02-10 18:00:07,281 [INFO] APIConnect.login_helper: Loaded instruments.csv
2026-02-10 18:00:07,330 [INFO] APIConnect.login_helper: Extracted mfInstruments.csv
2026-02-10 18:00:07,481 [INFO] APIConnect.login_helper: Loaded mfInstruments.csv
2026-02-10 18:00:08,779 [INFO] APIConnect.APIConnect: Logger initiated with default values.
2026-02-10 18:00:08,779 [INFO] constants.router: Router object is being created.
2026-02-10 18:00:08,779 [INFO] APIConnect.http: Http object is being created.
2026-02-10 18:00:08,779 [INFO] APIConnect.login_helper: LoginHelper object is being created.
2026-02-10 18:00:08,780 [INFO] APIConnect.APIConnect: User data file found, loading data.
2026-02-10 18:00:08,809 [INFO] feed.feed: Connection established with subscriber.
2026-02-10 18:00:10,140 [INFO] APIConnect.login_helper: Downloaded instruments.zip
2026-02-10 18:00:10,602 [INFO] APIConnect.login_helper: Downloaded mfInstruments.zip
2026-02-10 18:00:10,809 [INFO] APIConnect.login_helper: Extracted instruments.csv
2026-02-10 18:00:12,681 [INFO] APIConnect.login_helper: Loaded instruments.csv
2026-02-10 18:00:12,722 [INFO] APIConnect.login_helper: Extracted mfInstruments.csv
2026-02-10 18:00:12,841 [INFO] APIConnect.login_helper: Loaded mfInstruments.csv
2026-02-10 18:00:12,956 [INFO] APIConnect.APIConnect: PlaceTrade method is called.
2026-02-10 18:00:12,956 [DEBUG] APIConnect.APIConnect: PlaceTrade method is called with data: {'trdSym': 'SILVERM24FEB', 'exc': 'MCX', 'action': 'BUY', 'dur': 'DAY', 'ordTyp': 'LIMIT', 'qty': '1', 'dscQty': '0', 'sym': 'SILVERM24FEB_MCX', 'mktPro': '', 'lmPrc': '10.0', 'trgPrc': '0', 'prdCode': 'NRML', 'posSqr': 'N', 'minQty': '0', 'ordSrc': 'API', 'vnCode': '', 'rmk': '', 'flQty': '0'}
2026-02-10 18:00:12,961 [DEBUG] urllib3.connectionpool: Starting new HTTPS connection (1): nc.nuvamawealth.com:443
2026-02-10 18:00:40,171 [DEBUG] urllib3.connectionpool: https://nc.nuvamawealth.com:443 "POST /edelmw-comm/comm/trade/placetrade/80218397/ HTTP/1.1" 504 92
2026-02-10 18:00:40,171 [DEBUG] APIConnect.http: Error response: <html><body><h1>504 Gateway Time-out</h1>
The server didn't respond in time.
</body></html>

2026-02-10 18:00:40,172 [DEBUG] APIConnect.APIConnect: Response received for MCX/NCDEX: 
2026-02-10 18:00:51,917 [INFO] APIConnect.APIConnect: Logger initiated with default values.
2026-02-10 18:00:51,917 [INFO] constants.router: Router object is being created.
2026-02-10 18:00:51,917 [INFO] APIConnect.http: Http object is being created.
2026-02-10 18:00:51,918 [INFO] APIConnect.login_helper: LoginHelper object is being created.
2026-02-10 18:00:51,918 [INFO] APIConnect.APIConnect: User data file found, loading data.
2026-02-10 18:00:51,950 [INFO] feed.feed: Connection established with subscriber.
2026-02-10 18:00:53,721 [INFO] APIConnect.login_helper: Downloaded instruments.zip
2026-02-10 18:00:54,280 [INFO] APIConnect.login_helper: Downloaded mfInstruments.zip
2026-02-10 18:00:54,474 [INFO] APIConnect.login_helper: Extracted instruments.csv
2026-02-10 18:00:56,421 [INFO] APIConnect.login_helper: Loaded instruments.csv
2026-02-10 18:00:56,468 [INFO] APIConnect.login_helper: Extracted mfInstruments.csv
2026-02-10 18:00:56,582 [INFO] APIConnect.login_helper: Loaded mfInstruments.csv
2026-02-10 18:00:56,692 [INFO] APIConnect.APIConnect: OrderBook method is called.
2026-02-10 18:00:56,692 [DEBUG] APIConnect.APIConnect: OrderBook method is called for 'COMEQ' account type
2026-02-10 18:00:56,692 [DEBUG] APIConnect.http: Request to url: https://nc.nuvamawealth.com/edelmw-eq/eq/order/book/80218397/v1/
2026-02-10 18:00:56,694 [DEBUG] urllib3.connectionpool: Starting new HTTPS connection (1): nc.nuvamawealth.com:443
2026-02-10 18:00:57,011 [DEBUG] urllib3.connectionpool: https://nc.nuvamawealth.com:443 "GET /edelmw-eq/eq/order/book/80218397/v1/ HTTP/1.1" 200 None
2026-02-10 18:00:57,012 [DEBUG] APIConnect.APIConnect: Response for eq: {'appID': '41da4012486b1acb3578c60f7f4e248a', 'config': {'app': 1, 'exp': 1770681626404, 'info': 4}, 'data': {'type': 'orderBookResponse', 'ord': [{'stkPrc': '85100', 'dur': 'EOS', 'vlDt': 'NA', 'rcvTim': '15:25:31', 'rcvEpTim': '10/02/2026 15:25:31', 'sym': '827285_BFO', 'cpName': '', 'exit': 'false', 'syomID': '', 'exc': 'BFO', 'ntQty': '80', 'dpName': 'SENSEX', 'cancel': 'false', 'sipID': 'N', 'nstReqID': '1', 'ordTyp': 'LIMIT', 'opTyp': 'CE', 'trsTyp': 'BUY', 'srs': 'XX', 'prdCode': 'NRML', 'prdDp': 'NRML', 'ogt': '--', 'flQty': '80', 'trdSym': 'SENSEX2621285100CE', 'edit': 'false', 'asTyp': 'OPTIDX', 'trgPrc': '0.00', 'avgPrc': '40.00', 'dsQty': '0', 'ordID': '260210000176957', 'sts': 'complete', 'dpInsTyp': '', 'rjRsn': '', 'userID': '80218397', 'dpExpDt': "12 FEB'26", 'ltSz': '20', 'tkSz': '0.05', 'desc': '80 Bought @ &#8377 40.00', 'prc': '40.00', 'exONo': '1770710776038001013', 'exp': '12Feb2026', 'rcvDt': '10/02/2026', 'pdQty': '0', 'userCmnt': 'NA', 'rmk': 'NA', 'boSeqId': '', 'epochTim': '1770717331603384', 'ordTim': '10/02/2026 15:25:31', 'trgId': '', 'dpVal': 'SENSEX', 'ltp': '38.25', 'bsktOrdId': '', 'bsktEpch': '', 'sipNo': 'NA', 'chg': '-35.45', 'chgP': '-48.10', 'lqdRsn': ''}, {'stkPrc': '82000', 'dur': 'EOS', 'vlDt': 'NA', 'rcvTim': '12:28:59', 'rcvEpTim': '10/02/2026 12:28:59', 'sym': '837399_BFO', 'cpName': '', 'exit': 'false', 'syomID': '', 'exc': 'BFO', 'ntQty': '100', 'dpName': 'SENSEX', 'cancel': 'false', 'sipID': 'N', 'nstReqID': '2', 'ordTyp': 'LIMIT', 'opTyp': 'PE', 'trsTyp': 'SELL', 'srs': 'XX', 'prdCode': 'NRML', 'prdDp': 'NRML', 'ogt': '--', 'flQty': '100', 'trdSym': 'SENSEX2621982000PE', 'edit': 'false', 'asTyp': 'OPTIDX', 'trgPrc': '0.00', 'avgPrc': '70.00', 'dsQty': '0', 'ordID': '260210000141615', 'sts': 'complete', 'dpInsTyp': '', 'rjRsn': '', 'userID': '80218397', 'dpExpDt': "19 FEB'26", 'ltSz': '20', 'tkSz': '0.05', 'desc': '100 Sold @ &#8377 70.00', 'prc': '70.00', 'exONo': '1770704187275999081', 'exp': '19Feb2026', 'rcvDt': '10/02/2026', 'pdQty': '0', 'userCmnt': 'NA', 'rmk': 'NA', 'boSeqId': '', 'epochTim': '1770706739001585', 'ordTim': '10/02/2026 12:28:59', 'trgId': '', 'dpVal': 'SENSEX', 'ltp': '65.00', 'bsktOrdId': '', 'bsktEpch': '', 'sipNo': 'NA', 'chg': '-43.30', 'chgP': '-39.98', 'lqdRsn': ''}, {'stkPrc': '82300', 'dur': 'EOS', 'vlDt': 'NA', 'rcvTim': '10:19:18', 'rcvEpTim': '10/02/2026 10:19:18', 'sym': '831432_BFO', 'cpName': '', 'exit': 'false', 'syomID': '', 'exc': 'BFO', 'ntQty': '100', 'dpName': 'SENSEX', 'cancel': 'false', 'sipID': 'N', 'nstReqID': '1', 'ordTyp': 'LIMIT', 'opTyp': 'PE', 'trsTyp': 'BUY', 'srs': 'XX', 'prdCode': 'NRML', 'prdDp': 'NRML', 'ogt': '--', 'flQty': '100', 'trdSym': 'SENSEX2621282300PE', 'edit': 'false', 'asTyp': 'OPTIDX', 'trgPrc': '0.00', 'avgPrc': '30.00', 'dsQty': '0', 'ordID': '260210000084810', 'sts': 'complete', 'dpInsTyp': '', 'rjRsn': '', 'userID': '80218397', 'dpExpDt': "12 FEB'26", 'ltSz': '20', 'tkSz': '0.05', 'desc': '100 Bought @ &#8377 30.00', 'prc': '30.00', 'exONo': '1770698203774604332', 'exp': '12Feb2026', 'rcvDt': '10/02/2026', 'pdQty': '0', 'userCmnt': 'NA', 'rmk': 'NA', 'boSeqId': '', 'epochTim': '1770698958472301', 'ordTim': '10/02/2026 10:19:18', 'trgId': '', 'dpVal': 'SENSEX', 'ltp': '19.95', 'bsktOrdId': '', 'bsktEpch': '', 'sipNo': 'NA', 'chg': '-34.50', 'chgP': '-63.36', 'lqdRsn': ''}]}, 'msgID': '606f1eab-c089-48d3-8b83-655dc35d179f', 'srvTm': 1770726654876}
2026-02-10 18:00:57,012 [DEBUG] APIConnect.http: Request to url: https://nc.nuvamawealth.com/edelmw-comm/comm/orderbook/80218397?rTyp=COMFNO/
2026-02-10 18:01:24,113 [DEBUG] urllib3.connectionpool: https://nc.nuvamawealth.com:443 "GET /edelmw-comm/comm/orderbook/80218397?rTyp=COMFNO/ HTTP/1.1" 504 92
2026-02-10 18:01:24,115 [DEBUG] APIConnect.http: Error response: <html><body><h1>504 Gateway Time-out</h1>
The server didn't respond in time.
</body></html>

2026-02-10 18:01:24,116 [DEBUG] APIConnect.APIConnect: Response for comm: 
2026-02-10 18:02:56,215 [INFO] APIConnect.APIConnect: Logger initiated with default values.
2026-02-10 18:02:56,216 [INFO] constants.router: Router object is being created.
2026-02-10 18:02:56,216 [INFO] APIConnect.http: Http object is being created.
2026-02-10 18:02:56,216 [INFO] APIConnect.login_helper: LoginHelper object is being created.
2026-02-10 18:02:56,216 [INFO] APIConnect.APIConnect: User data file found, loading data.
2026-02-10 18:02:56,450 [INFO] feed.feed: Connection established with subscriber.
2026-02-10 18:02:57,210 [INFO] APIConnect.login_helper: Downloaded instruments.zip
2026-02-10 18:02:57,399 [INFO] APIConnect.login_helper: Downloaded mfInstruments.zip
2026-02-10 18:02:57,623 [INFO] APIConnect.login_helper: Extracted instruments.csv
2026-02-10 18:02:59,487 [INFO] APIConnect.login_helper: Loaded instruments.csv
2026-02-10 18:02:59,538 [INFO] APIConnect.login_helper: Extracted mfInstruments.csv
2026-02-10 18:02:59,667 [INFO] APIConnect.login_helper: Loaded mfInstruments.csv
2026-02-10 18:02:59,777 [INFO] APIConnect.APIConnect: PlaceTrade method is called.
2026-02-10 18:02:59,777 [DEBUG] APIConnect.APIConnect: PlaceTrade method is called with data: {'trdSym': 'SILVERM24FEB', 'exc': 'MCX', 'action': 'BUY', 'dur': 'DAY', 'ordTyp': 'LIMIT', 'qty': '1', 'dscQty': '0', 'sym': 'SILVERM24FEB_MCX', 'mktPro': '', 'lmPrc': '10.0', 'trgPrc': '0', 'prdCode': 'NRML', 'posSqr': 'N', 'minQty': '0', 'ordSrc': 'API', 'vnCode': '', 'rmk': '', 'flQty': '0'}
2026-02-10 18:02:59,779 [DEBUG] urllib3.connectionpool: Starting new HTTPS connection (1): nc.nuvamawealth.com:443
2026-02-10 18:03:26,837 [DEBUG] urllib3.connectionpool: https://nc.nuvamawealth.com:443 "POST /edelmw-comm/comm/trade/placetrade/80218397/ HTTP/1.1" 504 92
2026-02-10 18:03:26,838 [DEBUG] APIConnect.http: Error response: <html><body><h1>504 Gateway Time-out</h1>
The server didn't respond in time.
</body></html>

2026-02-10 18:03:26,838 [DEBUG] APIConnect.APIConnect: Response received for MCX/NCDEX: 
2026-02-10 18:03:52,776 [INFO] APIConnect.APIConnect: Logger initiated with default values.
2026-02-10 18:03:52,776 [INFO] constants.router: Router object is being created.
2026-02-10 18:03:52,776 [INFO] APIConnect.http: Http object is being created.
2026-02-10 18:03:52,777 [INFO] APIConnect.login_helper: LoginHelper object is being created.
2026-02-10 18:03:52,777 [INFO] APIConnect.APIConnect: User data file found, loading data.
2026-02-10 18:03:52,848 [INFO] feed.feed: Connection established with subscriber.
2026-02-10 18:03:53,538 [INFO] APIConnect.login_helper: Downloaded instruments.zip
2026-02-10 18:03:53,631 [INFO] APIConnect.login_helper: Downloaded mfInstruments.zip
2026-02-10 18:03:53,823 [INFO] APIConnect.login_helper: Extracted instruments.csv
2026-02-10 18:03:55,669 [INFO] APIConnect.login_helper: Loaded instruments.csv
2026-02-10 18:03:55,716 [INFO] APIConnect.login_helper: Extracted mfInstruments.csv
2026-02-10 18:03:55,864 [INFO] APIConnect.login_helper: Loaded mfInstruments.csv
2026-02-10 18:03:56,018 [INFO] APIConnect.APIConnect: OrderBook method is called.
2026-02-10 18:03:56,018 [DEBUG] APIConnect.APIConnect: OrderBook method is called for 'COMEQ' account type
2026-02-10 18:03:56,018 [DEBUG] APIConnect.http: Request to url: https://nc.nuvamawealth.com/edelmw-eq/eq/order/book/80218397/v1/
2026-02-10 18:03:56,019 [DEBUG] urllib3.connectionpool: Starting new HTTPS connection (1): nc.nuvamawealth.com:443
2026-02-10 18:03:56,756 [DEBUG] urllib3.connectionpool: https://nc.nuvamawealth.com:443 "GET /edelmw-eq/eq/order/book/80218397/v1/ HTTP/1.1" 200 None
2026-02-10 18:03:56,757 [DEBUG] APIConnect.APIConnect: Response for eq: {'appID': '41da4012486b1acb3578c60f7f4e248a', 'config': {'app': 1, 'exp': 1770681626404, 'info': 4}, 'data': {'type': 'orderBookResponse', 'ord': [{'stkPrc': '85100', 'dur': 'EOS', 'vlDt': 'NA', 'rcvTim': '15:25:31', 'rcvEpTim': '10/02/2026 15:25:31', 'sym': '827285_BFO', 'cpName': '', 'exit': 'false', 'syomID': '', 'exc': 'BFO', 'ntQty': '80', 'dpName': 'SENSEX', 'cancel': 'false', 'sipID': 'N', 'nstReqID': '1', 'ordTyp': 'LIMIT', 'opTyp': 'CE', 'trsTyp': 'BUY', 'srs': 'XX', 'prdCode': 'NRML', 'prdDp': 'NRML', 'ogt': '--', 'flQty': '80', 'trdSym': 'SENSEX2621285100CE', 'edit': 'false', 'asTyp': 'OPTIDX', 'trgPrc': '0.00', 'avgPrc': '40.00', 'dsQty': '0', 'ordID': '260210000176957', 'sts': 'complete', 'dpInsTyp': '', 'rjRsn': '', 'userID': '80218397', 'dpExpDt': "12 FEB'26", 'ltSz': '20', 'tkSz': '0.05', 'desc': '80 Bought @ &#8377 40.00', 'prc': '40.00', 'exONo': '1770710776038001013', 'exp': '12Feb2026', 'rcvDt': '10/02/2026', 'pdQty': '0', 'userCmnt': 'NA', 'rmk': 'NA', 'boSeqId': '', 'epochTim': '1770717331603384', 'ordTim': '10/02/2026 15:25:31', 'trgId': '', 'dpVal': 'SENSEX', 'ltp': '38.25', 'bsktOrdId': '', 'bsktEpch': '', 'sipNo': 'NA', 'chg': '-35.45', 'chgP': '-48.10', 'lqdRsn': ''}, {'stkPrc': '82000', 'dur': 'EOS', 'vlDt': 'NA', 'rcvTim': '12:28:59', 'rcvEpTim': '10/02/2026 12:28:59', 'sym': '837399_BFO', 'cpName': '', 'exit': 'false', 'syomID': '', 'exc': 'BFO', 'ntQty': '100', 'dpName': 'SENSEX', 'cancel': 'false', 'sipID': 'N', 'nstReqID': '2', 'ordTyp': 'LIMIT', 'opTyp': 'PE', 'trsTyp': 'SELL', 'srs': 'XX', 'prdCode': 'NRML', 'prdDp': 'NRML', 'ogt': '--', 'flQty': '100', 'trdSym': 'SENSEX2621982000PE', 'edit': 'false', 'asTyp': 'OPTIDX', 'trgPrc': '0.00', 'avgPrc': '70.00', 'dsQty': '0', 'ordID': '260210000141615', 'sts': 'complete', 'dpInsTyp': '', 'rjRsn': '', 'userID': '80218397', 'dpExpDt': "19 FEB'26", 'ltSz': '20', 'tkSz': '0.05', 'desc': '100 Sold @ &#8377 70.00', 'prc': '70.00', 'exONo': '1770704187275999081', 'exp': '19Feb2026', 'rcvDt': '10/02/2026', 'pdQty': '0', 'userCmnt': 'NA', 'rmk': 'NA', 'boSeqId': '', 'epochTim': '1770706739001585', 'ordTim': '10/02/2026 12:28:59', 'trgId': '', 'dpVal': 'SENSEX', 'ltp': '65.00', 'bsktOrdId': '', 'bsktEpch': '', 'sipNo': 'NA', 'chg': '-43.30', 'chgP': '-39.98', 'lqdRsn': ''}, {'stkPrc': '82300', 'dur': 'EOS', 'vlDt': 'NA', 'rcvTim': '10:19:18', 'rcvEpTim': '10/02/2026 10:19:18', 'sym': '831432_BFO', 'cpName': '', 'exit': 'false', 'syomID': '', 'exc': 'BFO', 'ntQty': '100', 'dpName': 'SENSEX', 'cancel': 'false', 'sipID': 'N', 'nstReqID': '1', 'ordTyp': 'LIMIT', 'opTyp': 'PE', 'trsTyp': 'BUY', 'srs': 'XX', 'prdCode': 'NRML', 'prdDp': 'NRML', 'ogt': '--', 'flQty': '100', 'trdSym': 'SENSEX2621282300PE', 'edit': 'false', 'asTyp': 'OPTIDX', 'trgPrc': '0.00', 'avgPrc': '30.00', 'dsQty': '0', 'ordID': '260210000084810', 'sts': 'complete', 'dpInsTyp': '', 'rjRsn': '', 'userID': '80218397', 'dpExpDt': "12 FEB'26", 'ltSz': '20', 'tkSz': '0.05', 'desc': '100 Bought @ &#8377 30.00', 'prc': '30.00', 'exONo': '1770698203774604332', 'exp': '12Feb2026', 'rcvDt': '10/02/2026', 'pdQty': '0', 'userCmnt': 'NA', 'rmk': 'NA', 'boSeqId': '', 'epochTim': '1770698958472301', 'ordTim': '10/02/2026 10:19:18', 'trgId': '', 'dpVal': 'SENSEX', 'ltp': '19.95', 'bsktOrdId': '', 'bsktEpch': '', 'sipNo': 'NA', 'chg': '-34.50', 'chgP': '-63.36', 'lqdRsn': ''}]}, 'msgID': '8c20c8fc-d495-4f05-8ac6-eee91a28e5ba', 'srvTm': 1770726834549}
2026-02-10 18:03:56,757 [DEBUG] APIConnect.http: Request to url: https://nc.nuvamawealth.com/edelmw-comm/comm/orderbook/80218397?rTyp=COMFNO/
2026-02-10 18:03:57,210 [DEBUG] urllib3.connectionpool: https://nc.nuvamawealth.com:443 "GET /edelmw-comm/comm/orderbook/80218397?rTyp=COMFNO/ HTTP/1.1" 500 221
2026-02-10 18:03:57,210 [DEBUG] APIConnect.http: Error response: {"appID":"41da4012486b1acb3578c60f7f4e248a","config":{},"error":{"actCd":"50","errCd":"EGN0001","errMsg":"Something went wrong please try again later"},"msgID":"bfc22864-c5ae-4124-b7fe-edf144f78656","srvTm":1770726835007}
2026-02-10 18:03:57,211 [DEBUG] APIConnect.APIConnect: Response for comm: 
2026-02-10 18:04:05,676 [INFO] APIConnect.APIConnect: Logger initiated with default values.
2026-02-10 18:04:05,676 [INFO] constants.router: Router object is being created.
2026-02-10 18:04:05,677 [INFO] APIConnect.http: Http object is being created.
2026-02-10 18:04:05,677 [INFO] APIConnect.login_helper: LoginHelper object is being created.
2026-02-10 18:04:05,677 [INFO] APIConnect.APIConnect: User data file found, loading data.
2026-02-10 18:04:05,893 [INFO] feed.feed: Connection established with subscriber.
2026-02-10 18:04:07,922 [INFO] APIConnect.login_helper: Downloaded instruments.zip
2026-02-10 18:04:09,223 [INFO] APIConnect.login_helper: Downloaded mfInstruments.zip
2026-02-10 18:04:09,440 [INFO] APIConnect.login_helper: Extracted instruments.csv
2026-02-10 18:04:11,413 [INFO] APIConnect.login_helper: Loaded instruments.csv
2026-02-10 18:04:11,459 [INFO] APIConnect.login_helper: Extracted mfInstruments.csv
2026-02-10 18:04:11,596 [INFO] APIConnect.login_helper: Loaded mfInstruments.csv
2026-02-10 18:04:11,713 [INFO] APIConnect.APIConnect: OrderBook method is called.
2026-02-10 18:04:11,714 [DEBUG] APIConnect.APIConnect: OrderBook method is called for 'COMEQ' account type
2026-02-10 18:04:11,714 [DEBUG] APIConnect.http: Request to url: https://nc.nuvamawealth.com/edelmw-eq/eq/order/book/80218397/v1/
2026-02-10 18:04:11,716 [DEBUG] urllib3.connectionpool: Starting new HTTPS connection (1): nc.nuvamawealth.com:443
2026-02-10 18:04:12,216 [DEBUG] urllib3.connectionpool: https://nc.nuvamawealth.com:443 "GET /edelmw-eq/eq/order/book/80218397/v1/ HTTP/1.1" 200 None
2026-02-10 18:04:12,217 [DEBUG] APIConnect.APIConnect: Response for eq: {'appID': '41da4012486b1acb3578c60f7f4e248a', 'config': {'app': 1, 'exp': 1770681626404, 'info': 4}, 'data': {'type': 'orderBookResponse', 'ord': [{'stkPrc': '85100', 'dur': 'EOS', 'vlDt': 'NA', 'rcvTim': '15:25:31', 'rcvEpTim': '10/02/2026 15:25:31', 'sym': '827285_BFO', 'cpName': '', 'exit': 'false', 'syomID': '', 'exc': 'BFO', 'ntQty': '80', 'dpName': 'SENSEX', 'cancel': 'false', 'sipID': 'N', 'nstReqID': '1', 'ordTyp': 'LIMIT', 'opTyp': 'CE', 'trsTyp': 'BUY', 'srs': 'XX', 'prdCode': 'NRML', 'prdDp': 'NRML', 'ogt': '--', 'flQty': '80', 'trdSym': 'SENSEX2621285100CE', 'edit': 'false', 'asTyp': 'OPTIDX', 'trgPrc': '0.00', 'avgPrc': '40.00', 'dsQty': '0', 'ordID': '260210000176957', 'sts': 'complete', 'dpInsTyp': '', 'rjRsn': '', 'userID': '80218397', 'dpExpDt': "12 FEB'26", 'ltSz': '20', 'tkSz': '0.05', 'desc': '80 Bought @ &#8377 40.00', 'prc': '40.00', 'exONo': '1770710776038001013', 'exp': '12Feb2026', 'rcvDt': '10/02/2026', 'pdQty': '0', 'userCmnt': 'NA', 'rmk': 'NA', 'boSeqId': '', 'epochTim': '1770717331603384', 'ordTim': '10/02/2026 15:25:31', 'trgId': '', 'dpVal': 'SENSEX', 'ltp': '38.25', 'bsktOrdId': '', 'bsktEpch': '', 'sipNo': 'NA', 'chg': '-35.45', 'chgP': '-48.10', 'lqdRsn': ''}, {'stkPrc': '82000', 'dur': 'EOS', 'vlDt': 'NA', 'rcvTim': '12:28:59', 'rcvEpTim': '10/02/2026 12:28:59', 'sym': '837399_BFO', 'cpName': '', 'exit': 'false', 'syomID': '', 'exc': 'BFO', 'ntQty': '100', 'dpName': 'SENSEX', 'cancel': 'false', 'sipID': 'N', 'nstReqID': '2', 'ordTyp': 'LIMIT', 'opTyp': 'PE', 'trsTyp': 'SELL', 'srs': 'XX', 'prdCode': 'NRML', 'prdDp': 'NRML', 'ogt': '--', 'flQty': '100', 'trdSym': 'SENSEX2621982000PE', 'edit': 'false', 'asTyp': 'OPTIDX', 'trgPrc': '0.00', 'avgPrc': '70.00', 'dsQty': '0', 'ordID': '260210000141615', 'sts': 'complete', 'dpInsTyp': '', 'rjRsn': '', 'userID': '80218397', 'dpExpDt': "19 FEB'26", 'ltSz': '20', 'tkSz': '0.05', 'desc': '100 Sold @ &#8377 70.00', 'prc': '70.00', 'exONo': '1770704187275999081', 'exp': '19Feb2026', 'rcvDt': '10/02/2026', 'pdQty': '0', 'userCmnt': 'NA', 'rmk': 'NA', 'boSeqId': '', 'epochTim': '1770706739001585', 'ordTim': '10/02/2026 12:28:59', 'trgId': '', 'dpVal': 'SENSEX', 'ltp': '65.00', 'bsktOrdId': '', 'bsktEpch': '', 'sipNo': 'NA', 'chg': '-43.30', 'chgP': '-39.98', 'lqdRsn': ''}, {'stkPrc': '82300', 'dur': 'EOS', 'vlDt': 'NA', 'rcvTim': '10:19:18', 'rcvEpTim': '10/02/2026 10:19:18', 'sym': '831432_BFO', 'cpName': '', 'exit': 'false', 'syomID': '', 'exc': 'BFO', 'ntQty': '100', 'dpName': 'SENSEX', 'cancel': 'false', 'sipID': 'N', 'nstReqID': '1', 'ordTyp': 'LIMIT', 'opTyp': 'PE', 'trsTyp': 'BUY', 'srs': 'XX', 'prdCode': 'NRML', 'prdDp': 'NRML', 'ogt': '--', 'flQty': '100', 'trdSym': 'SENSEX2621282300PE', 'edit': 'false', 'asTyp': 'OPTIDX', 'trgPrc': '0.00', 'avgPrc': '30.00', 'dsQty': '0', 'ordID': '260210000084810', 'sts': 'complete', 'dpInsTyp': '', 'rjRsn': '', 'userID': '80218397', 'dpExpDt': "12 FEB'26", 'ltSz': '20', 'tkSz': '0.05', 'desc': '100 Bought @ &#8377 30.00', 'prc': '30.00', 'exONo': '1770698203774604332', 'exp': '12Feb2026', 'rcvDt': '10/02/2026', 'pdQty': '0', 'userCmnt': 'NA', 'rmk': 'NA', 'boSeqId': '', 'epochTim': '1770698958472301', 'ordTim': '10/02/2026 10:19:18', 'trgId': '', 'dpVal': 'SENSEX', 'ltp': '19.95', 'bsktOrdId': '', 'bsktEpch': '', 'sipNo': 'NA', 'chg': '-34.50', 'chgP': '-63.36', 'lqdRsn': ''}]}, 'msgID': '6752b7a4-0321-4675-b253-799e1795b242', 'srvTm': 1770726850025}
2026-02-10 18:04:12,217 [DEBUG] APIConnect.http: Request to url: https://nc.nuvamawealth.com/edelmw-comm/comm/orderbook/80218397?rTyp=COMFNO/
2026-02-10 18:04:39,439 [DEBUG] urllib3.connectionpool: https://nc.nuvamawealth.com:443 "GET /edelmw-comm/comm/orderbook/80218397?rTyp=COMFNO/ HTTP/1.1" 504 92
2026-02-10 18:04:39,440 [DEBUG] APIConnect.http: Error response: <html><body><h1>504 Gateway Time-out</h1>
The server didn't respond in time.
</body></html>

2026-02-10 18:04:39,441 [DEBUG] APIConnect.APIConnect: Response for comm: 
2026-02-10 18:26:13,900 [INFO] APIConnect.APIConnect: Logger initiated with default values.
2026-02-10 18:26:13,900 [INFO] constants.router: Router object is being created.
2026-02-10 18:26:13,900 [INFO] APIConnect.http: Http object is being created.
2026-02-10 18:26:13,901 [INFO] APIConnect.login_helper: LoginHelper object is being created.
2026-02-10 18:26:13,901 [INFO] APIConnect.APIConnect: User data file found, loading data.
2026-02-10 18:26:14,084 [INFO] feed.feed: Connection established with subscriber.
2026-02-10 18:26:14,693 [INFO] APIConnect.login_helper: Downloaded instruments.zip
2026-02-10 18:26:14,790 [INFO] APIConnect.login_helper: Downloaded mfInstruments.zip
2026-02-10 18:26:15,009 [INFO] APIConnect.login_helper: Extracted instruments.csv
2026-02-10 18:26:16,735 [INFO] APIConnect.login_helper: Loaded instruments.csv
2026-02-10 18:26:16,778 [INFO] APIConnect.login_helper: Extracted mfInstruments.csv
2026-02-10 18:26:16,885 [INFO] APIConnect.login_helper: Loaded mfInstruments.csv
2026-02-10 18:26:17,012 [INFO] APIConnect.APIConnect: PlaceTrade method is called.
2026-02-10 18:26:17,012 [DEBUG] APIConnect.APIConnect: PlaceTrade method is called with data: {'trdSym': 'SILVERM24FEB', 'exc': 'MCX', 'action': 'BUY', 'dur': 'DAY', 'ordTyp': 'LIMIT', 'qty': '1', 'dscQty': '0', 'sym': 'SILVERM24FEB_MCX', 'mktPro': '', 'lmPrc': '60000.0', 'trgPrc': '0', 'prdCode': 'NRML', 'posSqr': 'N', 'minQty': '0', 'ordSrc': 'API', 'vnCode': '', 'rmk': '', 'flQty': '0'}
2026-02-10 18:26:17,015 [DEBUG] urllib3.connectionpool: Starting new HTTPS connection (1): nc.nuvamawealth.com:443
2026-02-10 18:26:44,103 [DEBUG] urllib3.connectionpool: https://nc.nuvamawealth.com:443 "POST /edelmw-comm/comm/trade/placetrade/80218397/ HTTP/1.1" 504 92
2026-02-10 18:26:44,103 [DEBUG] APIConnect.http: Error response: <html><body><h1>504 Gateway Time-out</h1>
The server didn't respond in time.
</body></html>

2026-02-10 18:26:44,104 [DEBUG] APIConnect.APIConnect: Response received for MCX/NCDEX: 
2026-02-10 18:27:16,801 [INFO] APIConnect.APIConnect: Logger initiated with default values.
2026-02-10 18:27:16,801 [INFO] constants.router: Router object is being created.
2026-02-10 18:27:16,801 [INFO] APIConnect.http: Http object is being created.
2026-02-10 18:27:16,802 [INFO] APIConnect.login_helper: LoginHelper object is being created.
2026-02-10 18:27:16,802 [INFO] APIConnect.APIConnect: User data file found, loading data.
2026-02-10 18:27:16,966 [INFO] feed.feed: Connection established with subscriber.
2026-02-10 18:27:18,326 [INFO] APIConnect.login_helper: Downloaded instruments.zip
2026-02-10 18:27:18,514 [INFO] APIConnect.login_helper: Downloaded mfInstruments.zip
2026-02-10 18:27:18,721 [INFO] APIConnect.login_helper: Extracted instruments.csv
2026-02-10 18:27:20,500 [INFO] APIConnect.login_helper: Loaded instruments.csv
2026-02-10 18:27:20,550 [INFO] APIConnect.login_helper: Extracted mfInstruments.csv
2026-02-10 18:27:20,714 [INFO] APIConnect.login_helper: Loaded mfInstruments.csv
2026-02-10 18:27:20,866 [INFO] APIConnect.APIConnect: OrderBook method is called.
2026-02-10 18:27:20,866 [DEBUG] APIConnect.APIConnect: OrderBook method is called for 'COMEQ' account type
2026-02-10 18:27:20,866 [DEBUG] APIConnect.http: Request to url: https://nc.nuvamawealth.com/edelmw-eq/eq/order/book/80218397/v1/
2026-02-10 18:27:20,868 [DEBUG] urllib3.connectionpool: Starting new HTTPS connection (1): nc.nuvamawealth.com:443
2026-02-10 18:27:20,969 [DEBUG] urllib3.connectionpool: https://nc.nuvamawealth.com:443 "GET /edelmw-eq/eq/order/book/80218397/v1/ HTTP/1.1" 200 None
2026-02-10 18:27:20,969 [DEBUG] APIConnect.APIConnect: Response for eq: {'appID': '41da4012486b1acb3578c60f7f4e248a', 'config': {'app': 1, 'exp': 1770681626404, 'info': 4}, 'data': {'type': 'orderBookResponse', 'ord': [{'stkPrc': '85100', 'dur': 'EOS', 'vlDt': 'NA', 'rcvTim': '15:25:31', 'rcvEpTim': '10/02/2026 15:25:31', 'sym': '827285_BFO', 'cpName': '', 'exit': 'false', 'syomID': '', 'exc': 'BFO', 'ntQty': '80', 'dpName': 'SENSEX', 'cancel': 'false', 'sipID': 'N', 'nstReqID': '1', 'ordTyp': 'LIMIT', 'opTyp': 'CE', 'trsTyp': 'BUY', 'srs': 'XX', 'prdCode': 'NRML', 'prdDp': 'NRML', 'ogt': '--', 'flQty': '80', 'trdSym': 'SENSEX2621285100CE', 'edit': 'false', 'asTyp': 'OPTIDX', 'trgPrc': '0.00', 'avgPrc': '40.00', 'dsQty': '0', 'ordID': '260210000176957', 'sts': 'complete', 'dpInsTyp': '', 'rjRsn': '', 'userID': '80218397', 'dpExpDt': "12 FEB'26", 'ltSz': '20', 'tkSz': '0.05', 'desc': '80 Bought @ &#8377 40.00', 'prc': '40.00', 'exONo': '1770710776038001013', 'exp': '12Feb2026', 'rcvDt': '10/02/2026', 'pdQty': '0', 'userCmnt': 'NA', 'rmk': 'NA', 'boSeqId': '', 'epochTim': '1770717331603384', 'ordTim': '10/02/2026 15:25:31', 'trgId': '', 'dpVal': 'SENSEX', 'ltp': '38.25', 'bsktOrdId': '', 'bsktEpch': '', 'sipNo': 'NA', 'chg': '-35.45', 'chgP': '-48.10', 'lqdRsn': ''}, {'stkPrc': '82000', 'dur': 'EOS', 'vlDt': 'NA', 'rcvTim': '12:28:59', 'rcvEpTim': '10/02/2026 12:28:59', 'sym': '837399_BFO', 'cpName': '', 'exit': 'false', 'syomID': '', 'exc': 'BFO', 'ntQty': '100', 'dpName': 'SENSEX', 'cancel': 'false', 'sipID': 'N', 'nstReqID': '2', 'ordTyp': 'LIMIT', 'opTyp': 'PE', 'trsTyp': 'SELL', 'srs': 'XX', 'prdCode': 'NRML', 'prdDp': 'NRML', 'ogt': '--', 'flQty': '100', 'trdSym': 'SENSEX2621982000PE', 'edit': 'false', 'asTyp': 'OPTIDX', 'trgPrc': '0.00', 'avgPrc': '70.00', 'dsQty': '0', 'ordID': '260210000141615', 'sts': 'complete', 'dpInsTyp': '', 'rjRsn': '', 'userID': '80218397', 'dpExpDt': "19 FEB'26", 'ltSz': '20', 'tkSz': '0.05', 'desc': '100 Sold @ &#8377 70.00', 'prc': '70.00', 'exONo': '1770704187275999081', 'exp': '19Feb2026', 'rcvDt': '10/02/2026', 'pdQty': '0', 'userCmnt': 'NA', 'rmk': 'NA', 'boSeqId': '', 'epochTim': '1770706739001585', 'ordTim': '10/02/2026 12:28:59', 'trgId': '', 'dpVal': 'SENSEX', 'ltp': '65.00', 'bsktOrdId': '', 'bsktEpch': '', 'sipNo': 'NA', 'chg': '-43.30', 'chgP': '-39.98', 'lqdRsn': ''}, {'stkPrc': '82300', 'dur': 'EOS', 'vlDt': 'NA', 'rcvTim': '10:19:18', 'rcvEpTim': '10/02/2026 10:19:18', 'sym': '831432_BFO', 'cpName': '', 'exit': 'false', 'syomID': '', 'exc': 'BFO', 'ntQty': '100', 'dpName': 'SENSEX', 'cancel': 'false', 'sipID': 'N', 'nstReqID': '1', 'ordTyp': 'LIMIT', 'opTyp': 'PE', 'trsTyp': 'BUY', 'srs': 'XX', 'prdCode': 'NRML', 'prdDp': 'NRML', 'ogt': '--', 'flQty': '100', 'trdSym': 'SENSEX2621282300PE', 'edit': 'false', 'asTyp': 'OPTIDX', 'trgPrc': '0.00', 'avgPrc': '30.00', 'dsQty': '0', 'ordID': '260210000084810', 'sts': 'complete', 'dpInsTyp': '', 'rjRsn': '', 'userID': '80218397', 'dpExpDt': "12 FEB'26", 'ltSz': '20', 'tkSz': '0.05', 'desc': '100 Bought @ &#8377 30.00', 'prc': '30.00', 'exONo': '1770698203774604332', 'exp': '12Feb2026', 'rcvDt': '10/02/2026', 'pdQty': '0', 'userCmnt': 'NA', 'rmk': 'NA', 'boSeqId': '', 'epochTim': '1770698958472301', 'ordTim': '10/02/2026 10:19:18', 'trgId': '', 'dpVal': 'SENSEX', 'ltp': '19.95', 'bsktOrdId': '', 'bsktEpch': '', 'sipNo': 'NA', 'chg': '-34.50', 'chgP': '-63.36', 'lqdRsn': ''}]}, 'msgID': '5c02587e-dcfb-4ada-b9e2-dc7fbc44703d', 'srvTm': 1770728238799}
2026-02-10 18:27:20,969 [DEBUG] APIConnect.http: Request to url: https://nc.nuvamawealth.com/edelmw-comm/comm/orderbook/80218397?rTyp=COMFNO/
2026-02-10 18:27:48,016 [DEBUG] urllib3.connectionpool: https://nc.nuvamawealth.com:443 "GET /edelmw-comm/comm/orderbook/80218397?rTyp=COMFNO/ HTTP/1.1" 504 92
2026-02-10 18:27:48,018 [DEBUG] APIConnect.http: Error response: <html><body><h1>504 Gateway Time-out</h1>
The server didn't respond in time.
</body></html>

2026-02-10 18:27:48,019 [DEBUG] APIConnect.APIConnect: Response for comm: 
2026-02-10 18:29:08,893 [INFO] APIConnect.APIConnect: Logger initiated with default values.
2026-02-10 18:29:08,893 [INFO] constants.router: Router object is being created.
2026-02-10 18:29:08,893 [INFO] APIConnect.http: Http object is being created.
2026-02-10 18:29:08,894 [INFO] APIConnect.login_helper: LoginHelper object is being created.
2026-02-10 18:29:08,894 [INFO] APIConnect.APIConnect: User data file found, loading data.
2026-02-10 18:29:09,064 [INFO] feed.feed: Connection established with subscriber.
2026-02-10 18:29:10,046 [INFO] APIConnect.login_helper: Downloaded instruments.zip
2026-02-10 18:29:10,159 [INFO] APIConnect.login_helper: Downloaded mfInstruments.zip
2026-02-10 18:29:10,362 [INFO] APIConnect.login_helper: Extracted instruments.csv
2026-02-10 18:29:11,979 [INFO] APIConnect.login_helper: Loaded instruments.csv
2026-02-10 18:29:12,020 [INFO] APIConnect.login_helper: Extracted mfInstruments.csv
2026-02-10 18:29:12,134 [INFO] APIConnect.login_helper: Loaded mfInstruments.csv
2026-02-10 18:29:12,273 [INFO] APIConnect.APIConnect: PlaceTrade method is called.
2026-02-10 18:29:12,273 [DEBUG] APIConnect.APIConnect: PlaceTrade method is called with data: {'trdSym': 'SILVERM24FEB', 'exc': 'MCX', 'action': 'BUY', 'dur': 'DAY', 'ordTyp': 'LIMIT', 'qty': '1', 'dscQty': '0', 'sym': 'SILVERM24MAR', 'mktPro': '', 'lmPrc': '30000.0', 'trgPrc': '0', 'prdCode': 'NRML', 'posSqr': 'N', 'minQty': '0', 'ordSrc': 'API', 'vnCode': '', 'rmk': '', 'flQty': '0'}
2026-02-10 18:29:12,275 [DEBUG] urllib3.connectionpool: Starting new HTTPS connection (1): nc.nuvamawealth.com:443
2026-02-10 18:29:12,467 [DEBUG] urllib3.connectionpool: https://nc.nuvamawealth.com:443 "POST /edelmw-comm/comm/trade/placetrade/80218397/ HTTP/1.1" 500 221
2026-02-10 18:29:12,467 [DEBUG] APIConnect.http: Error response: {"appID":"41da4012486b1acb3578c60f7f4e248a","config":{},"error":{"actCd":"50","errCd":"EGN0001","errMsg":"Something went wrong please try again later"},"msgID":"c930acca-eb76-439c-9161-d95cca8d6727","srvTm":1770728350236}
2026-02-10 18:29:12,467 [DEBUG] APIConnect.APIConnect: Response received for MCX/NCDEX: 
2026-02-10 18:29:41,944 [INFO] APIConnect.APIConnect: Logger initiated with default values.
2026-02-10 18:29:41,945 [INFO] constants.router: Router object is being created.
2026-02-10 18:29:41,945 [INFO] APIConnect.http: Http object is being created.
2026-02-10 18:29:41,945 [INFO] APIConnect.login_helper: LoginHelper object is being created.
2026-02-10 18:29:41,946 [INFO] APIConnect.APIConnect: User data file found, loading data.
2026-02-10 18:29:42,011 [INFO] feed.feed: Connection established with subscriber.
2026-02-10 18:29:42,900 [INFO] APIConnect.login_helper: Downloaded instruments.zip
2026-02-10 18:29:43,093 [INFO] APIConnect.login_helper: Downloaded mfInstruments.zip
2026-02-10 18:29:43,332 [INFO] APIConnect.login_helper: Extracted instruments.csv
2026-02-10 18:29:45,085 [INFO] APIConnect.login_helper: Loaded instruments.csv
2026-02-10 18:29:45,144 [INFO] APIConnect.login_helper: Extracted mfInstruments.csv
2026-02-10 18:29:45,262 [INFO] APIConnect.login_helper: Loaded mfInstruments.csv
2026-02-10 18:29:45,375 [INFO] APIConnect.APIConnect: PlaceTrade method is called.
2026-02-10 18:29:45,375 [DEBUG] APIConnect.APIConnect: PlaceTrade method is called with data: {'trdSym': 'SILVERM24MAR', 'exc': 'MCX', 'action': 'BUY', 'dur': 'DAY', 'ordTyp': 'LIMIT', 'qty': '1', 'dscQty': '0', 'sym': 'SILVERM24MAR_MCX', 'mktPro': '', 'lmPrc': '30000.0', 'trgPrc': '0', 'prdCode': 'NRML', 'posSqr': 'N', 'minQty': '0', 'ordSrc': 'API', 'vnCode': '', 'rmk': '', 'flQty': '0'}
2026-02-10 18:29:45,377 [DEBUG] urllib3.connectionpool: Starting new HTTPS connection (1): nc.nuvamawealth.com:443
2026-02-10 18:29:45,853 [DEBUG] urllib3.connectionpool: https://nc.nuvamawealth.com:443 "POST /edelmw-comm/comm/trade/placetrade/80218397/ HTTP/1.1" 500 221
2026-02-10 18:29:45,854 [DEBUG] APIConnect.http: Error response: {"appID":"41da4012486b1acb3578c60f7f4e248a","config":{},"error":{"actCd":"50","errCd":"EGN0001","errMsg":"Something went wrong please try again later"},"msgID":"e76b5a98-89a6-45dd-bf96-009a54df52d1","srvTm":1770728383569}
2026-02-10 18:29:45,854 [DEBUG] APIConnect.APIConnect: Response received for MCX/NCDEX: 
2026-02-10 18:32:58,909 [INFO] APIConnect.APIConnect: Logger initiated with default values.
2026-02-10 18:32:58,909 [INFO] constants.router: Router object is being created.
2026-02-10 18:32:58,910 [INFO] APIConnect.http: Http object is being created.
2026-02-10 18:32:58,910 [INFO] APIConnect.login_helper: LoginHelper object is being created.
2026-02-10 18:32:58,910 [INFO] APIConnect.APIConnect: User data file found, loading data.
2026-02-10 18:32:59,267 [INFO] feed.feed: Connection established with subscriber.
2026-02-10 18:32:59,615 [INFO] APIConnect.login_helper: Downloaded instruments.zip
2026-02-10 18:32:59,841 [INFO] APIConnect.login_helper: Downloaded mfInstruments.zip
2026-02-10 18:33:00,110 [INFO] APIConnect.login_helper: Extracted instruments.csv
2026-02-10 18:33:01,398 [INFO] APIConnect.login_helper: Loaded instruments.csv
2026-02-10 18:33:01,440 [INFO] APIConnect.login_helper: Extracted mfInstruments.csv
2026-02-10 18:33:01,534 [INFO] APIConnect.login_helper: Loaded mfInstruments.csv
2026-02-10 18:33:01,624 [INFO] APIConnect.APIConnect: PlaceTrade method is called.
2026-02-10 18:33:01,624 [DEBUG] APIConnect.APIConnect: PlaceTrade method is called with data: {'trdSym': 'SILVERM26FEB', 'exc': 'MCX', 'action': 'BUY', 'dur': 'DAY', 'ordTyp': 'LIMIT', 'qty': '1', 'dscQty': '0', 'sym': 'SILVERM26FEB_MCX', 'mktPro': '', 'lmPrc': '30000.0', 'trgPrc': '0', 'prdCode': 'NRML', 'posSqr': 'N', 'minQty': '0', 'ordSrc': 'API', 'vnCode': '', 'rmk': '', 'flQty': '0'}
2026-02-10 18:33:01,626 [DEBUG] urllib3.connectionpool: Starting new HTTPS connection (1): nc.nuvamawealth.com:443
2026-02-10 18:33:28,690 [DEBUG] urllib3.connectionpool: https://nc.nuvamawealth.com:443 "POST /edelmw-comm/comm/trade/placetrade/80218397/ HTTP/1.1" 504 92
2026-02-10 18:33:28,690 [DEBUG] APIConnect.http: Error response: <html><body><h1>504 Gateway Time-out</h1>
The server didn't respond in time.
</body></html>

2026-02-10 18:33:28,691 [DEBUG] APIConnect.APIConnect: Response received for MCX/NCDEX: 
2026-02-10 18:33:38,460 [INFO] APIConnect.APIConnect: Logger initiated with default values.
2026-02-10 18:33:38,461 [INFO] constants.router: Router object is being created.
2026-02-10 18:33:38,461 [INFO] APIConnect.http: Http object is being created.
2026-02-10 18:33:38,461 [INFO] APIConnect.login_helper: LoginHelper object is being created.
2026-02-10 18:33:38,461 [INFO] APIConnect.APIConnect: User data file found, loading data.
2026-02-10 18:33:38,507 [INFO] feed.feed: Connection established with subscriber.
2026-02-10 18:33:39,453 [INFO] APIConnect.login_helper: Downloaded instruments.zip
2026-02-10 18:33:39,552 [INFO] APIConnect.login_helper: Downloaded mfInstruments.zip
2026-02-10 18:33:39,777 [INFO] APIConnect.login_helper: Extracted instruments.csv
2026-02-10 18:33:41,414 [INFO] APIConnect.login_helper: Loaded instruments.csv
2026-02-10 18:33:41,461 [INFO] APIConnect.login_helper: Extracted mfInstruments.csv
2026-02-10 18:33:41,630 [INFO] APIConnect.login_helper: Loaded mfInstruments.csv
2026-02-10 18:33:41,733 [INFO] APIConnect.APIConnect: OrderBook method is called.
2026-02-10 18:33:41,733 [DEBUG] APIConnect.APIConnect: OrderBook method is called for 'COMEQ' account type
2026-02-10 18:33:41,733 [DEBUG] APIConnect.http: Request to url: https://nc.nuvamawealth.com/edelmw-eq/eq/order/book/80218397/v1/
2026-02-10 18:33:41,735 [DEBUG] urllib3.connectionpool: Starting new HTTPS connection (1): nc.nuvamawealth.com:443
2026-02-10 18:33:41,881 [DEBUG] urllib3.connectionpool: https://nc.nuvamawealth.com:443 "GET /edelmw-eq/eq/order/book/80218397/v1/ HTTP/1.1" 200 None
2026-02-10 18:33:41,882 [DEBUG] APIConnect.APIConnect: Response for eq: {'appID': '41da4012486b1acb3578c60f7f4e248a', 'config': {'app': 1, 'exp': 1770681626404, 'info': 4}, 'data': {'type': 'orderBookResponse', 'ord': [{'stkPrc': '85100', 'dur': 'EOS', 'vlDt': 'NA', 'rcvTim': '15:25:31', 'rcvEpTim': '10/02/2026 15:25:31', 'sym': '827285_BFO', 'cpName': '', 'exit': 'false', 'syomID': '', 'exc': 'BFO', 'ntQty': '80', 'dpName': 'SENSEX', 'cancel': 'false', 'sipID': 'N', 'nstReqID': '1', 'ordTyp': 'LIMIT', 'opTyp': 'CE', 'trsTyp': 'BUY', 'srs': 'XX', 'prdCode': 'NRML', 'prdDp': 'NRML', 'ogt': '--', 'flQty': '80', 'trdSym': 'SENSEX2621285100CE', 'edit': 'false', 'asTyp': 'OPTIDX', 'trgPrc': '0.00', 'avgPrc': '40.00', 'dsQty': '0', 'ordID': '260210000176957', 'sts': 'complete', 'dpInsTyp': '', 'rjRsn': '', 'userID': '80218397', 'dpExpDt': "12 FEB'26", 'ltSz': '20', 'tkSz': '0.05', 'desc': '80 Bought @ &#8377 40.00', 'prc': '40.00', 'exONo': '1770710776038001013', 'exp': '12Feb2026', 'rcvDt': '10/02/2026', 'pdQty': '0', 'userCmnt': 'NA', 'rmk': 'NA', 'boSeqId': '', 'epochTim': '1770717331603384', 'ordTim': '10/02/2026 15:25:31', 'trgId': '', 'dpVal': 'SENSEX', 'ltp': '38.25', 'bsktOrdId': '', 'bsktEpch': '', 'sipNo': 'NA', 'chg': '-35.45', 'chgP': '-48.10', 'lqdRsn': ''}, {'stkPrc': '82000', 'dur': 'EOS', 'vlDt': 'NA', 'rcvTim': '12:28:59', 'rcvEpTim': '10/02/2026 12:28:59', 'sym': '837399_BFO', 'cpName': '', 'exit': 'false', 'syomID': '', 'exc': 'BFO', 'ntQty': '100', 'dpName': 'SENSEX', 'cancel': 'false', 'sipID': 'N', 'nstReqID': '2', 'ordTyp': 'LIMIT', 'opTyp': 'PE', 'trsTyp': 'SELL', 'srs': 'XX', 'prdCode': 'NRML', 'prdDp': 'NRML', 'ogt': '--', 'flQty': '100', 'trdSym': 'SENSEX2621982000PE', 'edit': 'false', 'asTyp': 'OPTIDX', 'trgPrc': '0.00', 'avgPrc': '70.00', 'dsQty': '0', 'ordID': '260210000141615', 'sts': 'complete', 'dpInsTyp': '', 'rjRsn': '', 'userID': '80218397', 'dpExpDt': "19 FEB'26", 'ltSz': '20', 'tkSz': '0.05', 'desc': '100 Sold @ &#8377 70.00', 'prc': '70.00', 'exONo': '1770704187275999081', 'exp': '19Feb2026', 'rcvDt': '10/02/2026', 'pdQty': '0', 'userCmnt': 'NA', 'rmk': 'NA', 'boSeqId': '', 'epochTim': '1770706739001585', 'ordTim': '10/02/2026 12:28:59', 'trgId': '', 'dpVal': 'SENSEX', 'ltp': '65.00', 'bsktOrdId': '', 'bsktEpch': '', 'sipNo': 'NA', 'chg': '-43.30', 'chgP': '-39.98', 'lqdRsn': ''}, {'stkPrc': '82300', 'dur': 'EOS', 'vlDt': 'NA', 'rcvTim': '10:19:18', 'rcvEpTim': '10/02/2026 10:19:18', 'sym': '831432_BFO', 'cpName': '', 'exit': 'false', 'syomID': '', 'exc': 'BFO', 'ntQty': '100', 'dpName': 'SENSEX', 'cancel': 'false', 'sipID': 'N', 'nstReqID': '1', 'ordTyp': 'LIMIT', 'opTyp': 'PE', 'trsTyp': 'BUY', 'srs': 'XX', 'prdCode': 'NRML', 'prdDp': 'NRML', 'ogt': '--', 'flQty': '100', 'trdSym': 'SENSEX2621282300PE', 'edit': 'false', 'asTyp': 'OPTIDX', 'trgPrc': '0.00', 'avgPrc': '30.00', 'dsQty': '0', 'ordID': '260210000084810', 'sts': 'complete', 'dpInsTyp': '', 'rjRsn': '', 'userID': '80218397', 'dpExpDt': "12 FEB'26", 'ltSz': '20', 'tkSz': '0.05', 'desc': '100 Bought @ &#8377 30.00', 'prc': '30.00', 'exONo': '1770698203774604332', 'exp': '12Feb2026', 'rcvDt': '10/02/2026', 'pdQty': '0', 'userCmnt': 'NA', 'rmk': 'NA', 'boSeqId': '', 'epochTim': '1770698958472301', 'ordTim': '10/02/2026 10:19:18', 'trgId': '', 'dpVal': 'SENSEX', 'ltp': '19.95', 'bsktOrdId': '', 'bsktEpch': '', 'sipNo': 'NA', 'chg': '-34.50', 'chgP': '-63.36', 'lqdRsn': ''}]}, 'msgID': 'c19c12a7-8c68-495a-bb39-2c90337f84c4', 'srvTm': 1770728619688}
2026-02-10 18:33:41,883 [DEBUG] APIConnect.http: Request to url: https://nc.nuvamawealth.com/edelmw-comm/comm/orderbook/80218397?rTyp=COMFNO/
2026-02-10 18:33:41,971 [DEBUG] urllib3.connectionpool: https://nc.nuvamawealth.com:443 "GET /edelmw-comm/comm/orderbook/80218397?rTyp=COMFNO/ HTTP/1.1" 500 221
2026-02-10 18:33:41,972 [DEBUG] APIConnect.http: Error response: {"appID":"41da4012486b1acb3578c60f7f4e248a","config":{},"error":{"actCd":"50","errCd":"EGN0001","errMsg":"Something went wrong please try again later"},"msgID":"fe8ccdda-13a9-4382-9532-14edb8cb8aa8","srvTm":1770728619779}
2026-02-10 18:33:41,972 [DEBUG] APIConnect.APIConnect: Response for comm: 
2026-02-10 20:51:18,445 [INFO] APIConnect.APIConnect: Logger initiated with default values.
2026-02-10 20:51:18,446 [INFO] constants.router: Router object is being created.
2026-02-10 20:51:18,446 [INFO] APIConnect.http: Http object is being created.
2026-02-10 20:51:18,446 [INFO] APIConnect.login_helper: LoginHelper object is being created.
2026-02-10 20:51:18,446 [INFO] APIConnect.APIConnect: User data file found, loading data.
2026-02-10 20:51:18,685 [INFO] feed.feed: Connection established with subscriber.
2026-02-10 20:51:19,203 [INFO] APIConnect.login_helper: Downloaded instruments.zip
2026-02-10 20:51:19,409 [INFO] APIConnect.login_helper: Downloaded mfInstruments.zip
2026-02-10 20:51:19,557 [INFO] APIConnect.login_helper: Extracted instruments.csv
2026-02-10 20:51:20,391 [INFO] APIConnect.login_helper: Loaded instruments.csv
2026-02-10 20:51:20,398 [INFO] APIConnect.login_helper: Extracted mfInstruments.csv
2026-02-10 20:51:20,466 [INFO] APIConnect.login_helper: Loaded mfInstruments.csv
2026-02-10 20:51:39,633 [INFO] APIConnect.APIConnect: Logger initiated with default values.
2026-02-10 20:51:39,633 [INFO] constants.router: Router object is being created.
2026-02-10 20:51:39,633 [INFO] APIConnect.http: Http object is being created.
2026-02-10 20:51:39,633 [INFO] APIConnect.login_helper: LoginHelper object is being created.
2026-02-10 20:51:39,634 [INFO] APIConnect.APIConnect: User data file found, loading data.
2026-02-10 20:51:39,696 [INFO] feed.feed: Connection established with subscriber.
2026-02-10 20:51:40,616 [INFO] APIConnect.login_helper: Downloaded instruments.zip
2026-02-10 20:51:40,830 [INFO] APIConnect.login_helper: Downloaded mfInstruments.zip
2026-02-10 20:51:41,132 [INFO] APIConnect.login_helper: Extracted instruments.csv
2026-02-10 20:51:43,269 [INFO] APIConnect.login_helper: Loaded instruments.csv
2026-02-10 20:51:43,312 [INFO] APIConnect.login_helper: Extracted mfInstruments.csv
2026-02-10 20:51:43,429 [INFO] APIConnect.login_helper: Loaded mfInstruments.csv
2026-02-10 20:51:43,559 [INFO] APIConnect.APIConnect: OrderBook method is called.
2026-02-10 20:51:43,560 [DEBUG] APIConnect.APIConnect: OrderBook method is called for 'COMEQ' account type
2026-02-10 20:51:43,560 [DEBUG] APIConnect.http: Request to url: https://nc.nuvamawealth.com/edelmw-eq/eq/order/book/80218397/v1/
2026-02-10 20:51:43,566 [DEBUG] urllib3.connectionpool: Starting new HTTPS connection (1): nc.nuvamawealth.com:443
2026-02-10 20:51:43,743 [DEBUG] urllib3.connectionpool: https://nc.nuvamawealth.com:443 "GET /edelmw-eq/eq/order/book/80218397/v1/ HTTP/1.1" 200 None
2026-02-10 20:51:43,744 [DEBUG] APIConnect.APIConnect: Response for eq: {'appID': '41da4012486b1acb3578c60f7f4e248a', 'config': {'app': 1, 'exp': 1770681626404, 'info': 4}, 'data': {'type': 'orderBookResponse', 'ord': [{'stkPrc': '85100', 'dur': 'EOS', 'vlDt': 'NA', 'rcvTim': '15:25:31', 'rcvEpTim': '10/02/2026 15:25:31', 'sym': '827285_BFO', 'cpName': '', 'exit': 'false', 'syomID': '', 'exc': 'BFO', 'ntQty': '80', 'dpName': 'SENSEX', 'cancel': 'false', 'sipID': 'N', 'nstReqID': '1', 'ordTyp': 'LIMIT', 'opTyp': 'CE', 'trsTyp': 'BUY', 'srs': 'XX', 'prdCode': 'NRML', 'prdDp': 'NRML', 'ogt': '--', 'flQty': '80', 'trdSym': 'SENSEX2621285100CE', 'edit': 'false', 'asTyp': 'OPTIDX', 'trgPrc': '0.00', 'avgPrc': '40.00', 'dsQty': '0', 'ordID': '260210000176957', 'sts': 'complete', 'dpInsTyp': '', 'rjRsn': '', 'userID': '80218397', 'dpExpDt': "12 FEB'26", 'ltSz': '20', 'tkSz': '0.05', 'desc': '80 Bought @ &#8377 40.00', 'prc': '40.00', 'exONo': '1770710776038001013', 'exp': '12Feb2026', 'rcvDt': '10/02/2026', 'pdQty': '0', 'userCmnt': 'NA', 'rmk': 'NA', 'boSeqId': '', 'epochTim': '1770717331603384', 'ordTim': '10/02/2026 15:25:31', 'trgId': '', 'dpVal': 'SENSEX', 'ltp': '38.25', 'bsktOrdId': '', 'bsktEpch': '', 'sipNo': 'NA', 'chg': '-35.45', 'chgP': '-48.10', 'lqdRsn': ''}, {'stkPrc': '82000', 'dur': 'EOS', 'vlDt': 'NA', 'rcvTim': '12:28:59', 'rcvEpTim': '10/02/2026 12:28:59', 'sym': '837399_BFO', 'cpName': '', 'exit': 'false', 'syomID': '', 'exc': 'BFO', 'ntQty': '100', 'dpName': 'SENSEX', 'cancel': 'false', 'sipID': 'N', 'nstReqID': '2', 'ordTyp': 'LIMIT', 'opTyp': 'PE', 'trsTyp': 'SELL', 'srs': 'XX', 'prdCode': 'NRML', 'prdDp': 'NRML', 'ogt': '--', 'flQty': '100', 'trdSym': 'SENSEX2621982000PE', 'edit': 'false', 'asTyp': 'OPTIDX', 'trgPrc': '0.00', 'avgPrc': '70.00', 'dsQty': '0', 'ordID': '260210000141615', 'sts': 'complete', 'dpInsTyp': '', 'rjRsn': '', 'userID': '80218397', 'dpExpDt': "19 FEB'26", 'ltSz': '20', 'tkSz': '0.05', 'desc': '100 Sold @ &#8377 70.00', 'prc': '70.00', 'exONo': '1770704187275999081', 'exp': '19Feb2026', 'rcvDt': '10/02/2026', 'pdQty': '0', 'userCmnt': 'NA', 'rmk': 'NA', 'boSeqId': '', 'epochTim': '1770706739001585', 'ordTim': '10/02/2026 12:28:59', 'trgId': '', 'dpVal': 'SENSEX', 'ltp': '65.00', 'bsktOrdId': '', 'bsktEpch': '', 'sipNo': 'NA', 'chg': '-43.30', 'chgP': '-39.98', 'lqdRsn': ''}, {'stkPrc': '82300', 'dur': 'EOS', 'vlDt': 'NA', 'rcvTim': '10:19:18', 'rcvEpTim': '10/02/2026 10:19:18', 'sym': '831432_BFO', 'cpName': '', 'exit': 'false', 'syomID': '', 'exc': 'BFO', 'ntQty': '100', 'dpName': 'SENSEX', 'cancel': 'false', 'sipID': 'N', 'nstReqID': '1', 'ordTyp': 'LIMIT', 'opTyp': 'PE', 'trsTyp': 'BUY', 'srs': 'XX', 'prdCode': 'NRML', 'prdDp': 'NRML', 'ogt': '--', 'flQty': '100', 'trdSym': 'SENSEX2621282300PE', 'edit': 'false', 'asTyp': 'OPTIDX', 'trgPrc': '0.00', 'avgPrc': '30.00', 'dsQty': '0', 'ordID': '260210000084810', 'sts': 'complete', 'dpInsTyp': '', 'rjRsn': '', 'userID': '80218397', 'dpExpDt': "12 FEB'26", 'ltSz': '20', 'tkSz': '0.05', 'desc': '100 Bought @ &#8377 30.00', 'prc': '30.00', 'exONo': '1770698203774604332', 'exp': '12Feb2026', 'rcvDt': '10/02/2026', 'pdQty': '0', 'userCmnt': 'NA', 'rmk': 'NA', 'boSeqId': '', 'epochTim': '1770698958472301', 'ordTim': '10/02/2026 10:19:18', 'trgId': '', 'dpVal': 'SENSEX', 'ltp': '19.95', 'bsktOrdId': '', 'bsktEpch': '', 'sipNo': 'NA', 'chg': '-34.50', 'chgP': '-63.36', 'lqdRsn': ''}]}, 'msgID': '2fd52679-f176-4730-883e-46cfa52a61ac', 'srvTm': 1770736903681}
2026-02-10 20:51:43,744 [DEBUG] APIConnect.http: Request to url: https://nc.nuvamawealth.com/edelmw-comm/comm/orderbook/80218397?rTyp=COMFNO/
2026-02-10 20:51:43,866 [DEBUG] urllib3.connectionpool: https://nc.nuvamawealth.com:443 "GET /edelmw-comm/comm/orderbook/80218397?rTyp=COMFNO/ HTTP/1.1" 500 221
2026-02-10 20:51:43,867 [DEBUG] APIConnect.http: Error response: {"appID":"41da4012486b1acb3578c60f7f4e248a","config":{},"error":{"actCd":"50","errCd":"EGN0001","errMsg":"Something went wrong please try again later"},"msgID":"16561373-c08e-45fb-9204-ef9ac9a264d2","srvTm":1770736903789}
2026-02-10 20:51:43,867 [DEBUG] APIConnect.APIConnect: Response for comm: 
2026-02-10 20:55:48,022 [INFO] APIConnect.APIConnect: Logger initiated with default values.
2026-02-10 20:55:48,022 [INFO] constants.router: Router object is being created.
2026-02-10 20:55:48,022 [INFO] APIConnect.http: Http object is being created.
2026-02-10 20:55:48,022 [INFO] APIConnect.login_helper: LoginHelper object is being created.
2026-02-10 20:55:48,023 [INFO] APIConnect.APIConnect: User data file found, loading data.
2026-02-10 20:55:48,191 [INFO] feed.feed: Connection established with subscriber.
2026-02-10 20:55:49,417 [INFO] APIConnect.login_helper: Downloaded instruments.zip
2026-02-10 20:55:49,658 [INFO] APIConnect.login_helper: Downloaded mfInstruments.zip
2026-02-10 20:55:50,237 [INFO] APIConnect.login_helper: Extracted instruments.csv
2026-02-10 20:55:52,938 [INFO] APIConnect.login_helper: Loaded instruments.csv
2026-02-10 20:55:53,020 [INFO] APIConnect.login_helper: Extracted mfInstruments.csv
2026-02-10 20:55:53,178 [INFO] APIConnect.login_helper: Loaded mfInstruments.csv
2026-02-10 20:55:53,337 [INFO] APIConnect.APIConnect: PlaceTrade method is called.
2026-02-10 20:55:53,337 [DEBUG] APIConnect.APIConnect: PlaceTrade method is called with data: {'trdSym': 'SILVER', 'exc': 'MCX', 'action': 'BUY', 'dur': 'DAY', 'ordTyp': 'LIMIT', 'qty': '0', 'dscQty': '0', 'sym': 'SILVER', 'mktPro': '', 'lmPrc': '6000.0', 'trgPrc': '0', 'prdCode': 'CNC', 'posSqr': 'N', 'minQty': '0', 'ordSrc': 'API', 'vnCode': '', 'rmk': '', 'flQty': '0'}
2026-02-10 20:55:53,339 [DEBUG] urllib3.connectionpool: Starting new HTTPS connection (1): nc.nuvamawealth.com:443
2026-02-10 20:55:53,599 [DEBUG] urllib3.connectionpool: https://nc.nuvamawealth.com:443 "POST /edelmw-comm/comm/trade/placetrade/80218397/ HTTP/1.1" 500 221
2026-02-10 20:55:53,600 [DEBUG] APIConnect.http: Error response: {"appID":"41da4012486b1acb3578c60f7f4e248a","config":{},"error":{"actCd":"50","errCd":"EGN0001","errMsg":"Something went wrong please try again later"},"msgID":"15515afe-4543-43e0-bc5f-dd03dca0abe1","srvTm":1770737153518}
2026-02-10 20:55:53,600 [DEBUG] APIConnect.APIConnect: Response received for MCX/NCDEX: 
2026-02-10 20:56:07,509 [INFO] APIConnect.APIConnect: Logger initiated with default values.
2026-02-10 20:56:07,509 [INFO] constants.router: Router object is being created.
2026-02-10 20:56:07,510 [INFO] APIConnect.http: Http object is being created.
2026-02-10 20:56:07,510 [INFO] APIConnect.login_helper: LoginHelper object is being created.
2026-02-10 20:56:07,510 [INFO] APIConnect.APIConnect: User data file found, loading data.
2026-02-10 20:56:07,556 [INFO] feed.feed: Connection established with subscriber.
2026-02-10 20:56:08,452 [INFO] APIConnect.login_helper: Downloaded instruments.zip
2026-02-10 20:56:08,686 [INFO] APIConnect.login_helper: Downloaded mfInstruments.zip
2026-02-10 20:56:09,094 [INFO] APIConnect.login_helper: Extracted instruments.csv
2026-02-10 20:56:11,813 [INFO] APIConnect.login_helper: Loaded instruments.csv
2026-02-10 20:56:11,875 [INFO] APIConnect.login_helper: Extracted mfInstruments.csv
2026-02-10 20:56:12,047 [INFO] APIConnect.login_helper: Loaded mfInstruments.csv
2026-02-10 20:56:12,205 [INFO] APIConnect.APIConnect: PlaceTrade method is called.
2026-02-10 20:56:12,205 [DEBUG] APIConnect.APIConnect: PlaceTrade method is called with data: {'trdSym': 'SILVER', 'exc': 'MCX', 'action': 'BUY', 'dur': 'DAY', 'ordTyp': 'LIMIT', 'qty': '1', 'dscQty': '0', 'sym': 'SILVER', 'mktPro': '', 'lmPrc': '6000.0', 'trgPrc': '0', 'prdCode': 'CNC', 'posSqr': 'N', 'minQty': '0', 'ordSrc': 'API', 'vnCode': '', 'rmk': '', 'flQty': '0'}
2026-02-10 20:56:12,207 [DEBUG] urllib3.connectionpool: Starting new HTTPS connection (1): nc.nuvamawealth.com:443
2026-02-10 20:56:12,319 [DEBUG] urllib3.connectionpool: https://nc.nuvamawealth.com:443 "POST /edelmw-comm/comm/trade/placetrade/80218397/ HTTP/1.1" 500 221
2026-02-10 20:56:12,320 [DEBUG] APIConnect.http: Error response: {"appID":"41da4012486b1acb3578c60f7f4e248a","config":{},"error":{"actCd":"50","errCd":"EGN0001","errMsg":"Something went wrong please try again later"},"msgID":"09a424ad-3123-4373-9f7b-0d85c87c3706","srvTm":1770737172272}
2026-02-10 20:56:12,320 [DEBUG] APIConnect.APIConnect: Response received for MCX/NCDEX: 
2026-02-10 20:56:28,265 [INFO] APIConnect.APIConnect: Logger initiated with default values.
2026-02-10 20:56:28,266 [INFO] constants.router: Router object is being created.
2026-02-10 20:56:28,266 [INFO] APIConnect.http: Http object is being created.
2026-02-10 20:56:28,266 [INFO] APIConnect.login_helper: LoginHelper object is being created.
2026-02-10 20:56:28,266 [INFO] APIConnect.APIConnect: User data file found, loading data.
2026-02-10 20:56:28,379 [INFO] feed.feed: Connection established with subscriber.
2026-02-10 20:56:29,166 [INFO] APIConnect.login_helper: Downloaded instruments.zip
2026-02-10 20:56:29,379 [INFO] APIConnect.login_helper: Downloaded mfInstruments.zip
2026-02-10 20:56:30,036 [INFO] APIConnect.login_helper: Extracted instruments.csv
2026-02-10 20:56:32,732 [INFO] APIConnect.login_helper: Loaded instruments.csv
2026-02-10 20:56:32,789 [INFO] APIConnect.login_helper: Extracted mfInstruments.csv
2026-02-10 20:56:33,003 [INFO] APIConnect.login_helper: Loaded mfInstruments.csv
2026-02-10 20:56:33,185 [INFO] APIConnect.APIConnect: OrderBook method is called.
2026-02-10 20:56:33,185 [DEBUG] APIConnect.APIConnect: OrderBook method is called for 'COMEQ' account type
2026-02-10 20:56:33,185 [DEBUG] APIConnect.http: Request to url: https://nc.nuvamawealth.com/edelmw-eq/eq/order/book/80218397/v1/
2026-02-10 20:56:33,187 [DEBUG] urllib3.connectionpool: Starting new HTTPS connection (1): nc.nuvamawealth.com:443
2026-02-10 20:56:33,388 [DEBUG] urllib3.connectionpool: https://nc.nuvamawealth.com:443 "GET /edelmw-eq/eq/order/book/80218397/v1/ HTTP/1.1" 200 None
2026-02-10 20:56:33,389 [DEBUG] APIConnect.APIConnect: Response for eq: {'appID': '41da4012486b1acb3578c60f7f4e248a', 'config': {'app': 1, 'exp': 1770681626404, 'info': 4}, 'data': {'type': 'orderBookResponse', 'ord': [{'stkPrc': '85100', 'dur': 'EOS', 'vlDt': 'NA', 'rcvTim': '15:25:31', 'rcvEpTim': '10/02/2026 15:25:31', 'sym': '827285_BFO', 'cpName': '', 'exit': 'false', 'syomID': '', 'exc': 'BFO', 'ntQty': '80', 'dpName': 'SENSEX', 'cancel': 'false', 'sipID': 'N', 'nstReqID': '1', 'ordTyp': 'LIMIT', 'opTyp': 'CE', 'trsTyp': 'BUY', 'srs': 'XX', 'prdCode': 'NRML', 'prdDp': 'NRML', 'ogt': '--', 'flQty': '80', 'trdSym': 'SENSEX2621285100CE', 'edit': 'false', 'asTyp': 'OPTIDX', 'trgPrc': '0.00', 'avgPrc': '40.00', 'dsQty': '0', 'ordID': '260210000176957', 'sts': 'complete', 'dpInsTyp': '', 'rjRsn': '', 'userID': '80218397', 'dpExpDt': "12 FEB'26", 'ltSz': '20', 'tkSz': '0.05', 'desc': '80 Bought @ &#8377 40.00', 'prc': '40.00', 'exONo': '1770710776038001013', 'exp': '12Feb2026', 'rcvDt': '10/02/2026', 'pdQty': '0', 'userCmnt': 'NA', 'rmk': 'NA', 'boSeqId': '', 'epochTim': '1770717331603384', 'ordTim': '10/02/2026 15:25:31', 'trgId': '', 'dpVal': 'SENSEX', 'ltp': '38.25', 'bsktOrdId': '', 'bsktEpch': '', 'sipNo': 'NA', 'chg': '-35.45', 'chgP': '-48.10', 'lqdRsn': ''}, {'stkPrc': '82000', 'dur': 'EOS', 'vlDt': 'NA', 'rcvTim': '12:28:59', 'rcvEpTim': '10/02/2026 12:28:59', 'sym': '837399_BFO', 'cpName': '', 'exit': 'false', 'syomID': '', 'exc': 'BFO', 'ntQty': '100', 'dpName': 'SENSEX', 'cancel': 'false', 'sipID': 'N', 'nstReqID': '2', 'ordTyp': 'LIMIT', 'opTyp': 'PE', 'trsTyp': 'SELL', 'srs': 'XX', 'prdCode': 'NRML', 'prdDp': 'NRML', 'ogt': '--', 'flQty': '100', 'trdSym': 'SENSEX2621982000PE', 'edit': 'false', 'asTyp': 'OPTIDX', 'trgPrc': '0.00', 'avgPrc': '70.00', 'dsQty': '0', 'ordID': '260210000141615', 'sts': 'complete', 'dpInsTyp': '', 'rjRsn': '', 'userID': '80218397', 'dpExpDt': "19 FEB'26", 'ltSz': '20', 'tkSz': '0.05', 'desc': '100 Sold @ &#8377 70.00', 'prc': '70.00', 'exONo': '1770704187275999081', 'exp': '19Feb2026', 'rcvDt': '10/02/2026', 'pdQty': '0', 'userCmnt': 'NA', 'rmk': 'NA', 'boSeqId': '', 'epochTim': '1770706739001585', 'ordTim': '10/02/2026 12:28:59', 'trgId': '', 'dpVal': 'SENSEX', 'ltp': '65.00', 'bsktOrdId': '', 'bsktEpch': '', 'sipNo': 'NA', 'chg': '-43.30', 'chgP': '-39.98', 'lqdRsn': ''}, {'stkPrc': '82300', 'dur': 'EOS', 'vlDt': 'NA', 'rcvTim': '10:19:18', 'rcvEpTim': '10/02/2026 10:19:18', 'sym': '831432_BFO', 'cpName': '', 'exit': 'false', 'syomID': '', 'exc': 'BFO', 'ntQty': '100', 'dpName': 'SENSEX', 'cancel': 'false', 'sipID': 'N', 'nstReqID': '1', 'ordTyp': 'LIMIT', 'opTyp': 'PE', 'trsTyp': 'BUY', 'srs': 'XX', 'prdCode': 'NRML', 'prdDp': 'NRML', 'ogt': '--', 'flQty': '100', 'trdSym': 'SENSEX2621282300PE', 'edit': 'false', 'asTyp': 'OPTIDX', 'trgPrc': '0.00', 'avgPrc': '30.00', 'dsQty': '0', 'ordID': '260210000084810', 'sts': 'complete', 'dpInsTyp': '', 'rjRsn': '', 'userID': '80218397', 'dpExpDt': "12 FEB'26", 'ltSz': '20', 'tkSz': '0.05', 'desc': '100 Bought @ &#8377 30.00', 'prc': '30.00', 'exONo': '1770698203774604332', 'exp': '12Feb2026', 'rcvDt': '10/02/2026', 'pdQty': '0', 'userCmnt': 'NA', 'rmk': 'NA', 'boSeqId': '', 'epochTim': '1770698958472301', 'ordTim': '10/02/2026 10:19:18', 'trgId': '', 'dpVal': 'SENSEX', 'ltp': '19.95', 'bsktOrdId': '', 'bsktEpch': '', 'sipNo': 'NA', 'chg': '-34.50', 'chgP': '-63.36', 'lqdRsn': ''}]}, 'msgID': '824a5595-0e71-4c77-8c99-59a490f0c7ce', 'srvTm': 1770737193308}
2026-02-10 20:56:33,390 [DEBUG] APIConnect.http: Request to url: https://nc.nuvamawealth.com/edelmw-comm/comm/orderbook/80218397?rTyp=COMFNO/
2026-02-10 20:57:00,508 [DEBUG] urllib3.connectionpool: https://nc.nuvamawealth.com:443 "GET /edelmw-comm/comm/orderbook/80218397?rTyp=COMFNO/ HTTP/1.1" 504 92
2026-02-10 20:57:00,512 [DEBUG] APIConnect.http: Error response: <html><body><h1>504 Gateway Time-out</h1>
The server didn't respond in time.
</body></html>

2026-02-10 20:57:00,513 [DEBUG] APIConnect.APIConnect: Response for comm: 
2026-02-11 14:47:14,628 [INFO] APIConnect.APIConnect: Logger initiated with default values.
2026-02-11 14:47:14,628 [INFO] constants.router: Router object is being created.
2026-02-11 14:47:14,629 [INFO] APIConnect.http: Http object is being created.
2026-02-11 14:47:14,629 [INFO] APIConnect.login_helper: LoginHelper object is being created.
2026-02-11 14:47:14,631 [INFO] APIConnect.APIConnect: User data file found, loading data.
2026-02-11 14:47:14,981 [INFO] feed.feed: Connection established with subscriber.
2026-02-11 14:47:16,551 [INFO] APIConnect.login_helper: Downloaded instruments.zip
2026-02-11 14:47:16,670 [INFO] APIConnect.login_helper: Downloaded mfInstruments.zip
2026-02-11 14:47:16,852 [INFO] APIConnect.login_helper: Extracted instruments.csv
2026-02-11 14:47:18,348 [INFO] APIConnect.login_helper: Loaded instruments.csv
2026-02-11 14:47:18,393 [INFO] APIConnect.login_helper: Extracted mfInstruments.csv
2026-02-11 14:47:18,529 [INFO] APIConnect.login_helper: Loaded mfInstruments.csv
2026-02-11 14:49:28,993 [INFO] APIConnect.APIConnect: Logger initiated with default values.
2026-02-11 14:49:28,993 [INFO] constants.router: Router object is being created.
2026-02-11 14:49:28,993 [INFO] APIConnect.http: Http object is being created.
2026-02-11 14:49:28,994 [INFO] APIConnect.login_helper: LoginHelper object is being created.
2026-02-11 14:49:28,994 [INFO] APIConnect.APIConnect: User data file found, loading data.
2026-02-11 14:49:29,104 [INFO] feed.feed: Connection established with subscriber.
2026-02-11 14:49:31,641 [INFO] APIConnect.login_helper: Downloaded instruments.zip
2026-02-11 14:49:32,521 [INFO] APIConnect.login_helper: Downloaded mfInstruments.zip
2026-02-11 14:49:32,694 [INFO] APIConnect.login_helper: Extracted instruments.csv
2026-02-11 14:49:34,419 [INFO] APIConnect.login_helper: Loaded instruments.csv
2026-02-11 14:49:34,508 [INFO] APIConnect.login_helper: Extracted mfInstruments.csv
2026-02-11 14:49:34,812 [INFO] APIConnect.login_helper: Loaded mfInstruments.csv
2026-02-11 14:49:35,101 [INFO] APIConnect.APIConnect: OrderBook method is called.
2026-02-11 14:49:35,102 [DEBUG] APIConnect.APIConnect: OrderBook method is called for 'COMEQ' account type
2026-02-11 14:49:35,102 [DEBUG] APIConnect.http: Request to url: https://nc.nuvamawealth.com/edelmw-eq/eq/order/book/80218397/v1/
2026-02-11 14:49:35,120 [DEBUG] urllib3.connectionpool: Starting new HTTPS connection (1): nc.nuvamawealth.com:443
2026-02-11 14:49:35,837 [DEBUG] urllib3.connectionpool: https://nc.nuvamawealth.com:443 "GET /edelmw-eq/eq/order/book/80218397/v1/ HTTP/1.1" 401 193
2026-02-11 14:49:40,805 [INFO] APIConnect.APIConnect: Logger initiated with default values.
2026-02-11 14:49:40,805 [INFO] constants.router: Router object is being created.
2026-02-11 14:49:40,805 [INFO] APIConnect.http: Http object is being created.
2026-02-11 14:49:40,805 [INFO] APIConnect.login_helper: LoginHelper object is being created.
2026-02-11 14:49:40,810 [DEBUG] urllib3.connectionpool: Starting new HTTPS connection (1): nc.nuvamawealth.com:443
2026-02-11 14:49:41,691 [DEBUG] urllib3.connectionpool: https://nc.nuvamawealth.com:443 "POST /edelmw-login/login/accounts/loginvendor/CqaYbN86EaiTyA/ HTTP/1.1" 200 None
2026-02-11 14:49:41,692 [INFO] APIConnect.login_helper: User logged in successfully.
2026-02-11 14:49:41,693 [INFO] APIConnect.login_helper: Vendor session generated.
2026-02-11 14:49:41,944 [DEBUG] urllib3.connectionpool: https://nc.nuvamawealth.com:443 "POST /edelmw-login/login/accounts/logindata/ HTTP/1.1" 200 None
2026-02-11 14:49:41,948 [DEBUG] APIConnect.login_helper: Login details are pickled in file.
2026-02-11 14:49:41,948 [INFO] APIConnect.login_helper: Authorization done succesfully.
2026-02-11 14:49:42,000 [INFO] feed.feed: Connection established with subscriber.
2026-02-11 14:49:43,810 [INFO] APIConnect.login_helper: Downloaded instruments.zip
2026-02-11 14:49:44,932 [INFO] APIConnect.login_helper: Downloaded mfInstruments.zip
2026-02-11 14:49:45,230 [INFO] APIConnect.login_helper: Extracted instruments.csv
2026-02-11 14:49:46,463 [INFO] APIConnect.login_helper: Loaded instruments.csv
2026-02-11 14:49:46,517 [INFO] APIConnect.login_helper: Extracted mfInstruments.csv
2026-02-11 14:49:46,643 [INFO] APIConnect.login_helper: Loaded mfInstruments.csv
2026-02-11 14:49:46,723 [INFO] APIConnect.APIConnect: OrderBook method is called.
2026-02-11 14:49:46,723 [DEBUG] APIConnect.APIConnect: OrderBook method is called for 'COMEQ' account type
2026-02-11 14:49:46,723 [DEBUG] APIConnect.http: Request to url: https://nc.nuvamawealth.com/edelmw-eq/eq/order/book/80218397/v1/
2026-02-11 14:49:46,970 [DEBUG] urllib3.connectionpool: https://nc.nuvamawealth.com:443 "GET /edelmw-eq/eq/order/book/80218397/v1/ HTTP/1.1" 200 None
2026-02-11 14:49:46,971 [DEBUG] APIConnect.APIConnect: Response for eq: {'appID': '41da4012486b1acb3578c60f7f4e248a', 'config': {'app': 1, 'exp': 1770768020608, 'info': 4}, 'data': {'type': 'orderBookResponse', 'ord': [{'stkPrc': '80000', 'dur': 'EOS', 'vlDt': 'NA', 'rcvTim': '11:24:00', 'rcvEpTim': '11/02/2026 11:24:00', 'sym': '831429_BFO', 'cpName': '', 'exit': 'false', 'syomID': '', 'exc': 'BFO', 'ntQty': '20', 'dpName': 'SENSEX', 'cancel': 'false', 'sipID': 'N', 'nstReqID': '1', 'ordTyp': 'LIMIT', 'opTyp': 'PE', 'trsTyp': 'SELL', 'srs': 'XX', 'prdCode': 'NRML', 'prdDp': 'NRML', 'ogt': '--', 'flQty': '20', 'trdSym': 'SENSEX2621280000PE', 'edit': 'false', 'asTyp': 'OPTIDX', 'trgPrc': '0.00', 'avgPrc': '3.90', 'dsQty': '0', 'ordID': '260211000104601', 'sts': 'complete', 'dpInsTyp': '', 'rjRsn': '', 'userID': '80218397', 'dpExpDt': "12 FEB'26", 'ltSz': '20', 'tkSz': '0.05', 'desc': '20 Sold @ &#8377 3.90', 'prc': '3.90', 'exONo': '1770788685913124402', 'exp': '12Feb2026', 'rcvDt': '11/02/2026', 'pdQty': '0', 'userCmnt': 'NA', 'rmk': 'NA', 'boSeqId': '', 'epochTim': '1770789240427671', 'ordTim': '11/02/2026 11:24:00', 'trgId': '', 'dpVal': 'SENSEX', 'ltp': '4.35', 'bsktOrdId': '', 'bsktEpch': '', 'sipNo': 'NA', 'chg': '-2.40', 'chgP': '-35.56', 'lqdRsn': ''}, {'stkPrc': '82000', 'dur': 'EOS', 'vlDt': 'NA', 'rcvTim': '11:23:36', 'rcvEpTim': '11/02/2026 11:23:36', 'sym': '837399_BFO', 'cpName': '', 'exit': 'false', 'syomID': '', 'exc': 'BFO', 'ntQty': '100', 'dpName': 'SENSEX', 'cancel': 'false', 'sipID': 'N', 'nstReqID': '1', 'ordTyp': 'LIMIT', 'opTyp': 'PE', 'trsTyp': 'BUY', 'srs': 'XX', 'prdCode': 'NRML', 'prdDp': 'NRML', 'ogt': '--', 'flQty': '100', 'trdSym': 'SENSEX2621982000PE', 'edit': 'false', 'asTyp': 'OPTIDX', 'trgPrc': '0.00', 'avgPrc': '43.00', 'dsQty': '0', 'ordID': '260211000104652', 'sts': 'complete', 'dpInsTyp': '', 'rjRsn': '', 'userID': '80218397', 'dpExpDt': "19 FEB'26", 'ltSz': '20', 'tkSz': '0.05', 'desc': '100 Bought @ &#8377 43.00', 'prc': '43.00', 'exONo': '1770788906142101891', 'exp': '19Feb2026', 'rcvDt': '11/02/2026', 'pdQty': '0', 'userCmnt': 'NA', 'rmk': 'NA', 'boSeqId': '', 'epochTim': '1770789216449363', 'ordTim': '11/02/2026 11:23:36', 'trgId': '', 'dpVal': 'SENSEX', 'ltp': '44.45', 'bsktOrdId': '', 'bsktEpch': '', 'sipNo': 'NA', 'chg': '-17.75', 'chgP': '-28.54', 'lqdRsn': ''}]}, 'msgID': 'dabe7c75-712b-488c-aa1e-25fdbc90ddd4', 'srvTm': 1770801588361}
2026-02-11 14:49:46,971 [DEBUG] APIConnect.http: Request to url: https://nc.nuvamawealth.com/edelmw-comm/comm/orderbook/80218397?rTyp=COMFNO/
2026-02-11 14:50:14,572 [DEBUG] urllib3.connectionpool: https://nc.nuvamawealth.com:443 "GET /edelmw-comm/comm/orderbook/80218397?rTyp=COMFNO/ HTTP/1.1" 504 92
2026-02-11 14:50:14,573 [DEBUG] APIConnect.http: Error response: <html><body><h1>504 Gateway Time-out</h1>
The server didn't respond in time.
</body></html>

2026-02-11 14:50:14,574 [DEBUG] APIConnect.APIConnect: Response for comm: 
2026-02-11 14:51:45,882 [INFO] APIConnect.APIConnect: Logger initiated with default values.
2026-02-11 14:51:45,882 [INFO] constants.router: Router object is being created.
2026-02-11 14:51:45,883 [INFO] APIConnect.http: Http object is being created.
2026-02-11 14:51:45,883 [INFO] APIConnect.login_helper: LoginHelper object is being created.
2026-02-11 14:51:45,883 [INFO] APIConnect.APIConnect: User data file found, loading data.
2026-02-11 14:51:46,193 [INFO] feed.feed: Connection established with subscriber.
2026-02-11 14:51:46,993 [INFO] APIConnect.login_helper: Downloaded instruments.zip
2026-02-11 14:51:47,208 [INFO] APIConnect.login_helper: Downloaded mfInstruments.zip
2026-02-11 14:51:47,648 [INFO] APIConnect.login_helper: Extracted instruments.csv
2026-02-11 14:51:50,211 [INFO] APIConnect.login_helper: Loaded instruments.csv
2026-02-11 14:51:50,261 [INFO] APIConnect.login_helper: Extracted mfInstruments.csv
2026-02-11 14:51:50,354 [INFO] APIConnect.login_helper: Loaded mfInstruments.csv
2026-02-11 14:51:50,434 [INFO] APIConnect.APIConnect: PlaceTrade method is called.
2026-02-11 14:51:50,434 [DEBUG] APIConnect.APIConnect: PlaceTrade method is called with data: {'trdSym': 'YESBANK', 'exc': 'NSE', 'action': 'BUY', 'dur': 'DAY', 'ordTyp': 'LIMIT', 'qty': '1', 'dscQty': '0', 'sym': 'YESBANK', 'mktPro': '', 'lmPrc': '10.0', 'trgPrc': '0', 'prdCode': 'CNC', 'posSqr': 'N', 'minQty': '0', 'ordSrc': 'API', 'vnCode': '', 'rmk': '', 'flQty': '0'}
2026-02-11 14:51:50,435 [DEBUG] urllib3.connectionpool: Starting new HTTPS connection (1): nc.nuvamawealth.com:443
2026-02-11 14:51:50,575 [DEBUG] urllib3.connectionpool: https://nc.nuvamawealth.com:443 "POST /edelmw-eq/eq/trade/placetrade/80218397/ HTTP/1.1" 500 241
2026-02-11 14:51:50,575 [DEBUG] APIConnect.http: Error response: {"appID":"41da4012486b1acb3578c60f7f4e248a","config":{},"error":{"actCd":"54","errCd":"EOMN0001","errMsg":"Error occurred : Trading Symbol Doesn't exist for the exchange"},"msgID":"2d9f1d30-a074-4832-a256-f633adead1c4","srvTm":1770801712066}
2026-02-11 14:51:50,576 [DEBUG] APIConnect.APIConnect: Response received: 
